letter,finger_thumb,finger_index,finger_middle,finger_ring,finger_pinky,angle_thumb_index,angle_index_middle,angle_middle_ring,angle_ring_pinky,dist_palm_thumb,dist_palm_index,dist_palm_middle,dist_palm_ring,dist_palm_pinky,dist_thumb_index,dist_thumb_middle,palm_orientation,index_middle_sep,thumb_cover_norm,four_fingers_up,thumb_between,extended_count_norm,finger_spread,palm_aspect,fist_compactness
A,1.0,0.0,0.0,0.0,0.0,0.37830889225006104,0.3748093545436859,0.5614901185035706,0.49313828349113464,1.385565996170044,0.8266112208366394,0.7553135752677917,0.6555641293525696,0.6398786306381226,0.559078574180603,0.659196674823761,-0.4658489525318146,0.046352189034223557,0.0,0.0,0.38935765624046326,0.20000000298023224,0.47016018629074097,0.615983784198761,0.7193418741226196
A,1.0,0.0,0.0,0.0,0.0,0.37637171149253845,0.3740273416042328,0.5629882216453552,0.4951125979423523,1.387068748474121,0.8322708606719971,0.7575050592422485,0.6545667052268982,0.6382264494895935,0.5548543334007263,0.6590662598609924,-0.46433737874031067,0.04905818775296211,0.0,0.0,0.3837226331233978,0.20000000298023224,0.4697062075138092,0.6168718934059143,0.7206422686576843
A,1.0,0.0,0.0,0.0,0.0,0.3776203989982605,0.3764927387237549,0.5593960881233215,0.4908561408519745,1.39231538772583,0.8352457284927368,0.7645002603530884,0.6645557880401611,0.6422334313392639,0.5570827722549438,0.6600685119628906,-0.4673061668872833,0.054929979145526886,0.0,0.0,0.37687236070632935,0.20000000298023224,0.474025696516037,0.6216967105865479,0.7266337871551514
A,1.0,0.0,0.0,0.0,0.0,0.3757915496826172,0.3734612464904785,0.5627933144569397,0.4948934316635132,1.3861838579177856,0.8248603940010071,0.7566120624542236,0.6587322950363159,0.6360207200050354,0.5613780617713928,0.6597595810890198,-0.46602320671081543,0.05047733709216118,0.0,0.0,0.3700788617134094,0.20000000298023224,0.4703369438648224,0.6121711730957031,0.7190563678741455
A,1.0,0.0,0.0,0.0,0.0,0.3760654330253601,0.3749571442604065,0.5599596500396729,0.4919086992740631,1.3962159156799316,0.8418141603469849,0.7691901922225952,0.6705605983734131,0.6487718820571899,0.5544145703315735,0.6606034636497498,-0.4646422863006592,0.044027652591466904,0.0,0.0,0.3731118440628052,0.20000000298023224,0.4728003144264221,0.622399091720581,0.7325841784477234
A,1.0,0.0,0.0,0.0,0.0,0.3746820092201233,0.37219855189323425,0.5641018152236938,0.4964658319950104,1.391126036643982,0.8341038227081299,0.7592234015464783,0.6578337550163269,0.6398758888244629,0.5570856332778931,0.6619998812675476,-0.46284398436546326,0.048539869487285614,0.0,0.0,0.37766990065574646,0.20000000298023224,0.4715563654899597,0.6180566549301147,0.7227592468261719
A,1.0,0.0,0.0,0.0,0.0,0.3749120533466339,0.37539947032928467,0.5625692009925842,0.49515190720558167,1.3932445049285889,0.8388679027557373,0.7656451463699341,0.6616652011871338,0.6417086124420166,0.5543791055679321,0.6594690084457397,-0.46558231115341187,0.050981804728507996,0.0,0.0,0.3588887155056,0.20000000298023224,0.4724135398864746,0.6157501935958862,0.7269717454910278
A,1.0,0.0,0.0,0.0,0.0,0.382576584815979,0.3781799077987671,0.5579484105110168,0.4889294505119324,1.4111385345458984,0.8422463536262512,0.7654712796211243,0.658765971660614,0.6475018858909607,0.5690914988517761,0.6741570234298706,-0.4698045551776886,0.04387393593788147,0.0,0.0,0.3826628029346466,0.20000000298023224,0.4821173846721649,0.6311674118041992,0.7284963726997375
A,1.0,0.0,0.0,0.0,0.0,0.3829948604106903,0.3784213960170746,0.5582147240638733,0.48920953273773193,1.4226040840148926,0.8371071219444275,0.7618746161460876,0.6559045314788818,0.6441482901573181,0.5857068300247192,0.6880632638931274,-0.46915313601493835,0.05154457688331604,0.0,0.0,0.38493403792381287,0.20000000298023224,0.4855053126811981,0.6354073882102966,0.7247586250305176
A,1.0,0.0,0.0,0.0,0.0,0.3813556730747223,0.37976351380348206,0.5584375858306885,0.4909919202327728,1.4190819263458252,0.8419617414474487,0.7678571939468384,0.6606540083885193,0.6469331383705139,0.577146053314209,0.6804121136665344,-0.4690513014793396,0.055308613926172256,0.0,0.0,0.3732565939426422,0.20000000298023224,0.48151329159736633,0.6294271349906921,0.7293515205383301
A,1.0,0.0,0.0,0.0,0.0,0.3813144266605377,0.3800741732120514,0.5574869513511658,0.4889548420906067,1.4172405004501343,0.8403427600860596,0.7691579461097717,0.6634663343429565,0.6480863094329834,0.5769134163856506,0.678366482257843,-0.4696139395236969,0.05855260416865349,0.0,0.0,0.3733198344707489,0.20000000298023224,0.4814920127391815,0.6325292587280273,0.730263352394104
A,1.0,0.0,0.0,0.0,0.0,0.3812306821346283,0.3774917721748352,0.5604360699653625,0.4917120933532715,1.4229711294174194,0.8413655757904053,0.7620608806610107,0.6557890772819519,0.6431939005851746,0.5817474722862244,0.687836229801178,-0.4686583876609802,0.052868276834487915,0.0,0.0,0.3732224702835083,0.20000000298023224,0.4850929081439972,0.6314953565597534,0.7256023287773132
A,1.0,0.0,0.0,0.0,0.0,0.38321855664253235,0.3783300518989563,0.5588252544403076,0.488675981760025,1.4237022399902344,0.8394060730934143,0.7589714527130127,0.6543871760368347,0.6428754329681396,0.5845372676849365,0.6910786032676697,-0.46907469630241394,0.05141609534621239,0.0,0.0,0.3871413469314575,0.20000000298023224,0.4872691035270691,0.6382884383201599,0.7239100337028503
A,1.0,0.0,0.0,0.0,0.0,0.38170117139816284,0.37827134132385254,0.5589965581893921,0.49019891023635864,1.4256300926208496,0.8485274314880371,0.76718670129776,0.660987377166748,0.6458346843719482,0.5772242546081543,0.6865858435630798,-0.468126505613327,0.051856089383363724,0.0,0.0,0.3796352744102478,0.20000000298023224,0.4864083528518677,0.6365728378295898,0.7306340336799622
A,1.0,0.0,0.0,0.0,0.0,0.3835078775882721,0.3811545968055725,0.5554754137992859,0.48599526286125183,1.420088291168213,0.8469381928443909,0.7709621787071228,0.6662529706954956,0.6475706696510315,0.573207437992096,0.6793167591094971,-0.4706021547317505,0.054406460374593735,0.0,0.0,0.38420960307121277,0.20000000298023224,0.48480403423309326,0.639146089553833,0.7329310178756714
A,1.0,0.0,0.0,0.0,0.0,0.38159888982772827,0.37932416796684265,0.5579593181610107,0.4868070185184479,1.4211106300354004,0.845803439617157,0.767924964427948,0.6643874645233154,0.6475827693939209,0.5753605961799622,0.6825550198554993,-0.47001704573631287,0.0586869940161705,0.0,0.0,0.3739252984523773,0.20000000298023224,0.48734647035598755,0.638637125492096,0.7314246892929077
A,1.0,0.0,0.0,0.0,0.0,0.3814944326877594,0.3806481957435608,0.5572116374969482,0.4886329174041748,1.4062893390655518,0.8428982496261597,0.767271101474762,0.6618399024009705,0.6426198482513428,0.5633985996246338,0.6694997549057007,-0.4709608852863312,0.058901701122522354,0.0,0.0,0.3758791387081146,0.20000000298023224,0.4780052900314331,0.6294316053390503,0.7286572456359863
A,1.0,0.0,0.0,0.0,0.0,0.3820767104625702,0.3795980215072632,0.557172954082489,0.4875410795211792,1.4190431833267212,0.8472760915756226,0.7646563649177551,0.6617923974990845,0.6432587504386902,0.5718308687210083,0.6838319301605225,-0.4695170819759369,0.05272190645337105,0.0,0.0,0.38068100810050964,0.20000000298023224,0.48609182238578796,0.6395421028137207,0.7292459011077881
A,1.0,0.0,0.0,0.0,0.0,0.3823825418949127,0.3799118399620056,0.5569953918457031,0.48587489128112793,1.4126805067062378,0.8410781025886536,0.7580243945121765,0.6565922498703003,0.6384791135787964,0.5716650485992432,0.6835920810699463,-0.4707035422325134,0.05365854874253273,0.0,0.0,0.3808651566505432,0.20000000298023224,0.4864104092121124,0.6390209794044495,0.7235434651374817
A,1.0,0.0,0.0,0.0,0.0,0.3801825940608978,0.376435786485672,0.560028076171875,0.4892313778400421,1.4015631675720215,0.830907940864563,0.7455732226371765,0.6427423357963562,0.627715528011322,0.5707966685295105,0.6834344267845154,-0.46977826952934265,0.04767923429608345,0.0,0.0,0.37445080280303955,0.20000000298023224,0.483627051115036,0.6341505646705627,0.7117347717285156
A,1.0,0.0,0.0,0.0,0.0,0.38095247745513916,0.3769608736038208,0.5587732195854187,0.48855605721473694,1.4206883907318115,0.846568763256073,0.7642859816551208,0.6600522398948669,0.6443805694580078,0.5742843151092529,0.6853327751159668,-0.46875062584877014,0.051467347890138626,0.0,0.0,0.37692970037460327,0.20000000298023224,0.4884868860244751,0.6415532827377319,0.728821873664856
A,1.0,0.0,0.0,0.0,0.0,0.38182124495506287,0.38129472732543945,0.5561217665672302,0.48545315861701965,1.4005584716796875,0.8383623361587524,0.7558996677398682,0.6544139981269836,0.6349090933799744,0.562199056148529,0.675053060054779,-0.47363975644111633,0.05235178768634796,0.0,0.0,0.36516377329826355,0.20000000298023224,0.48088404536247253,0.6331666111946106,0.7208962440490723
A,1.0,0.0,0.0,0.0,0.0,0.38170158863067627,0.3784066140651703,0.5588805675506592,0.48812565207481384,1.415382742881775,0.8421558141708374,0.7580399513244629,0.655420184135437,0.6364632248878479,0.5733383893966675,0.6851104497909546,-0.470493882894516,0.0504051111638546,0.0,0.0,0.3727029860019684,0.20000000298023224,0.4859846532344818,0.6363025903701782,0.7230197787284851
A,1.0,0.0,0.0,0.0,0.0,0.38051968812942505,0.37812817096710205,0.5590311288833618,0.4897237718105316,1.3989280462265015,0.836966872215271,0.7543588876724243,0.6482601761817932,0.6302584409713745,0.5620200037956238,0.6733601689338684,-0.46988096833229065,0.050180573016405106,0.0,0.0,0.37784919142723083,0.20000000298023224,0.4794929623603821,0.6308953762054443,0.717461109161377
A,1.0,0.0,0.0,0.0,0.0,0.3813498914241791,0.3788908123970032,0.5575375556945801,0.48787227272987366,1.4144008159637451,0.8441833853721619,0.7634615898132324,0.6599026918411255,0.6396067142486572,0.5702799558639526,0.680737316608429,-0.46951767802238464,0.055493034422397614,0.0,0.0,0.3801373541355133,0.20000000298023224,0.4853374660015106,0.640864372253418,0.7267885804176331
A,1.0,0.0,0.0,0.0,0.0,0.38190585374832153,0.3787303566932678,0.5578855872154236,0.48798027634620667,1.407678246498108,0.837252676486969,0.7538503408432007,0.6529728174209595,0.6330609917640686,0.5705283880233765,0.682161808013916,-0.4711156189441681,0.04885682836174965,0.0,0.0,0.37580639123916626,0.20000000298023224,0.4829173684120178,0.6342666149139404,0.719284176826477
A,1.0,0.0,0.0,0.0,0.0,0.3816710412502289,0.37898221611976624,0.5579212307929993,0.4875442683696747,1.4051486253738403,0.8373780846595764,0.7542451024055481,0.6491264700889587,0.632926344871521,0.5678445100784302,0.6795077323913574,-0.4713033139705658,0.052351631224155426,0.0,0.0,0.3763234317302704,0.20000000298023224,0.4832662045955658,0.6382705569267273,0.7184190154075623
A,1.0,0.0,0.0,0.0,0.0,0.38156619668006897,0.3777419328689575,0.5593716502189636,0.48884326219558716,1.403705358505249,0.8350169062614441,0.7494156360626221,0.6441274285316467,0.6304062008857727,0.5688372254371643,0.6813286542892456,-0.4702428877353668,0.05090902000665665,0.0,0.0,0.3823709785938263,0.20000000298023224,0.4833828806877136,0.6373364329338074,0.7147415280342102
A,1.0,0.0,0.0,0.0,0.0,0.38141992688179016,0.3784244954586029,0.5586418509483337,0.4890473783016205,1.4063242673873901,0.8398642539978027,0.7574373483657837,0.6511433720588684,0.6350751519203186,0.5665523409843445,0.6772829294204712,-0.4704243838787079,0.052060674875974655,0.0,0.0,0.3782207667827606,0.20000000298023224,0.4819387197494507,0.6333151459693909,0.7208800315856934
A,1.0,0.0,0.0,0.0,0.0,0.3805866539478302,0.3786466121673584,0.5587693452835083,0.48912540078163147,1.4078361988067627,0.842350959777832,0.7610521912574768,0.6591100096702576,0.6397917866706848,0.565524160861969,0.6760935187339783,-0.46969372034072876,0.053117088973522186,0.0,0.0,0.3742397725582123,0.20000000298023224,0.48153215646743774,0.6311329007148743,0.7255762219429016
A,1.0,0.0,0.0,0.0,0.0,0.3812726140022278,0.38010716438293457,0.555271565914154,0.48386645317077637,1.398845911026001,0.8387444615364075,0.7532740831375122,0.6503710150718689,0.6288291215896606,0.5601155161857605,0.6771267056465149,-0.4719384014606476,0.04768581688404083,0.0,0.0,0.37387827038764954,0.20000000298023224,0.4856087565422058,0.6423675417900085,0.7178046703338623
A,1.0,0.0,0.0,0.0,0.0,0.38034528493881226,0.37626567482948303,0.5597130656242371,0.4901207983493805,1.3950525522232056,0.8287945985794067,0.7481258511543274,0.6461480259895325,0.6285843849182129,0.566425621509552,0.6748445630073547,-0.4695473909378052,0.047357141971588135,0.0,0.0,0.38105177879333496,0.20000000298023224,0.4789036810398102,0.6302420496940613,0.7129132151603699
A,1.0,0.0,0.0,0.0,0.0,0.3827778697013855,0.38090696930885315,0.5553069114685059,0.4840056002140045,1.4173457622528076,0.8446849584579468,0.7602630257606506,0.6591376662254333,0.6422046422958374,0.5726969838142395,0.687312662601471,-0.4713032841682434,0.052398085594177246,0.0,0.0,0.3779659867286682,0.20000000298023224,0.4896710515022278,0.6443593502044678,0.726572573184967
A,1.0,0.0,0.0,0.0,0.0,0.3833460509777069,0.3810417056083679,0.5561961531639099,0.4856700897216797,1.4105826616287231,0.8402021527290344,0.7572241425514221,0.6532906293869019,0.635962963104248,0.5704350471496582,0.6821247935295105,-0.4721743166446686,0.05267145484685898,0.0,0.0,0.37990596890449524,0.20000000298023224,0.4850757122039795,0.6371420621871948,0.7216699719429016
A,1.0,0.0,0.0,0.0,0.0,0.3835422396659851,0.37905755639076233,0.5561319589614868,0.48615044355392456,1.4115066528320312,0.8364789485931396,0.7553415298461914,0.6539972424507141,0.6317191123962402,0.5752314329147339,0.6846402287483215,-0.47188639640808105,0.04915591701865196,0.0,0.0,0.3841589391231537,0.20000000298023224,0.486488938331604,0.6396666169166565,0.7193841934204102
A,1.0,0.0,0.0,0.0,0.0,0.382041871547699,0.3781846761703491,0.5585086345672607,0.48893192410469055,1.4128772020339966,0.8409541845321655,0.7579826712608337,0.6520006060600281,0.6349146366119385,0.5720754861831665,0.6827402710914612,-0.4703768491744995,0.05118877440690994,0.0,0.0,0.3793438971042633,0.20000000298023224,0.48581039905548096,0.637020468711853,0.7214630246162415
A,1.0,0.0,0.0,0.0,0.0,0.38309159874916077,0.3800906240940094,0.556492030620575,0.48672109842300415,1.4027597904205322,0.8349314332008362,0.7517557144165039,0.6500818133354187,0.6331812143325806,0.5679200291633606,0.6794721484184265,-0.47273024916648865,0.050069134682416916,0.0,0.0,0.37975049018859863,0.20000000298023224,0.48133596777915955,0.636428713798523,0.7174875140190125
A,1.0,0.0,0.0,0.0,0.0,0.3829546570777893,0.3788928985595703,0.5567727088928223,0.485859751701355,1.4155397415161133,0.8401156067848206,0.7557774782180786,0.6533768177032471,0.6406180262565613,0.5755922794342041,0.6881349682807922,-0.47159653902053833,0.045847684144973755,0.0,0.0,0.3762233257293701,0.20000000298023224,0.4885687232017517,0.6416389346122742,0.7224719524383545
A,1.0,0.0,0.0,0.0,0.0,0.3823816776275635,0.37940603494644165,0.5568511486053467,0.4869835674762726,1.398696780204773,0.8322100639343262,0.7545894980430603,0.6520708203315735,0.6322753429412842,0.5665764808654785,0.6732184886932373,-0.47095173597335815,0.054323259741067886,0.0,0.0,0.389253705739975,0.20000000298023224,0.47938767075538635,0.6357267498970032,0.717786431312561
A,1.0,0.0,0.0,0.0,0.0,0.3813646733760834,0.37704789638519287,0.5587590932846069,0.48888304829597473,1.4007887840270996,0.8339990377426147,0.7565242052078247,0.6532730460166931,0.6338992714881897,0.5669792294502258,0.6726545095443726,-0.4697866141796112,0.05049635097384453,0.0,0.0,0.3855073153972626,0.20000000298023224,0.4807018041610718,0.6342796087265015,0.7194238901138306
A,1.0,0.0,0.0,0.0,0.0,0.381905734539032,0.3805391490459442,0.5566797852516174,0.4873344898223877,1.3965336084365845,0.832362949848175,0.7517890930175781,0.6494629979133606,0.6271337866783142,0.564189612865448,0.674282968044281,-0.47267627716064453,0.051546841859817505,0.0,0.0,0.3734529912471771,0.20000000298023224,0.4784739017486572,0.6297886371612549,0.7151871919631958
A,1.0,0.0,0.0,0.0,0.0,0.38252389430999756,0.3795010447502136,0.5564531087875366,0.48712578415870667,1.3998806476593018,0.8342779874801636,0.7563586235046387,0.6524975299835205,0.6309775710105896,0.5656957626342773,0.6729900240898132,-0.472372829914093,0.05064791813492775,0.0,0.0,0.37947431206703186,0.20000000298023224,0.4797828197479248,0.6340097188949585,0.7185279130935669
A,1.0,0.0,0.0,0.0,0.0,0.38242292404174805,0.37975943088531494,0.556435227394104,0.4863022267818451,1.4076294898986816,0.8411630988121033,0.7597962617874146,0.6558219194412231,0.6342387199401855,0.5665395855903625,0.6775155067443848,-0.47205209732055664,0.053951844573020935,0.0,0.0,0.37820571660995483,0.20000000298023224,0.4846777617931366,0.6428844332695007,0.7227550148963928
A,1.0,0.0,0.0,0.0,0.0,0.3826843798160553,0.3810179829597473,0.5556284785270691,0.4857528805732727,1.3936420679092407,0.834985077381134,0.75396329164505,0.6480097770690918,0.6286861896514893,0.5586855411529541,0.6697227954864502,-0.47383564710617065,0.05311162769794464,0.0,0.0,0.377529114484787,0.20000000298023224,0.4786919951438904,0.6337968707084656,0.7164110541343689
A,1.0,0.0,0.0,0.0,0.0,0.382877379655838,0.38005372881889343,0.5561221837997437,0.48378047347068787,1.3970757722854614,0.8339925408363342,0.7489200830459595,0.6447590589523315,0.6275402307510376,0.5631646513938904,0.6770628094673157,-0.47448572516441345,0.04974701628088951,0.0,0.0,0.372978538274765,0.20000000298023224,0.48517701029777527,0.6384127140045166,0.7138029932975769
A,1.0,0.0,0.0,0.0,0.0,0.38232675194740295,0.37858065962791443,0.5570113062858582,0.48636046051979065,1.4020485877990723,0.8327123522758484,0.7532593607902527,0.6485559940338135,0.6316803693771362,0.5694781541824341,0.6776193976402283,-0.4722743630409241,0.049677297472953796,0.0,0.0,0.37767452001571655,0.20000000298023224,0.4838748276233673,0.6368618011474609,0.7165520191192627
A,1.0,0.0,0.0,0.0,0.0,0.382364958524704,0.3819681406021118,0.5551609396934509,0.48387768864631653,1.3931190967559814,0.838165819644928,0.7523111701011658,0.646859884262085,0.629379391670227,0.5549549460411072,0.6714743971824646,-0.4744611978530884,0.05255429074168205,0.0,0.0,0.37160348892211914,0.20000000298023224,0.48130735754966736,0.638867199420929,0.716679036617279
A,1.0,0.0,0.0,0.0,0.0,0.3834666311740875,0.38183215260505676,0.5548065304756165,0.48438945412635803,1.4028229713439941,0.8395673632621765,0.7552142143249512,0.6499515771865845,0.6322277784347534,0.5632830858230591,0.6775783896446228,-0.4743475019931793,0.05210069194436073,0.0,0.0,0.37462884187698364,0.20000000298023224,0.4838583171367645,0.6387609243392944,0.7192402482032776
A,1.0,0.0,0.0,0.0,0.0,0.38057997822761536,0.3793282210826874,0.5573362708091736,0.48685842752456665,1.394468069076538,0.836270809173584,0.7504308223724365,0.6440754532814026,0.6232984662055969,0.5582133531570435,0.6741411685943604,-0.47325387597084045,0.05275009572505951,0.0,0.0,0.3652293384075165,0.20000000298023224,0.48223716020584106,0.6386430859565735,0.7135188579559326
A,1.0,0.0,0.0,0.0,0.0,0.38326314091682434,0.38138052821159363,0.555133581161499,0.48357653617858887,1.401525855064392,0.8378796577453613,0.7540351152420044,0.65120530128479,0.6323271989822388,0.5636826157569885,0.6772762537002563,-0.4736771285533905,0.05049062520265579,0.0,0.0,0.3768341839313507,0.20000000298023224,0.48446381092071533,0.6406940817832947,0.7188618183135986
A,1.0,0.0,0.0,0.0,0.0,0.3837180733680725,0.3814874589443207,0.5545321702957153,0.4838675856590271,1.3949931859970093,0.8331932425498962,0.7509204149246216,0.6474185585975647,0.6290538311004639,0.5618507862091064,0.6738901734352112,-0.47470685839653015,0.048505209386348724,0.0,0.0,0.37787020206451416,0.20000000298023224,0.4810049533843994,0.6386710405349731,0.715146541595459
A,1.0,0.0,0.0,0.0,0.0,0.38261598348617554,0.3817541003227234,0.5544964671134949,0.4835541546344757,1.3965599536895752,0.8409340977668762,0.7553207874298096,0.6519742608070374,0.6314253807067871,0.5556336641311646,0.6724787354469299,-0.47473523020744324,0.05116700753569603,0.0,0.0,0.370510458946228,0.20000000298023224,0.4830372631549835,0.6415855884552002,0.71991366147995
A,1.0,0.0,0.0,0.0,0.0,0.38230448961257935,0.38025471568107605,0.5555485486984253,0.4841306507587433,1.3976167440414429,0.8357076644897461,0.7531788945198059,0.6476670503616333,0.6295876502990723,0.5619521141052246,0.6747583150863647,-0.4750897288322449,0.04901842400431633,0.0,0.0,0.36376404762268066,0.20000000298023224,0.4848819673061371,0.6407660841941833,0.7165353298187256
A,1.0,0.0,0.0,0.0,0.0,0.3826257288455963,0.3824820816516876,0.5542701482772827,0.48415228724479675,1.3962680101394653,0.8412370681762695,0.7588083148002625,0.6544135808944702,0.633788526058197,0.5550312399864197,0.6692228317260742,-0.4749909043312073,0.05421244725584984,0.0,0.0,0.36915403604507446,0.20000000298023224,0.4800385534763336,0.6370818018913269,0.7220618724822998
A,1.0,0.0,0.0,0.0,0.0,0.382845014333725,0.3797696828842163,0.5561051368713379,0.48566174507141113,1.3959167003631592,0.8351879119873047,0.7503281831741333,0.645666778087616,0.626745343208313,0.560825765132904,0.6746812462806702,-0.4733891785144806,0.05036488547921181,0.0,0.0,0.38102105259895325,0.20000000298023224,0.4818161427974701,0.6410356163978577,0.7144820690155029
A,1.0,0.0,0.0,0.0,0.0,0.38215988874435425,0.3805757761001587,0.5552776455879211,0.48378002643585205,1.4037641286849976,0.8387576341629028,0.7522007822990417,0.6478372812271118,0.6299228072166443,0.5650323033332825,0.6820511221885681,-0.4738447666168213,0.05012569576501846,0.0,0.0,0.3674095869064331,0.20000000298023224,0.48726215958595276,0.6449838280677795,0.7171795964241028
A,1.0,0.0,0.0,0.0,0.0,0.38246479630470276,0.38042503595352173,0.5557737946510315,0.4852142333984375,1.3983310461044312,0.8339729309082031,0.7502338290214539,0.6462778449058533,0.62615567445755,0.5644005537033081,0.67779141664505,-0.47475358843803406,0.050872497260570526,0.0,0.0,0.36732813715934753,0.20000000298023224,0.4831501841545105,0.637420654296875,0.7141600847244263
A,1.0,0.0,0.0,0.0,0.0,0.3817880153656006,0.3787822425365448,0.5561337471008301,0.4851391017436981,1.3875898122787476,0.8263395428657532,0.7470964789390564,0.6460794806480408,0.6221141815185547,0.5613413453102112,0.6704743504524231,-0.47463393211364746,0.04772341996431351,0.0,0.0,0.3690873980522156,0.20000000298023224,0.47975867986679077,0.6357213258743286,0.7104074358940125
A,1.0,0.0,0.0,0.0,0.0,0.3829292058944702,0.3807540237903595,0.5553067326545715,0.4844662845134735,1.3951606750488281,0.8340057134628296,0.7500526905059814,0.6466688513755798,0.6271395683288574,0.5612034201622009,0.6748629212379456,-0.4745332598686218,0.04964790493249893,0.0,0.0,0.3739716708660126,0.20000000298023224,0.48205018043518066,0.63703453540802,0.7144666910171509
A,1.0,0.0,0.0,0.0,0.0,0.383087158203125,0.3795318305492401,0.556286096572876,0.48535287380218506,1.3971067667007446,0.8292748928070068,0.746619701385498,0.642715334892273,0.6263012886047363,0.5679591298103333,0.678866446018219,-0.47455033659935,0.04541412368416786,0.0,0.0,0.37094923853874207,0.20000000298023224,0.482817143201828,0.6330326199531555,0.7112277746200562
B,1.0,0.0,1.0,1.0,1.0,0.45738866925239563,0.46231070160865784,0.5132996439933777,0.4903225004673004,0.7580196857452393,1.7731188535690308,1.9063912630081177,1.7468669414520264,1.4600615501403809,1.015257477760315,1.1536908149719238,-0.47213709354400635,0.003128875745460391,0.25,0.0,1.0,0.800000011920929,0.5820630788803101,0.4320746958255768,1.7216095924377441
B,1.0,0.0,1.0,1.0,1.0,0.45596277713775635,0.46279004216194153,0.5130944848060608,0.48965537548065186,0.7599859237670898,1.7788991928100586,1.9123739004135132,1.7467862367630005,1.4668153524398804,1.0192183256149292,1.1583268642425537,-0.4726758301258087,0.00351868849247694,0.25,0.0,1.0,0.800000011920929,0.5841860771179199,0.43331605195999146,1.7262187004089355
B,1.0,0.0,1.0,1.0,1.0,0.45920369029045105,0.46061456203460693,0.5150459408760071,0.4915255606174469,0.7451137900352478,1.771559238433838,1.9051474332809448,1.7464685440063477,1.4628658294677734,1.0264580249786377,1.1640287637710571,-0.47096508741378784,0.003132167039439082,0.25,0.0,1.0,0.800000011920929,0.5865134000778198,0.4300708770751953,1.7215102910995483
B,1.0,0.0,1.0,1.0,1.0,0.45865076780319214,0.46292948722839355,0.512904942035675,0.4892096221446991,0.7556873559951782,1.775042176246643,1.9072141647338867,1.746341586112976,1.4689044952392578,1.019473671913147,1.1565098762512207,-0.4738507568836212,0.0032385261729359627,0.25,0.0,1.0,0.800000011920929,0.5834395885467529,0.4298163950443268,1.724375605583191
B,1.0,0.0,1.0,1.0,1.0,0.4555245041847229,0.45973050594329834,0.5164874196052551,0.49308907985687256,0.7505524754524231,1.7649285793304443,1.899396300315857,1.7374612092971802,1.4695056676864624,1.014490008354187,1.1536275148391724,-0.46996691823005676,0.0040910085663199425,0.25,0.0,1.0,0.800000011920929,0.5794451236724854,0.42110535502433777,1.7178229093551636
B,1.0,0.0,1.0,1.0,1.0,0.45624908804893494,0.4596579074859619,0.5161623358726501,0.4927855134010315,0.7456044554710388,1.7666891813278198,1.9037306308746338,1.7427769899368286,1.4689481258392334,1.0211586952209473,1.1627177000045776,-0.47020962834358215,0.003540497040376067,0.25,0.0,1.0,0.800000011920929,0.5843024253845215,0.42931362986564636,1.720536231994629
B,1.0,0.0,1.0,1.0,1.0,0.45299527049064636,0.4591895639896393,0.5167855620384216,0.49386903643608093,0.7478657960891724,1.764235258102417,1.8980375528335571,1.7401260137557983,1.4694890975952148,1.0166152715682983,1.1557159423828125,-0.46885812282562256,0.003940093796700239,0.25,0.0,1.0,0.800000011920929,0.5800226330757141,0.424823135137558,1.7179720401763916
B,1.0,0.0,1.0,1.0,1.0,0.4550691246986389,0.4587075412273407,0.5176140666007996,0.49410220980644226,0.7380503416061401,1.756534218788147,1.8931078910827637,1.7344332933425903,1.4584062099456787,1.0185669660568237,1.1595005989074707,-0.4695543646812439,0.004665697459131479,0.25,0.0,1.0,0.800000011920929,0.5817031860351562,0.42657944560050964,1.710620403289795
B,1.0,0.0,1.0,1.0,1.0,0.454866886138916,0.45797666907310486,0.5182150602340698,0.4950438141822815,0.7350133657455444,1.7594550848007202,1.8983045816421509,1.7385594844818115,1.463593602180481,1.024501919746399,1.1675693988800049,-0.46799883246421814,0.004819737281650305,0.25,0.0,1.0,0.800000011920929,0.5838266611099243,0.42713454365730286,1.7149780988693237
B,1.0,0.0,1.0,1.0,1.0,0.4560088515281677,0.4574749767780304,0.5186742544174194,0.4955753684043884,0.7345513701438904,1.7627800703048706,1.9042950868606567,1.74790358543396,1.4674129486083984,1.0282421112060547,1.1735179424285889,-0.4683491587638855,0.004641935229301453,0.25,0.0,1.0,0.800000011920929,0.5873474478721619,0.42855262756347656,1.7205978631973267
B,1.0,0.0,1.0,1.0,1.0,0.454372376203537,0.45733386278152466,0.5189251899719238,0.49574923515319824,0.7361109852790833,1.7642537355422974,1.903624415397644,1.7426600456237793,1.4674338102340698,1.0281974077224731,1.1717264652252197,-0.4672302305698395,0.005048470105975866,0.25,0.0,1.0,0.800000011920929,0.5861263275146484,0.428652286529541,1.71949303150177
B,1.0,0.0,1.0,1.0,1.0,0.4528687298297882,0.45694205164909363,0.5193970799446106,0.49626925587654114,0.7400692701339722,1.7622567415237427,1.89829421043396,1.7389347553253174,1.465443730354309,1.022291898727417,1.1628170013427734,-0.4667614996433258,0.004799977410584688,0.25,0.0,1.0,0.800000011920929,0.5820557475090027,0.42647892236709595,1.7162322998046875
B,1.0,0.0,1.0,1.0,1.0,0.4489459693431854,0.45564237236976624,0.5205249786376953,0.4972962439060211,0.7434097528457642,1.754870057106018,1.89408278465271,1.7376917600631714,1.463781476020813,1.0117456912994385,1.1562832593917847,-0.4656391441822052,0.004248191602528095,0.25,0.0,1.0,0.800000011920929,0.5796743631362915,0.4232288599014282,1.7126065492630005
B,1.0,0.0,1.0,1.0,0.0,0.45436733961105347,0.45670586824417114,0.5192519426345825,0.4962907135486603,0.7305375933647156,1.750522255897522,1.8853802680969238,1.7355449199676514,1.4603991508483887,1.020018458366394,1.1589291095733643,-0.46731117367744446,0.004316175356507301,0.25,0.0,1.0,0.6000000238418579,0.5798380374908447,0.4220803380012512,1.7079616785049438
B,1.0,0.0,1.0,1.0,1.0,0.4524918794631958,0.4560636281967163,0.5204035639762878,0.49670663475990295,0.7349984645843506,1.750839352607727,1.901107907295227,1.7488772869110107,1.4653973579406738,1.015920639038086,1.1704429388046265,-0.4668181836605072,0.005092817824333906,0.25,0.0,1.0,0.800000011920929,0.5855671167373657,0.42489925026893616,1.7165554761886597
B,1.0,0.0,1.0,1.0,1.0,0.45361611247062683,0.45379507541656494,0.5221325159072876,0.4986044764518738,0.7388697266578674,1.7652865648269653,1.90558660030365,1.7508097887039185,1.4691760540008545,1.0264171361923218,1.1702123880386353,-0.46403369307518005,0.004407714586704969,0.25,0.0,1.0,0.800000011920929,0.5861969590187073,0.4314213693141937,1.7227147817611694
B,1.0,0.0,1.0,1.0,1.0,0.4463742971420288,0.451159805059433,0.4755866527557373,0.5012198686599731,0.7273207306861877,1.7693060636520386,1.907106876373291,1.7596675157546997,1.4766099452972412,1.04212486743927,1.1847233772277832,-0.46045443415641785,0.0033430715557187796,0.25,0.0,1.0,0.800000011920929,0.592501163482666,0.42935848236083984,1.7281726598739624
B,1.0,0.0,1.0,1.0,1.0,0.4500844478607178,0.4518836438655853,0.47583213448524475,0.5009434819221497,0.7255417108535767,1.767242670059204,1.9078208208084106,1.7591358423233032,1.4714139699935913,1.0417206287384033,1.1861010789871216,-0.4610561430454254,0.004601962398737669,0.25,0.0,1.0,0.800000011920929,0.5922995209693909,0.4288954734802246,1.7264033555984497
B,1.0,0.0,1.0,1.0,1.0,0.4516165554523468,0.4522160589694977,0.47609350085258484,0.5007232427597046,0.7317931056022644,1.7732878923416138,1.9110225439071655,1.7619680166244507,1.4745877981185913,1.041496992111206,1.1827287673950195,-0.4616049826145172,0.004281054716557264,0.25,0.0,1.0,0.800000011920929,0.5914340019226074,0.42944878339767456,1.7302165031433105
B,1.0,0.0,1.0,1.0,1.0,0.45072466135025024,0.4520399868488312,0.4759170114994049,0.5009596347808838,0.7144824862480164,1.765262484550476,1.9071650505065918,1.7572972774505615,1.47007417678833,1.0507901906967163,1.1962535381317139,-0.46126455068588257,0.0044161053374409676,0.25,0.0,1.0,0.800000011920929,0.5962300300598145,0.42521122097969055,1.7249497175216675
B,1.0,0.0,1.0,1.0,1.0,0.4499824047088623,0.4484560191631317,0.47255101799964905,0.5035942196846008,0.7057398557662964,1.7571653127670288,1.9025814533233643,1.7490129470825195,1.482566237449646,1.0514390468597412,1.1996569633483887,-0.45979347825050354,0.004722955171018839,0.5,0.0,1.0,0.800000011920929,0.5961737632751465,0.4222683906555176,1.7228314876556396
B,1.0,0.0,1.0,1.0,1.0,0.44542554020881653,0.44711175560951233,0.4708232879638672,0.5058276057243347,0.7092378735542297,1.7577860355377197,1.8996710777282715,1.7523183822631836,1.4935485124588013,1.0485649108886719,1.1940284967422485,-0.4585089385509491,0.005106485914438963,0.5,0.0,1.0,0.800000011920929,0.5928157567977905,0.42036235332489014,1.7258310317993164
B,1.0,0.0,1.0,1.0,1.0,0.4482795000076294,0.44543221592903137,0.4696991741657257,0.5068839192390442,0.7223422527313232,1.7599560022354126,1.9023382663726807,1.7672369480133057,1.5120514631271362,1.0376627445220947,1.1826287508010864,-0.4606330990791321,0.0047010388225317,0.5,0.0,1.0,0.800000011920929,0.5930054187774658,0.42445915937423706,1.7353956699371338
B,1.0,0.0,1.0,1.0,1.0,0.4457744359970093,0.44457611441612244,0.47006070613861084,0.5047034621238708,0.7520067691802979,1.7454919815063477,1.8863674402236938,1.763731837272644,1.5224562883377075,0.9934945702552795,1.1379929780960083,-0.4634883999824524,0.0033898719120770693,0.25,0.0,1.0,0.800000011920929,0.5842813849449158,0.4344739019870758,1.7295118570327759
B,1.0,0.0,1.0,1.0,1.0,0.4407956302165985,0.44259703159332275,0.46771785616874695,0.5075379610061646,0.7522628307342529,1.7463669776916504,1.885405421257019,1.7631011009216309,1.526707649230957,0.9941253662109375,1.1376081705093384,-0.4621295928955078,0.004148838110268116,0.5,0.0,1.0,0.800000011920929,0.5848214030265808,0.4338932931423187,1.7303953170776367
B,1.0,0.0,1.0,1.0,1.0,0.4448811709880829,0.4412113428115845,0.46615493297576904,0.50911545753479,0.7519408464431763,1.7492467164993286,1.8926483392715454,1.7668265104293823,1.5283046960830688,0.9973934888839722,1.1434894800186157,-0.4614093005657196,0.005136807914823294,0.5,0.0,1.0,0.800000011920929,0.5859144330024719,0.4392760992050171,1.734256625175476
B,1.0,0.0,1.0,1.0,1.0,0.4388670325279236,0.4407825171947479,0.46638399362564087,0.5092816948890686,0.7530874609947205,1.7452003955841064,1.8896868228912354,1.7689822912216187,1.5267736911773682,0.9921368956565857,1.1412652730941772,-0.46002739667892456,0.0036508538760244846,0.5,0.0,1.0,0.800000011920929,0.5841145515441895,0.43566974997520447,1.7326607704162598
B,1.0,0.0,1.0,1.0,1.0,0.4417577087879181,0.4423198103904724,0.4674167037010193,0.508121907711029,0.7488580942153931,1.7468372583389282,1.884474277496338,1.7624917030334473,1.5192621946334839,0.9979811906814575,1.1396442651748657,-0.4604552686214447,0.004968750290572643,0.5,0.0,1.0,0.800000011920929,0.582441508769989,0.4361162483692169,1.7282663583755493
B,1.0,0.0,1.0,1.0,1.0,0.4424922466278076,0.44208186864852905,0.46733537316322327,0.5084137916564941,0.7399122714996338,1.7440505027770996,1.8879145383834839,1.762612223625183,1.5184601545333862,1.0041393041610718,1.1517003774642944,-0.4609100818634033,0.004103139974176884,0.5,0.0,1.0,0.800000011920929,0.5859702229499817,0.4356030523777008,1.7282593250274658
B,1.0,0.0,1.0,1.0,1.0,0.4421699345111847,0.4417334794998169,0.46721404790878296,0.5083058476448059,0.7404306530952454,1.7459865808486938,1.8870785236358643,1.7618874311447144,1.5153146982192993,1.0055571794509888,1.1504113674163818,-0.460012286901474,0.0038273439276963472,0.5,0.0,1.0,0.800000011920929,0.5865612626075745,0.4366336464881897,1.7275668382644653
B,1.0,0.0,1.0,1.0,1.0,0.4412851333618164,0.44210490584373474,0.46673762798309326,0.5084165334701538,0.7337430119514465,1.7478257417678833,1.8866361379623413,1.7636313438415527,1.5160350799560547,1.0140869617462158,1.1567232608795166,-0.45944783091545105,0.0057795001193881035,0.5,0.0,1.0,0.800000011920929,0.5883910655975342,0.43724262714385986,1.728532075881958
B,1.0,0.0,1.0,1.0,1.0,0.44250360131263733,0.4417778253555298,0.4664534628391266,0.5084345936775208,0.7336073517799377,1.756632924079895,1.8965097665786743,1.7701550722122192,1.5188946723937988,1.02302885055542,1.1662824153900146,-0.45917242765426636,0.006184417754411697,0.5,0.0,1.0,0.800000011920929,0.5935507416725159,0.44313493371009827,1.7355481386184692
B,1.0,0.0,1.0,1.0,1.0,0.4416404068470001,0.44189023971557617,0.4665304124355316,0.5083611607551575,0.729468822479248,1.7520469427108765,1.8931541442871094,1.7664463520050049,1.518570065498352,1.022578477859497,1.1673059463500977,-0.45943161845207214,0.005937840323895216,0.5,0.0,1.0,0.800000011920929,0.5932221412658691,0.4406958818435669,1.732554316520691
B,1.0,0.0,1.0,1.0,1.0,0.44116562604904175,0.442595511674881,0.46684446930885315,0.5077492594718933,0.7345294952392578,1.7535532712936401,1.8932021856307983,1.7659441232681274,1.5196940898895264,1.0190365314483643,1.1625694036483765,-0.45977166295051575,0.006856234278529882,0.5,0.0,1.0,0.800000011920929,0.5912274718284607,0.44238200783729553,1.7330983877182007
B,1.0,0.0,1.0,1.0,1.0,0.4417774975299835,0.4421486556529999,0.46727803349494934,0.5075956583023071,0.7327449321746826,1.755834937095642,1.8957560062408447,1.7725934982299805,1.5181607007980347,1.0230908393859863,1.1668355464935303,-0.4599953591823578,0.004975080024451017,0.5,0.0,1.0,0.800000011920929,0.5948864221572876,0.44126319885253906,1.7355862855911255
B,1.0,0.0,1.0,1.0,1.0,0.4424811005592346,0.4416211247444153,0.46653109788894653,0.5081661939620972,0.7303131222724915,1.7535791397094727,1.8938345909118652,1.7698055505752563,1.5169402360916138,1.023270606994629,1.1669079065322876,-0.45923301577568054,0.005381939001381397,0.5,0.0,1.0,0.800000011920929,0.5940743088722229,0.4405100345611572,1.7335399389266968
B,1.0,0.0,1.0,1.0,1.0,0.4422807991504669,0.44189855456352234,0.4666934013366699,0.5080683827400208,0.7305172085762024,1.7555065155029297,1.8954782485961914,1.768516182899475,1.5158982276916504,1.024990200996399,1.168449878692627,-0.4595782458782196,0.005438049323856831,0.5,0.0,1.0,0.800000011920929,0.5945647358894348,0.44062498211860657,1.7338498830795288
B,1.0,0.0,1.0,1.0,1.0,0.44065138697624207,0.4420433044433594,0.4664454162120819,0.5081412196159363,0.7320001721382141,1.7529247999191284,1.8925949335098267,1.7662302255630493,1.5162822008132935,1.0209366083145142,1.164505124092102,-0.4593420922756195,0.006297326181083918,0.5,0.0,1.0,0.800000011920929,0.5928423404693604,0.4413304626941681,1.7320079803466797
B,1.0,0.0,1.0,1.0,1.0,0.442864328622818,0.4420353174209595,0.46657246351242065,0.5081822276115417,0.7236791253089905,1.7561227083206177,1.8922998905181885,1.7657277584075928,1.5152831077575684,1.0324476957321167,1.1718651056289673,-0.45886048674583435,0.006318629719316959,0.5,0.0,1.0,0.800000011920929,0.5950658917427063,0.44243913888931274,1.7323583364486694
B,1.0,0.0,1.0,1.0,1.0,0.442569375038147,0.4413622319698334,0.46622610092163086,0.5084781646728516,0.7246132493019104,1.7543230056762695,1.894406795501709,1.7666057348251343,1.5164787769317627,1.0297186374664307,1.1730283498764038,-0.4588660001754761,0.005526179447770119,0.5,0.0,1.0,0.800000011920929,0.5960624814033508,0.44203653931617737,1.7329535484313965
B,1.0,0.0,1.0,1.0,1.0,0.44344136118888855,0.44203317165374756,0.4666285514831543,0.5084086060523987,0.7326472401618958,1.7573401927947998,1.8935998678207397,1.7691872119903564,1.5145584344863892,1.0247052907943726,1.164117455482483,-0.45952948927879333,0.006133080925792456,0.5,0.0,1.0,0.800000011920929,0.5924798250198364,0.4441051781177521,1.7336714267730713
B,1.0,0.0,1.0,1.0,1.0,0.4440385699272156,0.442452609539032,0.46682509779930115,0.5082820057868958,0.7346794009208679,1.7603870630264282,1.8940156698226929,1.7700783014297485,1.5164177417755127,1.0257232189178467,1.1624062061309814,-0.45938464999198914,0.00634810421615839,0.5,0.0,1.0,0.800000011920929,0.5916132926940918,0.4428988993167877,1.735224723815918
B,1.0,0.0,1.0,1.0,1.0,0.4404255449771881,0.44128644466400146,0.4659280776977539,0.5094029307365417,0.7305784225463867,1.7524681091308594,1.8899409770965576,1.763024091720581,1.5120012760162354,1.0218943357467651,1.1631766557693481,-0.4575997591018677,0.00618087500333786,0.5,0.0,1.0,0.800000011920929,0.5907762050628662,0.44207465648651123,1.7293586730957031
B,1.0,0.0,1.0,1.0,1.0,0.44087883830070496,0.4417397379875183,0.4663493037223816,0.5088527202606201,0.7328076362609863,1.7570220232009888,1.8929203748703003,1.7702656984329224,1.5168989896774292,1.024219036102295,1.1639324426651,-0.45835569500923157,0.005783397704362869,0.5,0.0,1.0,0.800000011920929,0.5922655463218689,0.44043436646461487,1.7342767715454102
B,1.0,0.0,1.0,1.0,1.0,0.4406642019748688,0.44145312905311584,0.4655892252922058,0.509057879447937,0.7249460816383362,1.7598258256912231,1.897847294807434,1.7706823348999023,1.5199490785598755,1.0348834991455078,1.176490068435669,-0.45807933807373047,0.006966527085751295,0.5,0.0,1.0,0.800000011920929,0.5967326164245605,0.44095131754875183,1.7370761632919312
B,1.0,0.0,1.0,1.0,1.0,0.4401359260082245,0.4396706819534302,0.4652245044708252,0.5103417634963989,0.7195788621902466,1.752578854560852,1.8993008136749268,1.777976393699646,1.5224065780639648,1.0330013036727905,1.183313012123108,-0.45751091837882996,0.0036820753011852503,0.5,0.0,1.0,0.800000011920929,0.6011844873428345,0.4360126852989197,1.7380656003952026
B,1.0,0.0,1.0,1.0,1.0,0.4376608729362488,0.4394886791706085,0.4639168381690979,0.5109663009643555,0.7196598649024963,1.7617543935775757,1.9038077592849731,1.773870825767517,1.524655818939209,1.042114496231079,1.1880751848220825,-0.45585566759109497,0.006678130477666855,0.5,0.0,1.0,0.800000011920929,0.6010270118713379,0.4424440860748291,1.7410222291946411
B,1.0,0.0,1.0,1.0,1.0,0.43763700127601624,0.4385479986667633,0.463491827249527,0.5111848711967468,0.7226722836494446,1.756362795829773,1.900775671005249,1.7731021642684937,1.523818850517273,1.0336955785751343,1.1819413900375366,-0.4554120898246765,0.005647224374115467,0.5,0.0,1.0,0.800000011920929,0.5995506048202515,0.4415530562400818,1.7385149002075195
B,1.0,0.0,1.0,1.0,1.0,0.4389386773109436,0.4387705624103546,0.46367931365966797,0.5111275315284729,0.7195185422897339,1.7589168548583984,1.9029041528701782,1.7723129987716675,1.5248969793319702,1.039398431777954,1.1868735551834106,-0.45601749420166016,0.005658808164298534,0.5,0.0,1.0,0.800000011920929,0.6012768149375916,0.44327718019485474,1.739757776260376
B,1.0,0.0,1.0,1.0,1.0,0.4380026161670685,0.4390391707420349,0.46385133266448975,0.5109161734580994,0.7128998637199402,1.7557435035705566,1.8975920677185059,1.7698981761932373,1.5205347537994385,1.0428500175476074,1.1884492635726929,-0.45572587847709656,0.005820395424962044,0.5,0.0,1.0,0.800000011920929,0.6015554666519165,0.4406936466693878,1.7359421253204346
B,1.0,0.0,1.0,1.0,1.0,0.43817877769470215,0.4386826157569885,0.4637439548969269,0.5109368562698364,0.7200707197189331,1.7566927671432495,1.898407220840454,1.7717773914337158,1.5220673084259033,1.0366235971450806,1.1820701360702515,-0.4561033248901367,0.004920711275190115,0.5,0.0,1.0,0.800000011920929,0.5997110605239868,0.44132503867149353,1.7372361421585083
B,1.0,0.0,1.0,1.0,1.0,0.4390408396720886,0.4386906623840332,0.4634721577167511,0.5112058520317078,0.7236719131469727,1.7609857320785522,1.9021940231323242,1.772576928138733,1.52442467212677,1.037314534187317,1.1819559335708618,-0.45544081926345825,0.006204518023878336,0.5,0.0,1.0,0.800000011920929,0.5997723340988159,0.44371360540390015,1.7400453090667725
B,1.0,0.0,1.0,1.0,1.0,0.4373818635940552,0.4380532503128052,0.46282196044921875,0.511601448059082,0.7147991061210632,1.7600334882736206,1.9013968706130981,1.7736657857894897,1.5219075679779053,1.0452370643615723,1.1902483701705933,-0.4549579322338104,0.0060840509831905365,0.5,0.0,1.0,0.800000011920929,0.6035000085830688,0.4444870352745056,1.739250898361206
B,1.0,0.0,1.0,1.0,1.0,0.43693166971206665,0.4376162886619568,0.4625784456729889,0.5122941136360168,0.7184075117111206,1.763472080230713,1.9053457975387573,1.77708101272583,1.5253863334655762,1.0450674295425415,1.1906737089157104,-0.45434895157814026,0.005629409570246935,0.5,0.0,1.0,0.800000011920929,0.6033430695533752,0.44482770562171936,1.7428213357925415
B,1.0,0.0,1.0,1.0,1.0,0.43582212924957275,0.43834787607192993,0.462944358587265,0.511838972568512,0.7182744741439819,1.7626758813858032,1.9044339656829834,1.775001883506775,1.5266838073730469,1.044439673423767,1.190335988998413,-0.45478948950767517,0.005864921025931835,0.5,0.0,1.0,0.800000011920929,0.6020033955574036,0.4413367509841919,1.7421989440917969
B,1.0,0.0,1.0,1.0,1.0,0.43432867527008057,0.4378714859485626,0.4623264968395233,0.5127449631690979,0.7170089483261108,1.7675328254699707,1.913127064704895,1.7809569835662842,1.5316884517669678,1.0505986213684082,1.2005432844161987,-0.45389795303344727,0.006289278622716665,0.5,0.0,1.0,0.800000011920929,0.605715811252594,0.4423598647117615,1.748326301574707
B,1.0,0.0,1.0,1.0,1.0,0.43619632720947266,0.438282310962677,0.46252045035362244,0.5126526951789856,0.7169180512428284,1.769071340560913,1.9138243198394775,1.7823832035064697,1.530539870262146,1.052179217338562,1.200817584991455,-0.45431074500083923,0.007025351282209158,0.5,0.0,1.0,0.800000011920929,0.6056618690490723,0.4439661204814911,1.7489546537399292
B,1.0,0.0,1.0,1.0,1.0,0.43419164419174194,0.43775585293769836,0.46224281191825867,0.5124048590660095,0.715363085269928,1.7648341655731201,1.908569097518921,1.7754220962524414,1.5271369218826294,1.0495465993881226,1.1976381540298462,-0.45362481474876404,0.006640155334025621,0.5,0.0,1.0,0.800000011920929,0.6047358512878418,0.4431163966655731,1.7439905405044556
B,1.0,0.0,1.0,1.0,1.0,0.4354502558708191,0.4375537931919098,0.46216967701911926,0.5128580927848816,0.7118919491767883,1.7605631351470947,1.906555414199829,1.777202844619751,1.526418924331665,1.0486972332000732,1.1986570358276367,-0.4539273977279663,0.006081434898078442,0.5,0.0,1.0,0.800000011920929,0.6050063371658325,0.4403986632823944,1.742685079574585
B,1.0,0.0,1.0,1.0,1.0,0.4343259930610657,0.43683919310569763,0.4617708623409271,0.512894332408905,0.7217239737510681,1.7639321088790894,1.9090782403945923,1.7786670923233032,1.5282047986984253,1.0422462224960327,1.1916570663452148,-0.45340314507484436,0.005337684880942106,0.5,0.0,1.0,0.800000011920929,0.603561282157898,0.44172605872154236,1.7449705600738525
C,1.0,0.0,0.0,0.0,0.0,0.23069320619106293,0.29335424304008484,0.2934224009513855,0.2969353199005127,1.06171715259552,1.3060667514801025,1.3225021362304688,1.2853813171386719,1.2324737310409546,0.33655598759651184,0.34980514645576477,-0.412508100271225,0.007422077469527721,0.75,0.0,0.039878517389297485,0.20000000298023224,0.17192555963993073,0.24019098281860352,1.286605954170227
C,1.0,0.0,0.0,0.0,0.0,0.22935836017131805,0.29269516468048096,0.2924600839614868,0.2976384162902832,1.0706394910812378,1.3081135749816895,1.3210442066192627,1.2886542081832886,1.2462921142578125,0.3341573476791382,0.3436623811721802,-0.41244742274284363,0.008115207776427269,0.75,0.0,0.019992338493466377,0.20000000298023224,0.16880446672439575,0.24145406484603882,1.291025996208191
C,1.0,0.0,0.0,0.0,0.0,0.2258956879377365,0.28890836238861084,0.28982728719711304,0.29593876004219055,1.0775238275527954,1.3062549829483032,1.3262799978256226,1.2933562994003296,1.2519311904907227,0.3275611102581024,0.3454493582248688,-0.40975236892700195,0.0004468260449357331,0.75,0.0,0.012664898298680782,0.20000000298023224,0.17136572301387787,0.2495422065258026,1.294455647468567
C,1.0,0.0,0.0,0.0,0.0,0.22511975467205048,0.29130974411964417,0.29148444533348083,0.2945665717124939,1.0725829601287842,1.3179651498794556,1.3373550176620483,1.2949366569519043,1.240646481513977,0.34801939129829407,0.36363551020622253,-0.4095293879508972,0.00044941873056814075,0.75,0.0,0.017838146537542343,0.20000000298023224,0.17979620397090912,0.25543248653411865,1.297725796699524
C,1.0,0.0,0.0,0.0,0.0,0.22259414196014404,0.288183331489563,0.2872357666492462,0.29251229763031006,1.0670980215072632,1.320671558380127,1.33938467502594,1.3030710220336914,1.2531507015228271,0.3520287275314331,0.3645284175872803,-0.4067379832267761,0.0015838840045034885,0.75,0.0,0.031239956617355347,0.20000000298023224,0.18212617933750153,0.2563409209251404,1.3040695190429688
C,1.0,0.0,0.0,0.0,0.0,0.21787872910499573,0.2845013439655304,0.2861388325691223,0.29327142238616943,1.0507594347000122,1.3221228122711182,1.3457132577896118,1.3135011196136475,1.2633699178695679,0.36643463373184204,0.389583557844162,-0.4041282832622528,0.0065451678819954395,1.0,0.0,0.05217664688825607,0.20000000298023224,0.19168412685394287,0.2512741982936859,1.3111767768859863
C,1.0,0.0,0.0,0.0,0.0,0.21974033117294312,0.28533732891082764,0.28702276945114136,0.2955610454082489,1.0311182737350464,1.3079415559768677,1.3311609029769897,1.3058171272277832,1.2617466449737549,0.3656550645828247,0.38874566555023193,-0.40544393658638,0.005995559971779585,1.0,0.0,0.0826549157500267,0.20000000298023224,0.19424889981746674,0.2517499029636383,1.3016666173934937
C,1.0,0.0,0.0,0.0,0.0,0.2185964435338974,0.28571411967277527,0.288502961397171,0.2968369424343109,1.0293067693710327,1.3180524110794067,1.3408507108688354,1.3177883625030518,1.2712019681930542,0.37877359986305237,0.40417781472206116,-0.4045725464820862,0.008682106621563435,1.0,0.0,0.08748799562454224,0.20000000298023224,0.20087556540966034,0.25438010692596436,1.3119733333587646
C,1.0,0.0,0.0,0.0,0.0,0.21944506466388702,0.2872867286205292,0.2885206639766693,0.2956605553627014,1.0149155855178833,1.3160890340805054,1.3329205513000488,1.3110359907150269,1.2637979984283447,0.38878124952316284,0.40568944811820984,-0.40568089485168457,0.00036671801353804767,1.0,0.0,0.10510259866714478,0.20000000298023224,0.1989309936761856,0.25026246905326843,1.3059608936309814
C,1.0,0.0,0.0,0.0,0.0,0.23404711484909058,0.2946225702762604,0.29977020621299744,0.30633845925331116,0.9739283919334412,1.3069254159927368,1.3403080701828003,1.3102567195892334,1.2471072673797607,0.3960365355014801,0.4355306327342987,-0.41118717193603516,0.006569133140146732,1.0,0.0,0.19542811810970306,0.20000000298023224,0.21035215258598328,0.2591157555580139,1.3011493682861328
C,1.0,0.0,0.0,0.0,0.0,0.23193353414535522,0.2918805480003357,0.2964974045753479,0.3027019500732422,0.9754125475883484,1.3092010021209717,1.348750114440918,1.3220303058624268,1.2647818326950073,0.39569419622421265,0.43968260288238525,-0.4099607467651367,0.015522613190114498,1.0,0.0,0.1948898434638977,0.20000000298023224,0.2104448527097702,0.26014700531959534,1.3111908435821533
C,1.0,0.0,0.0,0.0,0.0,0.23257528245449066,0.28952842950820923,0.29233038425445557,0.29909461736679077,0.9681163430213928,1.312872052192688,1.347097396850586,1.320520043373108,1.2723808288574219,0.3992966115474701,0.435260146856308,-0.40952056646347046,0.012971067801117897,1.0,0.0,0.20788037776947021,0.20000000298023224,0.20973965525627136,0.2579359710216522,1.3132175207138062
C,1.0,0.0,0.0,0.0,0.0,0.23318496346473694,0.2888830304145813,0.2924254536628723,0.2969664931297302,0.9561185240745544,1.3018200397491455,1.339876651763916,1.3139309883117676,1.2655633687973022,0.3968912363052368,0.43762412667274475,-0.40556278824806213,0.01257159374654293,1.0,0.0,0.2520512342453003,0.20000000298023224,0.2050628364086151,0.25276944041252136,1.3052977323532104
C,1.0,0.0,0.0,0.0,0.0,0.23312152922153473,0.2867615520954132,0.29122981429100037,0.29954102635383606,0.969619870185852,1.3044238090515137,1.3386062383651733,1.3162039518356323,1.2702306509017944,0.38461095094680786,0.4234210252761841,-0.4053557217121124,0.01535714976489544,1.0,0.0,0.2356203943490982,0.20000000298023224,0.20624645054340363,0.2579042911529541,1.307366132736206
C,1.0,0.0,0.0,0.0,0.0,0.23437899351119995,0.28894272446632385,0.2934744954109192,0.3014673888683319,0.955646276473999,1.3061939477920532,1.337820291519165,1.3107357025146484,1.2629338502883911,0.3993401825428009,0.4358859360218048,-0.40695810317993164,0.011122841387987137,1.0,0.0,0.2511833608150482,0.20000000298023224,0.2113559991121292,0.2586631178855896,1.3044209480285645
C,1.0,0.0,0.0,0.0,0.0,0.23759640753269196,0.2895684242248535,0.29360297322273254,0.301768034696579,0.9658980369567871,1.299781322479248,1.3298190832138062,1.3051661252975464,1.2566580772399902,0.3806213438510895,0.4148506224155426,-0.4082634449005127,0.009309475310146809,1.0,0.0,0.23952366411685944,0.20000000298023224,0.20146651566028595,0.24914349615573883,1.2978562116622925
C,1.0,0.0,0.0,0.0,0.0,0.23778419196605682,0.29272863268852234,0.29609784483909607,0.30197441577911377,0.9502214193344116,1.3041826486587524,1.3344461917877197,1.3065341711044312,1.2593791484832764,0.4026426374912262,0.4359658658504486,-0.40884533524513245,0.006391007453203201,1.0,0.0,0.2600099444389343,0.20000000298023224,0.20672287046909332,0.25079360604286194,1.301135540008545
C,1.0,0.0,0.0,0.0,0.0,0.2464820146560669,0.29343318939208984,0.2972024381160736,0.3032488226890564,0.9536470770835876,1.3089953660964966,1.3322906494140625,1.3006439208984375,1.255035400390625,0.3916407823562622,0.41900092363357544,-0.4070020020008087,0.0024605481885373592,1.0,0.0,0.3006584644317627,0.20000000298023224,0.20266300439834595,0.2537161111831665,1.299241304397583
C,1.0,0.0,0.0,0.0,0.0,0.2451709806919098,0.29410162568092346,0.2977486848831177,0.302482932806015,0.9331662058830261,1.3057082891464233,1.3325752019882202,1.2985635995864868,1.2557551860809326,0.4092952609062195,0.43974781036376953,-0.40733325481414795,0.004366067238152027,1.0,0.0,0.32038402557373047,0.20000000298023224,0.20971083641052246,0.25065678358078003,1.2981505393981934
C,1.0,0.0,0.0,0.0,0.0,0.2461969554424286,0.29729920625686646,0.3012296259403229,0.3107564449310303,0.9424160718917847,1.3144100904464722,1.335997223854065,1.3123258352279663,1.2662346363067627,0.41259869933128357,0.4386880099773407,-0.4112505316734314,0.0034857236314564943,1.0,0.0,0.29145893454551697,0.20000000298023224,0.21492847800254822,0.2512006163597107,1.3072419166564941
C,1.0,0.0,0.0,0.0,0.0,0.2507518529891968,0.2972201704978943,0.2996810972690582,0.3055736720561981,0.9394468665122986,1.3243263959884644,1.3406168222427368,1.3188453912734985,1.258485198020935,0.4178510904312134,0.4366205036640167,-0.41784363985061646,0.007470602635294199,1.0,0.0,0.2702382206916809,0.20000000298023224,0.2060042768716812,0.23767045140266418,1.3105684518814087
C,1.0,0.0,0.0,0.0,0.0,0.24694210290908813,0.29112669825553894,0.2902204096317291,0.2955913245677948,0.9164000749588013,1.3068348169326782,1.3193076848983765,1.3054436445236206,1.2516593933105469,0.41890037059783936,0.4297090172767639,-0.42525434494018555,0.00969609059393406,1.0,0.0,0.23799824714660645,0.20000000298023224,0.19668926298618317,0.20607011020183563,1.295811414718628
C,1.0,0.0,0.0,0.0,0.0,0.24725791811943054,0.2915307581424713,0.2901039123535156,0.29464682936668396,0.9171171188354492,1.3053916692733765,1.3222370147705078,1.304810881614685,1.2507044076919556,0.4169890582561493,0.43134695291519165,-0.43284332752227783,0.00654789712280035,1.0,0.0,0.19150826334953308,0.20000000298023224,0.1961987316608429,0.19834129512310028,1.2957860231399536
C,1.0,0.0,0.0,0.0,0.0,0.2474534511566162,0.291158527135849,0.2902221381664276,0.2950141429901123,0.914696991443634,1.3006163835525513,1.3171745538711548,1.2979156970977783,1.2494279146194458,0.41391611099243164,0.4286094903945923,-0.4308713674545288,0.005459251347929239,1.0,0.0,0.2078137844800949,0.20000000298023224,0.1958385705947876,0.20098191499710083,1.2912836074829102
C,1.0,0.0,0.0,0.0,0.0,0.24617663025856018,0.29253801703453064,0.2912372946739197,0.2963392734527588,0.9188215732574463,1.3131414651870728,1.3280848264694214,1.3084080219268799,1.2550185918807983,0.4254855215549469,0.4380750358104706,-0.430743008852005,0.007704929448664188,1.0,0.0,0.19901645183563232,0.20000000298023224,0.1999003291130066,0.20371051132678986,1.3011631965637207
C,1.0,0.0,0.0,0.0,0.0,0.2447466403245926,0.29079627990722656,0.28955331444740295,0.29578810930252075,0.918300449848175,1.3119349479675293,1.3233741521835327,1.3031574487686157,1.2554718255996704,0.42440375685691833,0.4337335228919983,-0.42693594098091125,0.009416148997843266,1.0,0.0,0.2185765504837036,0.20000000298023224,0.20102189481258392,0.20901314914226532,1.2984845638275146
C,1.0,0.0,0.0,0.0,0.0,0.2470017522573471,0.2923242449760437,0.29156291484832764,0.29730769991874695,0.9211695790290833,1.3147892951965332,1.325416088104248,1.3031290769577026,1.2544372081756592,0.4236143231391907,0.4327864646911621,-0.42709171772003174,0.007771848235279322,1.0,0.0,0.22324134409427643,0.20000000298023224,0.20029230415821075,0.21238967776298523,1.2994428873062134
C,1.0,0.0,0.0,0.0,0.0,0.24351273477077484,0.2899877727031708,0.28824397921562195,0.2947876453399658,0.9124178290367126,1.3151357173919678,1.3224818706512451,1.302229642868042,1.2523449659347534,0.4332626163959503,0.43811219930648804,-0.42692428827285767,0.01185084879398346,1.0,0.0,0.22286182641983032,0.20000000298023224,0.2037239819765091,0.20924074947834015,1.2980480194091797
C,1.0,0.0,0.0,0.0,0.0,0.24371178448200226,0.2898036539554596,0.28830358386039734,0.2944662868976593,0.9184104800224304,1.3157988786697388,1.323887586593628,1.3047376871109009,1.254015326499939,0.4280320703983307,0.43385961651802063,-0.4245552122592926,0.011812330223619938,1.0,0.0,0.2286658138036728,0.20000000298023224,0.20110121369361877,0.20903842151165009,1.299609899520874
C,1.0,0.0,0.0,0.0,0.0,0.24663184583187103,0.29317405819892883,0.2923416197299957,0.2976033687591553,0.9134802222251892,1.3133549690246582,1.3249857425689697,1.3066736459732056,1.254387378692627,0.43070101737976074,0.4407413601875305,-0.4276208281517029,0.006731356494128704,1.0,0.0,0.2284633368253708,0.20000000298023224,0.20250722765922546,0.2128891944885254,1.2998504638671875
C,1.0,0.0,0.0,0.0,0.0,0.2478926181793213,0.293425977230072,0.29233330488204956,0.29818570613861084,0.9140085577964783,1.31248939037323,1.3227428197860718,1.3047189712524414,1.2503782510757446,0.4281267523765564,0.43656784296035767,-0.4280788004398346,0.008335345424711704,1.0,0.0,0.23018963634967804,0.20000000298023224,0.20176364481449127,0.2121521681547165,1.2975823879241943
C,1.0,0.0,0.0,0.0,0.0,0.24817588925361633,0.2925715148448944,0.2915888726711273,0.296330988407135,0.911190927028656,1.308437705039978,1.3180465698242188,1.2942501306533813,1.2429139614105225,0.4253935217857361,0.43340128660202026,-0.4278471767902374,0.008578111417591572,1.0,0.0,0.23724307119846344,0.20000000298023224,0.20066234469413757,0.21634294092655182,1.2909120321273804
C,1.0,0.0,0.0,0.0,0.0,0.24932464957237244,0.292958527803421,0.29218432307243347,0.2982802391052246,0.9188283085823059,1.3185583353042603,1.3283605575561523,1.3081238269805908,1.2539159059524536,0.4272167682647705,0.43567362427711487,-0.42829349637031555,0.00855307001620531,1.0,0.0,0.2270868718624115,0.20000000298023224,0.2022678256034851,0.2118741124868393,1.3022396564483643
C,1.0,0.0,0.0,0.0,0.0,0.24314896762371063,0.28845876455307007,0.2879934310913086,0.2934551537036896,0.9094800353050232,1.314649224281311,1.327483057975769,1.3078675270080566,1.2532743215560913,0.4339902400970459,0.44570159912109375,-0.42281460762023926,0.0051629310473799706,1.0,0.0,0.25185272097587585,0.20000000298023224,0.20483192801475525,0.2217758446931839,1.3008185625076294
C,1.0,0.0,0.0,0.0,0.0,0.2503577768802643,0.2934434413909912,0.29447513818740845,0.29934918880462646,0.9012706875801086,1.3013994693756104,1.3173249959945679,1.2971129417419434,1.2359001636505127,0.4260985851287842,0.4425738453865051,-0.4240346848964691,0.00610637990757823,1.0,0.0,0.28099530935287476,0.20000000298023224,0.20469455420970917,0.21654345095157623,1.287934422492981
C,1.0,0.0,0.0,0.0,0.0,0.2546311914920807,0.29613637924194336,0.298386812210083,0.3050956130027771,0.9018566012382507,1.3052302598953247,1.3192036151885986,1.3035262823104858,1.2422045469284058,0.4274292588233948,0.44342324137687683,-0.4239342510700226,0.0037192273885011673,1.0,0.0,0.3001350164413452,0.20000000298023224,0.2088613510131836,0.23138806223869324,1.2925411462783813
C,1.0,0.0,0.0,0.0,0.0,0.25540947914123535,0.29713955521583557,0.2989824116230011,0.3051731586456299,0.9063452482223511,1.309365153312683,1.3258675336837769,1.3114898204803467,1.2486350536346436,0.4275420606136322,0.4455128312110901,-0.425830602645874,0.004913337994366884,1.0,0.0,0.2870939075946808,0.20000000298023224,0.20829638838768005,0.22856314480304718,1.2988394498825073
C,1.0,0.0,0.0,0.0,0.0,0.2534685432910919,0.2958994209766388,0.29676714539527893,0.3028166890144348,0.9072766304016113,1.3151201009750366,1.327110767364502,1.3089866638183594,1.2462565898895264,0.4330202043056488,0.44553929567337036,-0.4259774386882782,0.007525316439568996,1.0,0.0,0.27755796909332275,0.20000000298023224,0.20823219418525696,0.22812429070472717,1.2993685007095337
C,1.0,0.0,0.0,0.0,0.0,0.254251092672348,0.2970706522464752,0.29764682054519653,0.303648978471756,0.9011610150337219,1.3106231689453125,1.323891520500183,1.3032667636871338,1.2447431087493896,0.4347413182258606,0.4481528103351593,-0.4257347583770752,0.006217646412551403,1.0,0.0,0.28929489850997925,0.20000000298023224,0.20908556878566742,0.23176859319210052,1.2956311702728271
C,1.0,0.0,0.0,0.0,0.0,0.2518656253814697,0.2955625057220459,0.29730695486068726,0.3038797676563263,0.9046235680580139,1.318315029144287,1.3360302448272705,1.3173843622207642,1.249222755432129,0.43997693061828613,0.4590219259262085,-0.4240356385707855,0.0028270906768739223,1.0,0.0,0.28575462102890015,0.20000000298023224,0.21530869603157043,0.23243334889411926,1.305238127708435
C,1.0,0.0,0.0,0.0,0.0,0.24952058494091034,0.2954103946685791,0.29546940326690674,0.30109310150146484,0.8949753046035767,1.311862826347351,1.3242828845977783,1.3044003248214722,1.2420636415481567,0.44514647126197815,0.45712023973464966,-0.4274417459964752,0.006344714667648077,1.0,0.0,0.26737430691719055,0.20000000298023224,0.21222922205924988,0.22562956809997559,1.2956523895263672
C,1.0,0.0,0.0,0.0,0.0,0.24880334734916687,0.29264429211616516,0.29373839497566223,0.3006354570388794,0.9082393050193787,1.319655179977417,1.3321884870529175,1.3139408826828003,1.25191068649292,0.4381362795829773,0.4514477252960205,-0.4236678183078766,0.005126585718244314,1.0,0.0,0.2706661522388458,0.20000000298023224,0.2118876427412033,0.2293911725282669,1.3044238090515137
C,1.0,0.0,0.0,0.0,0.0,0.2479623407125473,0.29081830382347107,0.2929239273071289,0.2993287444114685,0.9024067521095276,1.3146562576293945,1.3347638845443726,1.3128005266189575,1.2450159788131714,0.43751800060272217,0.45926541090011597,-0.4223959743976593,0.0004412784765008837,1.0,0.0,0.2842566967010498,0.20000000298023224,0.21506603062152863,0.23302796483039856,1.3018091917037964
C,1.0,0.0,0.0,0.0,0.0,0.24789059162139893,0.2924566864967346,0.29345911741256714,0.2989862263202667,0.8963958621025085,1.3104183673858643,1.328010082244873,1.3070143461227417,1.2396677732467651,0.4409116208553314,0.45896169543266296,-0.42349907755851746,0.003080373629927635,1.0,0.0,0.28432711958885193,0.20000000298023224,0.21346881985664368,0.22885870933532715,1.296277642250061
C,1.0,0.0,0.0,0.0,0.0,0.24571797251701355,0.2899554967880249,0.2910546660423279,0.29686060547828674,0.899100661277771,1.3235070705413818,1.334096908569336,1.3047899007797241,1.240517497062683,0.4506298899650574,0.46207526326179504,-0.4214685559272766,0.0022861475590616465,1.0,0.0,0.28693437576293945,0.20000000298023224,0.21807730197906494,0.24166004359722137,1.3007278442382812
C,1.0,0.0,0.0,0.0,0.0,0.2510201930999756,0.2947831153869629,0.2972085475921631,0.3046213686466217,0.9017675518989563,1.3202614784240723,1.3332194089889526,1.3037105798721313,1.2353909015655518,0.44452905654907227,0.4598046839237213,-0.421880841255188,0.003260407829657197,1.0,0.0,0.3003779351711273,0.20000000298023224,0.22236041724681854,0.24468445777893066,1.2981456518173218
C,1.0,0.0,0.0,0.0,0.0,0.2501709759235382,0.2950780689716339,0.29735541343688965,0.3049992322921753,0.9011269211769104,1.3259062767028809,1.337160348892212,1.3096750974655151,1.2491941452026367,0.45186173915863037,0.4653531610965729,-0.4223388433456421,0.002370047615841031,1.0,0.0,0.29794442653656006,0.20000000298023224,0.22483789920806885,0.2524920403957367,1.3054839372634888
C,1.0,0.0,0.0,0.0,0.0,0.2531902492046356,0.29641321301460266,0.2993731200695038,0.306863397359848,0.9031525254249573,1.3266491889953613,1.3417214155197144,1.3136404752731323,1.244376301765442,0.44878509640693665,0.46669748425483704,-0.4233503043651581,0.001893917447887361,1.0,0.0,0.30106765031814575,0.20000000298023224,0.22586211562156677,0.2505897581577301,1.3065968751907349
C,1.0,0.0,0.0,0.0,0.0,0.2537662982940674,0.2963791787624359,0.29936328530311584,0.30747246742248535,0.9079556465148926,1.3254425525665283,1.3378757238388062,1.310414433479309,1.2459315061569214,0.44252800941467285,0.45794621109962463,-0.42297330498695374,0.00238322326913476,1.0,0.0,0.2996542751789093,0.20000000298023224,0.22404740750789642,0.25231456756591797,1.3049160242080688
C,1.0,0.0,0.0,0.0,0.0,0.2515830397605896,0.2962200343608856,0.29927417635917664,0.30560991168022156,0.9051122665405273,1.322037696838379,1.339398741722107,1.3124295473098755,1.2436403036117554,0.4442060887813568,0.4645078182220459,-0.42278438806533813,0.0004859052714891732,1.0,0.0,0.2946401834487915,0.20000000298023224,0.22158540785312653,0.24361281096935272,1.3043766021728516
C,1.0,0.0,0.0,0.0,0.0,0.2515051066875458,0.2958812415599823,0.29859399795532227,0.3055068254470825,0.899694561958313,1.3239827156066895,1.3415584564208984,1.3137249946594238,1.2464323043823242,0.45070430636405945,0.4707547128200531,-0.4236721992492676,0.0008395936456508934,1.0,0.0,0.2969859838485718,0.20000000298023224,0.22513125836849213,0.24646972119808197,1.306424617767334
C,1.0,0.0,0.0,0.0,0.0,0.2551336884498596,0.29734766483306885,0.3009880781173706,0.30702173709869385,0.8993225693702698,1.3230093717575073,1.3397440910339355,1.3145225048065186,1.2446637153625488,0.44766733050346375,0.46790099143981934,-0.42373892664909363,0.00047535914927721024,1.0,0.0,0.31274592876434326,0.20000000298023224,0.22288796305656433,0.24888461828231812,1.3054848909378052
C,1.0,0.0,0.0,0.0,0.0,0.25797244906425476,0.29779723286628723,0.30064740777015686,0.30702272057533264,0.8935451507568359,1.3188141584396362,1.3345894813537598,1.3104579448699951,1.2482225894927979,0.44640326499938965,0.4646744728088379,-0.4250454902648926,0.002659133868291974,1.0,0.0,0.32458579540252686,0.20000000298023224,0.22101975977420807,0.24764853715896606,1.3030210733413696
C,1.0,0.0,0.0,0.0,0.0,0.2544197142124176,0.29726067185401917,0.3002031743526459,0.3075829744338989,0.9025026559829712,1.329038143157959,1.3451722860336304,1.3191053867340088,1.260558843612671,0.4512503743171692,0.4701368510723114,-0.42195993661880493,0.001840310520492494,1.0,0.0,0.3169303834438324,0.20000000298023224,0.2258235514163971,0.25251293182373047,1.3134686946868896
C,1.0,0.0,0.0,0.0,0.0,0.2591783106327057,0.29942673444747925,0.3022283613681793,0.3083566725254059,0.8964492678642273,1.3336691856384277,1.3485151529312134,1.3222439289093018,1.255581259727478,0.4585309624671936,0.4758591651916504,-0.42490047216415405,0.0029686398338526487,1.0,0.0,0.3251417577266693,0.20000000298023224,0.22560623288154602,0.250593364238739,1.31500244140625
C,1.0,0.0,0.0,0.0,0.0,0.2539577782154083,0.297238826751709,0.3007122278213501,0.30607348680496216,0.8833540678024292,1.3249462842941284,1.3455694913864136,1.321547269821167,1.250744104385376,0.4654126763343811,0.4891227185726166,-0.4215927720069885,0.0002282391651533544,1.0,0.0,0.3405516743659973,0.20000000298023224,0.23027296364307404,0.24764388799667358,1.310701847076416
C,1.0,0.0,0.0,0.0,0.0,0.25158506631851196,0.2985156178474426,0.30157074332237244,0.30762532353401184,0.8791706562042236,1.3305529356002808,1.3494044542312622,1.3211708068847656,1.2502115964889526,0.4786733388900757,0.5003151297569275,-0.42308834195137024,0.0020161066204309464,1.0,0.0,0.3262830674648285,0.20000000298023224,0.23644709587097168,0.24393771588802338,1.3128349781036377
C,1.0,0.0,0.0,0.0,0.0,0.2475947141647339,0.2975880205631256,0.30007702112197876,0.305036723613739,0.874021053314209,1.3188083171844482,1.3429745435714722,1.3202881813049316,1.2503858804702759,0.4756159484386444,0.501751184463501,-0.4236856997013092,0.0005502773565240204,1.0,0.0,0.3124842047691345,0.20000000298023224,0.23237602412700653,0.2332153171300888,1.3081141710281372
C,1.0,0.0,0.0,0.0,0.0,0.24594177305698395,0.28668448328971863,0.28544965386390686,0.29468703269958496,0.8771026134490967,1.3271985054016113,1.335776686668396,1.3157118558883667,1.249434232711792,0.47077786922454834,0.47792020440101624,-0.42568618059158325,0.008114096708595753,1.0,0.0,0.2894870340824127,0.20000000298023224,0.22671175003051758,0.2155383974313736,1.3070303201675415
C,1.0,0.0,0.0,0.0,0.0,0.24718457460403442,0.2877032458782196,0.28551891446113586,0.2933436632156372,0.8803665637969971,1.3311223983764648,1.3433758020401,1.3252619504928589,1.259064793586731,0.4713212847709656,0.48115453124046326,-0.42641687393188477,0.008987385779619217,1.0,0.0,0.2841513454914093,0.20000000298023224,0.22490623593330383,0.21148894727230072,1.3147062063217163
D,1.0,0.0,1.0,1.0,1.0,0.2942965030670166,0.32284149527549744,0.44156137108802795,0.4628153443336487,0.919877827167511,0.9711899161338806,1.9386147260665894,1.8425517082214355,1.5443897247314453,0.0990583747625351,1.1885970830917358,-0.4552861452102661,0.5638996362686157,0.25,0.0,0.2618524432182312,0.800000011920929,0.7312914729118347,0.3367483615875244,1.5741865634918213
D,1.0,0.0,1.0,1.0,1.0,0.29342544078826904,0.3215571641921997,0.44129765033721924,0.4623573422431946,0.9097065925598145,0.9559059739112854,1.9276354312896729,1.8374130725860596,1.540781855583191,0.09445708245038986,1.1865342855453491,-0.4549914598464966,0.5799984931945801,0.25,0.0,0.27452322840690613,0.800000011920929,0.731047511100769,0.3410100042819977,1.5654340982437134
D,1.0,0.0,1.0,1.0,1.0,0.2924997806549072,0.3230615258216858,0.4410368800163269,0.46213001012802124,0.91243577003479,0.9629157781600952,1.923850417137146,1.8311197757720947,1.5359019041061401,0.103156678378582,1.1825056076049805,-0.4521854519844055,0.5763614773750305,0.25,0.0,0.2805657982826233,0.800000011920929,0.7258203029632568,0.3334222733974457,1.5634469985961914
D,1.0,0.0,1.0,1.0,1.0,0.29582929611206055,0.32674360275268555,0.4442127048969269,0.4647648334503174,0.9361187219619751,0.981797993183136,1.943071722984314,1.837426781654358,1.5371086597442627,0.10367666184902191,1.1841093301773071,-0.4557037949562073,0.5635378360748291,0.25,0.0,0.24348926544189453,0.800000011920929,0.7219972610473633,0.3324313759803772,1.5748512744903564
D,1.0,0.0,1.0,1.0,1.0,0.2974224090576172,0.3283431828022003,0.4449990391731262,0.4605087637901306,0.9408463835716248,0.9922091364860535,1.9183346033096313,1.831868290901184,1.5404139757156372,0.1069585382938385,1.1560863256454468,-0.4557945430278778,0.5441838502883911,0.25,0.0,0.23276355862617493,0.800000011920929,0.6976003646850586,0.28852903842926025,1.5707064867019653
D,1.0,0.0,1.0,1.0,1.0,0.2999264895915985,0.3300490975379944,0.44792449474334717,0.45828285813331604,0.9494514465332031,0.9927963614463806,1.9241859912872314,1.8503665924072266,1.589221715927124,0.10155761986970901,1.156712532043457,-0.4631293714046478,0.5428856015205383,0.25,0.0,0.1899682581424713,0.800000011920929,0.6915088295936584,0.26640093326568604,1.5891426801681519
D,1.0,0.0,1.0,1.0,1.0,0.300400972366333,0.33148542046546936,0.44421762228012085,0.4550440013408661,0.9557097554206848,1.0005183219909668,1.9109904766082764,1.864198923110962,1.5867109298706055,0.10544835776090622,1.1309664249420166,-0.47000014781951904,0.5193955898284912,0.25,0.0,0.13497141003608704,0.800000011920929,0.6782665252685547,0.2262841761112213,1.5906046628952026
D,1.0,0.0,1.0,1.0,1.0,0.3078647255897522,0.33700698614120483,0.4469297528266907,0.4568621516227722,0.967297375202179,1.0502744913101196,1.9345194101333618,1.8795400857925415,1.5636318922042847,0.1240755245089531,1.134477138519287,-0.4850756525993347,0.4707854092121124,0.25,0.0,0.061912838369607925,0.800000011920929,0.6721363663673401,0.24420486390590668,1.6069915294647217
D,1.0,0.0,1.0,1.0,1.0,0.30136048793792725,0.3259141743183136,0.44270339608192444,0.45402711629867554,0.9471092224121094,1.0000935792922974,1.9000571966171265,1.8530257940292358,1.5944852828979492,0.0918726846575737,1.1212239265441895,-0.4638593792915344,0.5237559676170349,0.25,0.0,0.1892155557870865,0.800000011920929,0.6734194159507751,0.21210159361362457,1.5869154930114746
D,1.0,0.0,1.0,1.0,1.0,0.29722025990486145,0.3199915587902069,0.44294553995132446,0.45804330706596375,0.9418490529060364,0.9755837917327881,1.9190722703933716,1.8327853679656982,1.5468252897262573,0.07640969753265381,1.152051568031311,-0.45339539647102356,0.5622542500495911,0.25,0.0,0.24467797577381134,0.800000011920929,0.6985000371932983,0.2822616696357727,1.5685666799545288
D,1.0,0.0,1.0,1.0,1.0,0.29715076088905334,0.32254767417907715,0.44278985261917114,0.4589863121509552,0.9292603135108948,0.9685234427452087,1.9321285486221313,1.8342288732528687,1.5382850170135498,0.08525233715772629,1.172644853591919,-0.4513965845108032,0.5734952092170715,0.25,0.0,0.2797735333442688,0.800000011920929,0.7107338309288025,0.3097591996192932,1.5682915449142456
D,1.0,0.0,1.0,1.0,1.0,0.28602710366249084,0.3174527585506439,0.4391113519668579,0.4574119746685028,0.9027270674705505,0.950290322303772,1.9345585107803345,1.8368293046951294,1.5401948690414429,0.10303843766450882,1.208666205406189,-0.4487159848213196,0.589665412902832,0.25,0.0,0.2828245759010315,0.800000011920929,0.7335246205329895,0.326875239610672,1.5654683113098145
D,1.0,0.0,1.0,1.0,1.0,0.28196242451667786,0.3118259906768799,0.4389956295490265,0.45762476325035095,0.8916561007499695,0.938491702079773,1.9474791288375854,1.8491721153259277,1.545612096786499,0.09774366766214371,1.2364799976348877,-0.4483204483985901,0.6058215498924255,0.25,0.0,0.28223955631256104,0.800000011920929,0.7522262930870056,0.3329395055770874,1.5701887607574463
D,1.0,0.0,1.0,1.0,1.0,0.2864639461040497,0.31529340147972107,0.4385606050491333,0.45815199613571167,0.8987757563591003,0.9470275640487671,1.9399253129959106,1.8413275480270386,1.540860891342163,0.09646539390087128,1.2143148183822632,-0.44887974858283997,0.5938472151756287,0.25,0.0,0.28928664326667786,0.800000011920929,0.7395871877670288,0.3273208439350128,1.5672852993011475
D,1.0,0.0,1.0,1.0,1.0,0.28935787081718445,0.31547224521636963,0.4390336275100708,0.45785030722618103,0.895898699760437,0.9387474656105042,1.9364625215530396,1.8322718143463135,1.5328266620635986,0.08656501770019531,1.2080355882644653,-0.4494436979293823,0.6010297536849976,0.25,0.0,0.3014886677265167,0.800000011920929,0.7354486584663391,0.3272910416126251,1.5600770711898804
D,1.0,0.0,1.0,1.0,1.0,0.2879839241504669,0.3182450830936432,0.439505398273468,0.4568251073360443,0.9007880687713623,0.9450186491012573,1.9333971738815308,1.8334399461746216,1.537589192390442,0.09820501506328583,1.2056190967559814,-0.44996070861816406,0.595331072807312,0.25,0.0,0.2848738133907318,0.800000011920929,0.731049120426178,0.3228072226047516,1.562361240386963
D,1.0,0.0,1.0,1.0,1.0,0.29455456137657166,0.3229130506515503,0.44141286611557007,0.45860281586647034,0.9265872836112976,0.9539757966995239,1.926900863647461,1.8313182592391968,1.5407423973083496,0.08809934556484222,1.1721711158752441,-0.45196616649627686,0.580268383026123,0.25,0.0,0.2679312527179718,0.800000011920929,0.7158035635948181,0.31044337153434753,1.5632343292236328
D,1.0,0.0,1.0,1.0,1.0,0.2878669500350952,0.31980180740356445,0.43817490339279175,0.4587850272655487,0.926577091217041,0.9793237447738647,1.9344096183776855,1.8372775316238403,1.5475331544876099,0.10912404209375381,1.1865993738174438,-0.45044276118278503,0.5585349798202515,0.25,0.0,0.2493634819984436,0.800000011920929,0.7244846224784851,0.3186176121234894,1.5746359825134277
D,1.0,0.0,1.0,1.0,1.0,0.28790023922920227,0.31978148221969604,0.4370127320289612,0.45788833498954773,0.9376541972160339,0.9965466260910034,1.9386154413223267,1.8396424055099487,1.550925850868225,0.11328806728124619,1.1804999113082886,-0.44974762201309204,0.5407468676567078,0.25,0.0,0.23894962668418884,0.800000011920929,0.7205946445465088,0.3163769841194153,1.581432580947876
D,1.0,0.0,1.0,1.0,1.0,0.28798654675483704,0.31919097900390625,0.43579772114753723,0.4559745788574219,0.9397903680801392,1.0008269548416138,1.9324027299880981,1.8325138092041016,1.5446197986602783,0.11294813454151154,1.1704243421554565,-0.44833433628082275,0.5358359813690186,0.25,0.0,0.24547728896141052,0.800000011920929,0.7137435674667358,0.3164452612400055,1.577590823173523
D,1.0,0.0,1.0,1.0,1.0,0.29157379269599915,0.32119515538215637,0.43775439262390137,0.455837219953537,0.9422260522842407,0.9979028105735779,1.9276230335235596,1.8344931602478027,1.5533075332641602,0.1060020700097084,1.1607639789581299,-0.4501762092113495,0.5361033082008362,0.25,0.0,0.24713797867298126,0.800000011920929,0.7064562439918518,0.31283342838287354,1.578331708908081
D,1.0,0.0,1.0,1.0,1.0,0.2949996590614319,0.3236473500728607,0.43636462092399597,0.4563826322555542,0.9432599544525146,0.9962279796600342,1.9145452976226807,1.82073974609375,1.537513017654419,0.1020389199256897,1.137439250946045,-0.44986093044281006,0.5326902270317078,0.25,0.0,0.2619065046310425,0.800000011920929,0.6955013871192932,0.30643877387046814,1.5672564506530762
D,1.0,0.0,1.0,1.0,1.0,0.29499557614326477,0.323361337184906,0.439214825630188,0.45696207880973816,0.9428271055221558,0.9812049865722656,1.9204589128494263,1.8280450105667114,1.5479778051376343,0.09388553351163864,1.1494089365005493,-0.4502319395542145,0.5540731549263,0.25,0.0,0.2618700861930847,0.800000011920929,0.7026638388633728,0.30875352025032043,1.569421648979187
D,1.0,0.0,1.0,1.0,1.0,0.29259419441223145,0.31866422295570374,0.44164416193962097,0.45917126536369324,0.9303561449050903,0.973293662071228,1.9302400350570679,1.8294610977172852,1.5435001850128174,0.08896207809448242,1.1774457693099976,-0.44931143522262573,0.5685014724731445,0.25,0.0,0.27081945538520813,0.800000011920929,0.7162332534790039,0.30590319633483887,1.5691237449645996
D,1.0,0.0,1.0,1.0,1.0,0.28892239928245544,0.3128568232059479,0.4448336064815521,0.46208372712135315,0.9150220155715942,0.956548810005188,1.9564744234085083,1.8371009826660156,1.5583326816558838,0.0816747397184372,1.22702956199646,-0.44580599665641785,0.594952404499054,0.25,0.0,0.2914324104785919,0.800000011920929,0.7411782741546631,0.29638880491256714,1.577114224433899
D,1.0,0.0,1.0,1.0,1.0,0.3003796637058258,0.3203953206539154,0.4570601284503937,0.47226381301879883,0.9183278679847717,0.9370995163917542,1.9437315464019775,1.8449238538742065,1.5685795545578003,0.06126941740512848,1.2146062850952148,-0.4527853727340698,0.6257117390632629,0.25,0.0,0.29704922437667847,0.800000011920929,0.7389206290245056,0.2907986342906952,1.5735836029052734
D,1.0,0.0,1.0,1.0,1.0,0.31127142906188965,0.3340975344181061,0.47499310970306396,0.5122339129447937,0.9161595106124878,0.9561119079589844,1.9312573671340942,1.8543975353240967,1.5824620723724365,0.07809431850910187,1.2199501991271973,-0.4622171223163605,0.6182029843330383,0.25,0.0,0.2858794629573822,0.800000011920929,0.7375048398971558,0.2539205551147461,1.5810571908950806
D,1.0,0.0,1.0,1.0,1.0,0.3040282726287842,0.3310061991214752,0.4708271920681,0.5155247449874878,0.9108680486679077,0.9541468620300293,1.9491751194000244,1.8694896697998047,1.5882560014724731,0.09006795287132263,1.2468149662017822,-0.4604596197605133,0.6183398365974426,0.25,0.0,0.2718268632888794,0.800000011920929,0.7529226541519165,0.26763418316841125,1.5902669429779053
D,1.0,0.0,1.0,1.0,1.0,0.29986464977264404,0.3252682387828827,0.4640083909034729,0.4793074131011963,0.9153823852539062,0.951394259929657,1.9436975717544556,1.862583041191101,1.579554796218872,0.0827094167470932,1.2329514026641846,-0.45600461959838867,0.6137377619743347,0.25,0.0,0.27550145983695984,0.800000011920929,0.7487310171127319,0.2704237103462219,1.5843074321746826
D,1.0,0.0,1.0,1.0,1.0,0.29691407084465027,0.32276323437690735,0.46465352177619934,0.4779350459575653,0.9153352379798889,0.9501602053642273,1.9533648490905762,1.8605660200119019,1.5910543203353882,0.08333735167980194,1.250055193901062,-0.45416152477264404,0.6235693693161011,0.25,0.0,0.2702784240245819,0.800000011920929,0.7531764507293701,0.2683700621128082,1.5887863636016846
D,1.0,0.0,1.0,1.0,1.0,0.30689260363578796,0.33664196729660034,0.4667956829071045,0.5159738063812256,0.8836224675178528,0.9493368268013,1.924545168876648,1.841089129447937,1.564254879951477,0.10789032280445099,1.2262626886367798,-0.46388691663742065,0.6072129011154175,0.25,0.0,0.29634320735931396,0.800000011920929,0.7399777770042419,0.27016252279281616,1.569806456565857
D,1.0,0.0,1.0,1.0,1.0,0.30834782123565674,0.33519184589385986,0.46247631311416626,0.5166946053504944,0.8902508616447449,0.9454056024551392,1.9274009466171265,1.8238215446472168,1.547163486480713,0.09499654918909073,1.212510347366333,-0.46421366930007935,0.6015743017196655,0.25,0.0,0.2950780987739563,0.800000011920929,0.7364017367362976,0.28923705220222473,1.5609478950500488
D,1.0,0.0,1.0,1.0,1.0,0.30387720465660095,0.33360618352890015,0.4622192084789276,0.4826757311820984,0.8893274664878845,0.9431767463684082,1.933789849281311,1.8323088884353638,1.5591709613800049,0.10105004161596298,1.2279088497161865,-0.46507614850997925,0.5990639925003052,0.25,0.0,0.2693524956703186,0.800000011920929,0.7438015341758728,0.2828125059604645,1.567111611366272
D,1.0,0.0,1.0,1.0,1.0,0.31048309803009033,0.33441638946533203,0.46069052815437317,0.4808439612388611,0.9014204144477844,0.9766123294830322,1.9410649538040161,1.8365938663482666,1.550868272781372,0.10309376567602158,1.2096742391586304,-0.45768114924430847,0.5796130299568176,0.25,0.0,0.3325701653957367,0.800000011920929,0.7324827313423157,0.2817865312099457,1.5762848854064941
D,1.0,0.0,1.0,1.0,1.0,0.2974405288696289,0.3169764280319214,0.4532294273376465,0.4713795781135559,0.9019234776496887,0.9328063130378723,1.940264105796814,1.8259965181350708,1.5460078716278076,0.06420115381479263,1.2202593088150024,-0.4505458474159241,0.6285196542739868,0.25,0.0,0.3153914213180542,0.800000011920929,0.7405348420143127,0.2897915244102478,1.56126868724823
D,1.0,0.0,1.0,1.0,1.0,0.29688453674316406,0.32001054286956787,0.45323407649993896,0.47122424840927124,0.9034693837165833,0.9337201714515686,1.9426363706588745,1.8290554285049438,1.5487374067306519,0.07325258105993271,1.2226481437683105,-0.4507322311401367,0.6266266703605652,0.25,0.0,0.30974388122558594,0.800000011920929,0.7406394481658936,0.2922922968864441,1.563537359237671
D,1.0,0.0,1.0,1.0,1.0,0.30022552609443665,0.32563522458076477,0.45533043146133423,0.47300636768341064,0.8985915184020996,0.9463643431663513,1.9363396167755127,1.8376630544662476,1.5450100898742676,0.08774033188819885,1.217353105545044,-0.45453232526779175,0.6125833988189697,0.25,0.0,0.30862027406692505,0.800000011920929,0.7365512847900391,0.3032649755477905,1.5663442611694336
D,1.0,0.0,1.0,1.0,1.0,0.2974453270435333,0.3235306143760681,0.4547920823097229,0.4730173945426941,0.9029210209846497,0.9363009929656982,1.948206901550293,1.8379645347595215,1.5529332160949707,0.08239255845546722,1.2303553819656372,-0.45225584506988525,0.6257892847061157,0.25,0.0,0.3057929277420044,0.800000011920929,0.7450145483016968,0.29846692085266113,1.568851351737976
D,1.0,0.0,1.0,1.0,1.0,0.2966512143611908,0.3242667019367218,0.45440804958343506,0.47327086329460144,0.9055086374282837,0.941042423248291,1.948728322982788,1.835003137588501,1.5519211292266846,0.08759170025587082,1.2300158739089966,-0.45325222611427307,0.6188650131225586,0.25,0.0,0.29218873381614685,0.800000011920929,0.7433353662490845,0.29453369975090027,1.569173812866211
D,1.0,0.0,1.0,1.0,1.0,0.29638099670410156,0.3222545385360718,0.4540584981441498,0.47136038541793823,0.9010445475578308,0.9328458309173584,1.9408247470855713,1.8381783962249756,1.5494434833526611,0.08100484311580658,1.2253786325454712,-0.45024731755256653,0.6334394216537476,0.25,0.0,0.31632038950920105,0.800000011920929,0.7422308325767517,0.3019319474697113,1.5653231143951416
D,1.0,0.0,1.0,1.0,1.0,0.3040969967842102,0.3246130645275116,0.4567846953868866,0.47299182415008545,0.9059023857116699,0.9418123364448547,1.9403843879699707,1.8315950632095337,1.550578236579895,0.06951703131198883,1.2111639976501465,-0.4529346227645874,0.6216641068458557,0.25,0.0,0.3283596634864807,0.800000011920929,0.7329534888267517,0.29783764481544495,1.5660924911499023
D,1.0,0.0,1.0,1.0,1.0,0.304561972618103,0.3276202976703644,0.45807331800460815,0.4744821786880493,0.9107369184494019,0.9513893723487854,1.9546945095062256,1.8368157148361206,1.5499684810638428,0.07872382551431656,1.2230838537216187,-0.4549158215522766,0.6106090545654297,0.25,0.0,0.31210091710090637,0.800000011920929,0.735984206199646,0.29273414611816406,1.5732170343399048
D,1.0,0.0,1.0,1.0,1.0,0.29966065287590027,0.32129746675491333,0.4554159641265869,0.47263622283935547,0.9040482044219971,0.9452091455459595,1.942746639251709,1.830435872077942,1.5408587455749512,0.07510636001825333,1.221104621887207,-0.45148637890815735,0.6191481351852417,0.25,0.0,0.3174564838409424,0.800000011920929,0.7359617352485657,0.2878866195678711,1.5648125410079956
D,1.0,0.0,1.0,1.0,1.0,0.29732850193977356,0.31841740012168884,0.4558330774307251,0.4718186557292938,0.9071403741836548,0.9420210123062134,1.9536668062210083,1.8443502187728882,1.5517079830169678,0.07047157734632492,1.2351763248443604,-0.45165711641311646,0.6238809823989868,0.25,0.0,0.30411654710769653,0.800000011920929,0.7453781366348267,0.29530030488967896,1.5729365348815918
D,1.0,0.0,1.0,1.0,1.0,0.3019119203090668,0.32563722133636475,0.45985347032546997,0.4764367640018463,0.9083250761032104,0.9580443501472473,1.947488784790039,1.845808982849121,1.552903652191162,0.0854649469256401,1.2274035215377808,-0.45442691445350647,0.6088793873786926,0.25,0.0,0.3088095486164093,0.800000011920929,0.7424219250679016,0.30365487933158875,1.576061487197876
D,1.0,0.0,1.0,1.0,1.0,0.30224156379699707,0.3283376693725586,0.46172618865966797,0.47894033789634705,0.8944394588470459,0.9426788687705994,1.9414358139038086,1.8492894172668457,1.5535988807678223,0.0893925353884697,1.2341322898864746,-0.45800405740737915,0.6215140223503113,0.25,0.0,0.3058081865310669,0.800000011920929,0.7472793459892273,0.30418816208839417,1.5717507600784302
D,1.0,0.0,1.0,1.0,1.0,0.303345263004303,0.32719239592552185,0.46131694316864014,0.478863388299942,0.8991600871086121,0.9405631422996521,1.947981357574463,1.8483549356460571,1.5482620000839233,0.08036638796329498,1.233954668045044,-0.4582068920135498,0.6242417693138123,0.25,0.0,0.30608507990837097,0.800000011920929,0.748158872127533,0.3134130835533142,1.571290373802185
D,1.0,0.0,1.0,1.0,1.0,0.2990856170654297,0.3248288631439209,0.45895788073539734,0.4763098657131195,0.8951283693313599,0.9406616687774658,1.935295820236206,1.8416810035705566,1.5477547645568848,0.08704975992441177,1.228753924369812,-0.45563873648643494,0.6235707998275757,0.25,0.0,0.3065255284309387,0.800000011920929,0.7455708384513855,0.3066914975643158,1.5663483142852783
D,1.0,0.0,1.0,1.0,1.0,0.30448389053344727,0.32640284299850464,0.460281103849411,0.48045477271080017,0.8951521515846252,0.9387785792350769,1.930040955543518,1.838049292564392,1.5462950468063354,0.07672303915023804,1.2151895761489868,-0.4592040777206421,0.61551433801651,0.25,0.0,0.31076472997665405,0.800000011920929,0.7433659434318542,0.3044874966144562,1.5632909536361694
D,1.0,0.0,1.0,1.0,1.0,0.29973745346069336,0.32180121541023254,0.45693275332450867,0.4762866795063019,0.8912320733070374,0.9308842420578003,1.9277883768081665,1.8391480445861816,1.5443652868270874,0.07454372197389603,1.218612551689148,-0.4542553722858429,0.6285597681999207,0.25,0.0,0.3244016766548157,0.800000011920929,0.7452085614204407,0.305816650390625,1.5605465173721313
D,1.0,0.0,1.0,1.0,1.0,0.30037373304367065,0.3239000141620636,0.456930935382843,0.47605258226394653,0.8904759287834167,0.9362910985946655,1.9332047700881958,1.8364555835723877,1.5387170314788818,0.08155637234449387,1.2228612899780273,-0.454696387052536,0.6243371367454529,0.25,0.0,0.32528290152549744,0.800000011920929,0.7438341975212097,0.30823203921318054,1.5611671209335327
D,1.0,0.0,1.0,1.0,1.0,0.3014948070049286,0.3240930736064911,0.4555799663066864,0.4738587737083435,0.8936086893081665,0.9412363171577454,1.9384552240371704,1.8440243005752563,1.5431112051010132,0.08065930753946304,1.2205510139465332,-0.4542040228843689,0.615333080291748,0.25,0.0,0.32843804359436035,0.800000011920929,0.7419270873069763,0.30489569902420044,1.5667067766189575
D,1.0,0.0,1.0,1.0,1.0,0.2965736389160156,0.3166773021221161,0.4533320665359497,0.47148633003234863,0.9063832759857178,0.9464313387870789,1.9542866945266724,1.8492885828018188,1.551281213760376,0.07088358700275421,1.232512354850769,-0.4508994519710541,0.6106319427490234,0.25,0.0,0.30780860781669617,0.800000011920929,0.748432993888855,0.2959638833999634,1.575321912765503
D,1.0,0.0,1.0,1.0,1.0,0.3005221486091614,0.3157212436199188,0.4522761106491089,0.47037625312805176,0.8975720405578613,0.9397953152656555,1.943080186843872,1.840901494026184,1.5629135370254517,0.060874469578266144,1.2173912525177002,-0.44980600476264954,0.6161338090896606,0.25,0.0,0.3405950367450714,0.800000011920929,0.7406174540519714,0.2925243079662323,1.5716726779937744
D,1.0,0.0,1.0,1.0,1.0,0.29710501432418823,0.3133298456668854,0.4507654309272766,0.4682964086532593,0.8950330018997192,0.9454582333564758,1.9485396146774292,1.8461002111434937,1.5674571990966797,0.06885351240634918,1.2281945943832397,-0.44968435168266296,0.6087677478790283,0.25,0.0,0.32487860321998596,0.800000011920929,0.7422860860824585,0.282138466835022,1.5768887996673584
D,1.0,0.0,1.0,1.0,1.0,0.294376403093338,0.31199997663497925,0.44951075315475464,0.4683971405029297,0.9051098227500916,0.9551441669464111,1.93728768825531,1.8318183422088623,1.552963137626648,0.07178325951099396,1.2139638662338257,-0.44933009147644043,0.5967000722885132,0.25,0.0,0.300747275352478,0.800000011920929,0.7355636358261108,0.27780574560165405,1.569303274154663
D,1.0,0.0,1.0,1.0,1.0,0.29980775713920593,0.31497469544410706,0.4513986110687256,0.47072696685791016,0.892174243927002,0.9454009532928467,1.9316511154174805,1.831278681755066,1.5533901453018188,0.06890349090099335,1.2099765539169312,-0.4509805738925934,0.6054500341415405,0.25,0.0,0.33157825469970703,0.800000011920929,0.7355211973190308,0.28203287720680237,1.5654301643371582
D,1.0,0.0,1.0,1.0,1.0,0.2998420000076294,0.31838876008987427,0.4531053304672241,0.4733857214450836,0.8827523589134216,0.9444890022277832,1.9294887781143188,1.8322426080703735,1.5531712770462036,0.08149335533380508,1.2177684307098389,-0.45343515276908875,0.6051884293556213,0.25,0.0,0.3332691192626953,0.800000011920929,0.7423043847084045,0.29423654079437256,1.5648479461669922
D,1.0,0.0,1.0,1.0,1.0,0.3006569743156433,0.3202507197856903,0.45382553339004517,0.47448834776878357,0.8865345120429993,0.9432199001312256,1.9283318519592285,1.8290815353393555,1.5458439588546753,0.07987906038761139,1.2139191627502441,-0.45443689823150635,0.6054014563560486,0.25,0.0,0.32611140608787537,0.800000011920929,0.7395551204681396,0.2893705368041992,1.5616192817687988
D,1.0,0.0,1.0,1.0,1.0,0.29652026295661926,0.3173651099205017,0.45352280139923096,0.47362667322158813,0.8889541625976562,0.940081775188446,1.937654733657837,1.838576078414917,1.5568153858184814,0.07871809601783752,1.2289828062057495,-0.4533756673336029,0.6106856465339661,0.25,0.0,0.31153222918510437,0.800000011920929,0.7481945753097534,0.28678131103515625,1.5682820081710815
E,1.0,0.0,0.0,0.0,0.0,0.42256197333335876,0.4038090407848358,0.4464472532272339,0.5107468962669373,0.5757693648338318,1.2757810354232788,1.2309582233428955,1.175572156906128,1.1145682334899902,0.7018297910690308,0.6582257747650146,-0.4733232855796814,0.013182219117879868,0.75,0.0,1.0,0.20000000298023224,0.42287543416023254,0.500679612159729,1.199219822883606
E,1.0,0.0,0.0,0.0,0.0,0.41487303376197815,0.4063411355018616,0.45185643434524536,0.5030350089073181,0.5899981260299683,1.2727329730987549,1.2157610654830933,1.1490106582641602,1.089830756187439,0.6831297278404236,0.6334441304206848,-0.47698497772216797,0.023590467870235443,0.5,0.0,1.0,0.20000000298023224,0.42067262530326843,0.5075377821922302,1.1818338632583618
E,1.0,0.0,0.0,0.0,0.0,0.4091574549674988,0.41227486729621887,0.454287588596344,0.5009592771530151,0.6898661851882935,1.2179276943206787,1.1065247058868408,1.0952661037445068,1.0660094022750854,0.5281378626823425,0.4346531629562378,-0.48185694217681885,0.05448000878095627,0.5,0.0,1.0,0.20000000298023224,0.3523576855659485,0.4994278848171234,1.1214319467544556
E,1.0,0.0,0.0,0.0,0.0,0.39714375138282776,0.40752360224723816,0.5483449697494507,0.498462051153183,0.72780442237854,1.1411242485046387,1.0432339906692505,1.0527560710906982,1.0391886234283447,0.41438671946525574,0.3488679528236389,-0.4809083044528961,0.08720488846302032,0.5,0.0,1.0,0.20000000298023224,0.3288530111312866,0.5094935894012451,1.0690757036209106
E,1.0,0.0,0.0,0.0,0.0,0.41175439953804016,0.40118110179901123,0.44488319754600525,0.5066320300102234,0.672520637512207,1.164034128189087,1.0865041017532349,1.0851365327835083,1.0488576889038086,0.4923912286758423,0.42342668771743774,-0.47484827041625977,0.03271152824163437,0.5,0.0,1.0,0.20000000298023224,0.3486950397491455,0.495739221572876,1.0961331129074097
E,1.0,0.0,0.0,0.0,0.0,0.42411598563194275,0.3988889455795288,0.4424380660057068,0.5066255331039429,0.6551774740219116,1.1332361698150635,1.0633901357650757,1.067101240158081,1.0382072925567627,0.48290905356407166,0.41102954745292664,-0.47492969036102295,0.03936886042356491,0.5,0.0,1.0,0.20000000298023224,0.3414853811264038,0.4870361089706421,1.0754836797714233
E,1.0,0.0,0.0,0.0,0.0,0.4292748272418976,0.3986980617046356,0.4417398273944855,0.5063587427139282,0.6456614136695862,1.1262346506118774,1.0628005266189575,1.0693870782852173,1.0381962060928345,0.48749908804893494,0.4183984696865082,-0.47451406717300415,0.03577239066362381,0.5,0.0,1.0,0.20000000298023224,0.34388023614883423,0.4899418354034424,1.0741546154022217
E,1.0,0.0,0.0,0.0,0.0,0.4476526975631714,0.3985857367515564,0.4418061375617981,0.5068382024765015,0.6370747089385986,1.1432427167892456,1.079694390296936,1.0775927305221558,1.0559030771255493,0.5229513645172119,0.4428817629814148,-0.47264373302459717,0.03749372065067291,0.5,0.0,1.0,0.20000000298023224,0.35167115926742554,0.4921414852142334,1.0891082286834717
E,1.0,0.0,0.0,0.0,0.0,0.4851062595844269,0.3996678292751312,0.44299033284187317,0.505520761013031,0.6277584433555603,1.1656111478805542,1.0924923419952393,1.0775150060653687,1.059248685836792,0.5845400094985962,0.477458119392395,-0.4719086289405823,0.05577841028571129,0.5,0.0,1.0,0.20000000298023224,0.360591322183609,0.48609378933906555,1.0987167358398438
E,1.0,0.0,0.0,0.0,0.0,0.47986751794815063,0.3955858647823334,0.4397738575935364,0.5080735683441162,0.6265934109687805,1.1829315423965454,1.1001240015029907,1.0767433643341064,1.0624114274978638,0.6009777784347534,0.4849260151386261,-0.46869057416915894,0.0537651889026165,0.5,0.0,1.0,0.20000000298023224,0.36781203746795654,0.4911198019981384,1.1055525541305542
E,1.0,0.0,0.0,0.0,0.0,0.46797072887420654,0.39626985788345337,0.44008901715278625,0.5075168609619141,0.619105339050293,1.173701286315918,1.0942047834396362,1.0730377435684204,1.0620133876800537,0.5867630243301392,0.4805348217487335,-0.46943390369415283,0.05294863134622574,0.5,0.0,1.0,0.20000000298023224,0.36793920397758484,0.49143385887145996,1.1007392406463623
E,1.0,0.0,0.0,0.0,0.0,0.40843671560287476,0.3901400566101074,0.43566811084747314,0.5128840804100037,0.7079406380653381,1.1648521423339844,1.1088608503341675,1.0822436809539795,1.0538902282714844,0.45988258719444275,0.4080181419849396,-0.4644041955471039,0.005214503034949303,0.5,0.0,1.0,0.20000000298023224,0.34663650393486023,0.5064697265625,1.1024616956710815
E,1.0,0.0,0.0,0.0,0.0,0.40174660086631775,0.38896340131759644,0.43470314145088196,0.514273464679718,0.7350992560386658,1.1648846864700317,1.1131575107574463,1.0812891721725464,1.0471651554107666,0.43138888478279114,0.3894765079021454,-0.4635431468486786,0.010611836798489094,0.5,0.0,1.0,0.20000000298023224,0.34105995297431946,0.5050326585769653,1.1016241312026978
E,1.0,0.0,0.0,0.0,0.0,0.40749290585517883,0.38624924421310425,0.4319151043891907,0.5172984004020691,0.6954160928726196,1.1897083520889282,1.123281717300415,1.0922220945358276,1.063075065612793,0.4980045557022095,0.4332033395767212,-0.4621778428554535,0.00042824895353987813,0.5,0.0,1.0,0.20000000298023224,0.35808590054512024,0.5014362335205078,1.1170718669891357
E,1.0,0.0,0.0,0.0,0.0,0.4048657715320587,0.3857596218585968,0.43055275082588196,0.5184424519538879,0.6882330775260925,1.1960902214050293,1.1283864974975586,1.0879980325698853,1.0636268854141235,0.5107678174972534,0.4458582401275635,-0.4629591405391693,0.0047718193382024765,0.5,0.0,1.0,0.20000000298023224,0.3623558580875397,0.5004225969314575,1.1190253496170044
E,1.0,0.0,0.0,0.0,0.0,0.3991641402244568,0.38467472791671753,0.4286898076534271,0.522067666053772,0.7033736705780029,1.182084083557129,1.127503514289856,1.0968002080917358,1.0685060024261475,0.4805062413215637,0.43209341168403625,-0.46138888597488403,0.004951850511133671,0.5,0.0,1.0,0.20000000298023224,0.3519653379917145,0.4971664249897003,1.1187235116958618
E,1.0,0.0,0.0,0.0,0.0,0.39893779158592224,0.383575975894928,0.42795518040657043,0.5225510597229004,0.6830870509147644,1.185402512550354,1.127604603767395,1.0918219089508057,1.0592490434646606,0.5041888952255249,0.45165517926216125,-0.46191468834877014,0.0018627572571858764,0.5,0.0,1.0,0.20000000298023224,0.35899817943573,0.49900344014167786,1.1160194873809814
E,1.0,0.0,0.0,0.0,0.0,0.4014364778995514,0.38375788927078247,0.4282095432281494,0.5222363471984863,0.668136477470398,1.1877795457839966,1.12851881980896,1.089848518371582,1.055964708328247,0.521992564201355,0.4661361277103424,-0.4619749188423157,0.001833886606618762,0.5,0.0,1.0,0.20000000298023224,0.3640407621860504,0.49687209725379944,1.115527868270874
E,1.0,0.0,0.0,0.0,0.0,0.40398108959198,0.3851357400417328,0.4295046627521515,0.5205538868904114,0.6607152819633484,1.190700650215149,1.1262187957763672,1.0894386768341064,1.0596553087234497,0.532579779624939,0.4706116020679474,-0.46318677067756653,0.002583450637757778,0.5,0.0,1.0,0.20000000298023224,0.3667750358581543,0.4970993101596832,1.116503357887268
E,1.0,0.0,0.0,0.0,0.0,0.4013596177101135,0.3850986957550049,0.42908817529678345,0.5208533406257629,0.6645886301994324,1.1899305582046509,1.1238571405410767,1.0855575799942017,1.056280255317688,0.5273020267486572,0.4653942584991455,-0.4629175364971161,0.005877156276255846,0.5,0.0,1.0,0.20000000298023224,0.3656141459941864,0.49725285172462463,1.1139063835144043
E,1.0,0.0,0.0,0.0,0.0,0.4036747217178345,0.3857954144477844,0.4302956163883209,0.520072340965271,0.6694485545158386,1.1903923749923706,1.1245726346969604,1.0884510278701782,1.052947759628296,0.5233507752418518,0.4608692526817322,-0.4631965458393097,0.004277457948774099,0.5,0.0,1.0,0.20000000298023224,0.36332201957702637,0.4982185661792755,1.114090919494629
E,1.0,0.0,0.0,0.0,0.0,0.4017907977104187,0.38357338309288025,0.4278601109981537,0.5218537449836731,0.6750593185424805,1.193375587463379,1.1260151863098145,1.0903626680374146,1.0533149242401123,0.5208548307418823,0.45657074451446533,-0.46235257387161255,0.006057182792574167,0.5,0.0,1.0,0.20000000298023224,0.36429592967033386,0.5005756616592407,1.115767002105713
E,1.0,0.0,0.0,0.0,0.0,0.4056282937526703,0.38371381163597107,0.4276348650455475,0.5219256281852722,0.677503764629364,1.1907306909561157,1.1179293394088745,1.081934928894043,1.0559651851654053,0.516937255859375,0.4445148706436157,-0.4623563289642334,0.01575394533574581,0.5,0.0,1.0,0.20000000298023224,0.358805775642395,0.4956493377685547,1.1116400957107544
E,1.0,0.0,0.0,0.0,0.0,0.40384185314178467,0.3832677900791168,0.42711421847343445,0.5224122405052185,0.6879017353057861,1.1980494260787964,1.122798204421997,1.0878252983093262,1.0627620220184326,0.51350998878479,0.4396154582500458,-0.4614100754261017,0.015313731506466866,0.5,0.0,1.0,0.20000000298023224,0.35869815945625305,0.4987483024597168,1.1178587675094604
E,1.0,0.0,0.0,0.0,0.0,0.40822115540504456,0.3832152485847473,0.4260760247707367,0.5233858227729797,0.7137574553489685,1.1957499980926514,1.1205694675445557,1.085556149482727,1.0635968446731567,0.4874230921268463,0.40989258885383606,-0.46193522214889526,0.017793135717511177,0.5,0.0,1.0,0.20000000298023224,0.3474890887737274,0.4949197769165039,1.1163681745529175
E,1.0,0.0,0.0,0.0,0.0,0.40835636854171753,0.38245484232902527,0.42667269706726074,0.5231379270553589,0.6685716509819031,1.2039847373962402,1.1282917261123657,1.0890262126922607,1.0571649074554443,0.5403648018836975,0.46242794394493103,-0.4608875513076782,0.013568832539021969,0.5,0.0,1.0,0.20000000298023224,0.366422563791275,0.4978310167789459,1.1196168661117554
E,1.0,0.0,0.0,0.0,0.0,0.3986787796020508,0.3843248784542084,0.42892444133758545,0.5238420367240906,0.6938170194625854,1.1929914951324463,1.1362245082855225,1.100117564201355,1.069430947303772,0.5008572936058044,0.45037394762039185,-0.46020540595054626,0.007097849156707525,0.5,0.0,1.0,0.20000000298023224,0.3561369478702545,0.49582475423812866,1.124691128730774
E,1.0,0.0,0.0,0.0,0.0,0.3882594704627991,0.3842655420303345,0.4305480718612671,0.5223591327667236,0.7072574496269226,1.2006734609603882,1.1463075876235962,1.1158204078674316,1.097549319267273,0.49355149269104004,0.45503127574920654,-0.4622185528278351,0.01523887924849987,0.5,0.0,1.0,0.20000000298023224,0.3612433671951294,0.4952060878276825,1.1400877237319946
E,1.0,0.0,0.0,0.0,0.0,0.4109709560871124,0.38346153497695923,0.4286179840564728,0.523657500743866,0.6895712614059448,1.227638840675354,1.165723443031311,1.1258656978607178,1.0969607830047607,0.5439077019691467,0.4787389636039734,-0.46022334694862366,0.010031752288341522,0.5,0.0,1.0,0.20000000298023224,0.3684491217136383,0.4919836223125458,1.1540472507476807
E,1.0,0.0,0.0,0.0,0.0,0.4200572669506073,0.3824637532234192,0.4278997480869293,0.524534285068512,0.669999897480011,1.2288872003555298,1.1700665950775146,1.126810908317566,1.0967952013015747,0.569057285785675,0.5005422234535217,-0.4573791027069092,0.014309840276837349,0.5,0.0,1.0,0.20000000298023224,0.3737339973449707,0.48929107189178467,1.155639886856079
E,1.0,0.0,0.0,0.0,0.0,0.41906246542930603,0.3828573226928711,0.42842841148376465,0.5245760083198547,0.6581733822822571,1.2272694110870361,1.1727656126022339,1.1287689208984375,1.097108006477356,0.5781947374343872,0.5152410864830017,-0.45820921659469604,0.0173652283847332,0.5,0.0,1.0,0.20000000298023224,0.37700802087783813,0.49231797456741333,1.1564780473709106
E,1.0,0.0,0.0,0.0,0.0,0.4119856059551239,0.38307374715805054,0.4289216995239258,0.5246947407722473,0.6590007543563843,1.2273046970367432,1.1724135875701904,1.1264041662216187,1.097585678100586,0.5741404891014099,0.5155379772186279,-0.4576803743839264,0.01959788054227829,0.5,0.0,1.0,0.20000000298023224,0.3776416480541229,0.4935920536518097,1.155927062034607
E,1.0,0.0,0.0,0.0,0.0,0.4076264798641205,0.38182127475738525,0.42629528045654297,0.5258921384811401,0.6912693381309509,1.2287921905517578,1.168744683265686,1.116798996925354,1.078553318977356,0.5426881909370422,0.48037582635879517,-0.4592030644416809,0.012798704206943512,0.5,0.0,1.0,0.20000000298023224,0.3687445819377899,0.49278002977371216,1.1482223272323608
E,1.0,0.0,0.0,0.0,0.0,0.4022270143032074,0.38111457228660583,0.4259476959705353,0.5261583924293518,0.7022778391838074,1.2246853113174438,1.166249394416809,1.1081221103668213,1.0746735334396362,0.5260151028633118,0.46884527802467346,-0.458575040102005,0.013181119225919247,0.5,0.0,1.0,0.20000000298023224,0.3653663992881775,0.4947443902492523,1.1434326171875
E,1.0,0.0,0.0,0.0,0.0,0.4074602723121643,0.38234126567840576,0.42726925015449524,0.5248140692710876,0.7009234428405762,1.221177101135254,1.1556289196014404,1.1023099422454834,1.0672298669815063,0.5253488421440125,0.45814093947410583,-0.45871496200561523,0.0057672178372740746,0.5,0.0,1.0,0.20000000298023224,0.36267974972724915,0.4919891357421875,1.1365864276885986
E,1.0,0.0,0.0,0.0,0.0,0.40895184874534607,0.383573979139328,0.42873600125312805,0.5231373310089111,0.6951607465744019,1.218495488166809,1.1528884172439575,1.102117657661438,1.0709831714630127,0.5284510850906372,0.4610961675643921,-0.46148550510406494,0.00488148583099246,0.5,0.0,1.0,0.20000000298023224,0.3622450530529022,0.49204790592193604,1.136121153831482
E,1.0,0.0,0.0,0.0,0.0,0.4076231122016907,0.3822244107723236,0.42649179697036743,0.524280846118927,0.6940330862998962,1.2169101238250732,1.1459823846817017,1.0957001447677612,1.062830924987793,0.5279912352561951,0.45502975583076477,-0.4594351351261139,0.004975150804966688,0.5,0.0,1.0,0.20000000298023224,0.36150509119033813,0.4942094087600708,1.1303558349609375
E,1.0,0.0,0.0,0.0,0.0,0.4079095423221588,0.381264865398407,0.4250424802303314,0.5258235335350037,0.6931390166282654,1.2187652587890625,1.1495389938354492,1.0944422483444214,1.0604630708694458,0.531223714351654,0.45892125368118286,-0.4600953161716461,0.003710163291543722,0.5,0.0,1.0,0.20000000298023224,0.3614167869091034,0.49178338050842285,1.1308023929595947
E,1.0,0.0,0.0,0.0,0.0,0.4083944857120514,0.38254839181900024,0.42636045813560486,0.5245734453201294,0.6980862021446228,1.2149091958999634,1.1421211957931519,1.091007947921753,1.0580624341964722,0.522201657295227,0.44688519835472107,-0.46055471897125244,0.007629079278558493,0.5,0.0,1.0,0.20000000298023224,0.35824379324913025,0.4907468855381012,1.1265251636505127
E,1.0,0.0,0.0,0.0,0.0,0.4063650369644165,0.38176673650741577,0.42574813961982727,0.525536060333252,0.6929265260696411,1.2163022756576538,1.145465612411499,1.0911827087402344,1.0624701976776123,0.5281598567962646,0.4557783007621765,-0.45995813608169556,0.0037914211861789227,0.5,0.0,1.0,0.20000000298023224,0.3606269359588623,0.49216315150260925,1.1288552284240723
E,1.0,0.0,0.0,0.0,0.0,0.4074268937110901,0.382476270198822,0.42688193917274475,0.5249581336975098,0.6918002367019653,1.2181981801986694,1.152028203010559,1.0948479175567627,1.0675373077392578,0.5312909483909607,0.463450163602829,-0.4596427083015442,0.001942789531312883,0.5,0.0,1.0,0.20000000298023224,0.36088770627975464,0.4895581305027008,1.1331528425216675
E,1.0,0.0,0.0,0.0,0.0,0.40895894169807434,0.3806435763835907,0.42522498965263367,0.5263292193412781,0.697891891002655,1.2176817655563354,1.1531867980957031,1.0939915180206299,1.0608540773391724,0.5262145400047302,0.4575966000556946,-0.45769065618515015,0.004872954450547695,0.5,0.0,1.0,0.20000000298023224,0.35946711897850037,0.4872182607650757,1.131428599357605
E,1.0,0.0,0.0,0.0,0.0,0.4100676476955414,0.3812303841114044,0.4257296621799469,0.5269193649291992,0.7381765246391296,1.222444772720337,1.1630187034606934,1.1015009880065918,1.0656476020812988,0.4918504059314728,0.42728084325790405,-0.457533597946167,0.012980978935956955,0.5,0.0,1.0,0.20000000298023224,0.34736403822898865,0.48613882064819336,1.138153076171875
E,1.0,0.0,0.0,0.0,0.0,0.40841037034988403,0.38092148303985596,0.4253663122653961,0.5270849466323853,0.7341079115867615,1.2275819778442383,1.165291428565979,1.099760890007019,1.0661249160766602,0.5002332925796509,0.433988481760025,-0.4573240876197815,0.009987114928662777,0.5,0.0,1.0,0.20000000298023224,0.3506890833377838,0.4896641671657562,1.1396898031234741
E,1.0,0.0,0.0,0.0,0.0,0.4081976115703583,0.3808647096157074,0.42565789818763733,0.5268765091896057,0.7171011567115784,1.2167807817459106,1.1582382917404175,1.091937780380249,1.0573261976242065,0.5060726404190063,0.44395989179611206,-0.457820326089859,0.01308013778179884,0.5,0.0,1.0,0.20000000298023224,0.35182464122772217,0.48686090111732483,1.1310707330703735
E,1.0,0.0,0.0,0.0,0.0,0.39744478464126587,0.38647472858428955,0.42960795760154724,0.524649441242218,0.7694481015205383,1.2226399183273315,1.1621795892715454,1.098361611366272,1.0694715976715088,0.4544227421283722,0.4041784703731537,-0.4614561200141907,0.005308178253471851,0.5,0.0,1.0,0.20000000298023224,0.3379543721675873,0.49043914675712585,1.1381632089614868
E,1.0,0.0,0.0,0.0,0.0,0.39260533452033997,0.38637372851371765,0.4300696551799774,0.5254945755004883,0.8302561044692993,1.2004237174987793,1.1484119892120361,1.1120737791061401,1.101338267326355,0.3706831634044647,0.3382546305656433,-0.4595170021057129,0.011661482974886894,0.5,0.0,1.0,0.20000000298023224,0.3132985532283783,0.48655322194099426,1.1405619382858276
E,1.0,0.0,0.0,0.0,0.0,0.39247119426727295,0.3881057798862457,0.43055567145347595,0.5268840789794922,0.8091209530830383,1.1964300870895386,1.1600615978240967,1.1327694654464722,1.134244680404663,0.3875441253185272,0.36956727504730225,-0.46042153239250183,0.01742696389555931,0.5,0.0,1.0,0.20000000298023224,0.31678712368011475,0.4762037396430969,1.1558765172958374
E,1.0,0.0,0.0,0.0,0.0,0.38404303789138794,0.3872813582420349,0.42989346385002136,0.5285595059394836,0.7782971858978271,1.1987298727035522,1.1576929092407227,1.1316195726394653,1.1386268138885498,0.4205474555492401,0.4032415747642517,-0.4592990577220917,0.015168782323598862,0.5,0.0,1.0,0.20000000298023224,0.32940107583999634,0.4772907793521881,1.1566672325134277
E,1.0,0.0,0.0,0.0,0.0,0.37761691212654114,0.3871500492095947,0.4298178255558014,0.5289762616157532,0.7596978545188904,1.19705069065094,1.1564637422561646,1.1300153732299805,1.1362954378128052,0.4382842779159546,0.4254389703273773,-0.46014323830604553,0.016262121498584747,0.5,0.0,1.0,0.20000000298023224,0.33715176582336426,0.4784688949584961,1.154956340789795
E,1.0,0.0,0.0,0.0,0.0,0.3987421691417694,0.38676682114601135,0.43049588799476624,0.5273889899253845,0.7712564468383789,1.1929593086242676,1.1439205408096313,1.1166640520095825,1.1181169748306274,0.4232439696788788,0.3842538297176361,-0.4595622420310974,0.008338027633726597,0.5,0.0,1.0,0.20000000298023224,0.3220449984073639,0.4766634404659271,1.1429152488708496
E,1.0,0.0,0.0,0.0,0.0,0.42305317521095276,0.3877098560333252,0.43205931782722473,0.5263792276382446,0.7277123332023621,1.2092832326889038,1.164678931236267,1.1396924257278442,1.1272971630096436,0.49269530177116394,0.4377422034740448,-0.4589351415634155,0.013270151801407337,0.5,0.0,1.0,0.20000000298023224,0.3383583128452301,0.4769565165042877,1.1602379083633423
E,1.0,0.0,0.0,0.0,0.0,0.4532470107078552,0.38940244913101196,0.43222326040267944,0.5255368947982788,0.7396613955497742,1.2053308486938477,1.1557554006576538,1.1351776123046875,1.1281418800354004,0.5025874972343445,0.42054975032806396,-0.4593627452850342,0.010522764176130295,0.5,0.0,1.0,0.20000000298023224,0.32840144634246826,0.47186097502708435,1.1561014652252197
E,1.0,0.0,0.0,0.0,0.0,0.4555233418941498,0.386506587266922,0.4307653605937958,0.5255250334739685,0.7253983020782471,1.219237208366394,1.168305516242981,1.1372523307800293,1.126997709274292,0.5341284871101379,0.4486548900604248,-0.45803210139274597,0.0054092262871563435,0.5,0.0,1.0,0.20000000298023224,0.34303784370422363,0.4840717911720276,1.1629482507705688
E,1.0,0.0,0.0,0.0,0.0,0.4522533714771271,0.3858189582824707,0.43022939562797546,0.5256845951080322,0.7106711268424988,1.2218070030212402,1.1725810766220093,1.1427639722824097,1.1278046369552612,0.5467594265937805,0.4662066102027893,-0.4586184024810791,0.0027031044010072947,0.5,0.0,1.0,0.20000000298023224,0.3510228395462036,0.4845349192619324,1.1662391424179077
E,1.0,0.0,0.0,0.0,0.0,0.4353662431240082,0.3835456669330597,0.42922767996788025,0.5269160866737366,0.7064286470413208,1.2121524810791016,1.1632277965545654,1.1255176067352295,1.1119681596755981,0.5276376605033875,0.45713356137275696,-0.4573112428188324,0.009907477535307407,0.5,0.0,1.0,0.20000000298023224,0.3483307659626007,0.48062074184417725,1.1532164812088013
E,1.0,0.0,0.0,0.0,0.0,0.42293238639831543,0.3817867040634155,0.4276945888996124,0.5290319919586182,0.7240137457847595,1.2123075723648071,1.163650393486023,1.125864028930664,1.1101170778274536,0.503066897392273,0.4398510158061981,-0.455944687128067,0.01479262299835682,0.5,0.0,1.0,0.20000000298023224,0.3434487283229828,0.4812759757041931,1.1529847383499146
E,1.0,0.0,0.0,0.0,0.0,0.4186396598815918,0.3825022280216217,0.42767828702926636,0.5284059047698975,0.7280041575431824,1.2027097940444946,1.1575671434402466,1.111807942390442,1.1000648736953735,0.4864345192909241,0.43035316467285156,-0.4563028812408447,0.0154912443831563,0.5,0.0,1.0,0.20000000298023224,0.33829471468925476,0.4751933813095093,1.1430374383926392
E,1.0,0.0,0.0,0.0,0.0,0.4214911460876465,0.38444486260414124,0.4284164309501648,0.5270428657531738,0.7310362458229065,1.1938652992248535,1.1465288400650024,1.0968444347381592,1.0887572765350342,0.4754147231578827,0.4159698188304901,-0.4573710560798645,0.007534930482506752,0.5,0.0,1.0,0.20000000298023224,0.3309386670589447,0.47505983710289,1.13149893283844
E,1.0,0.0,0.0,0.0,0.0,0.41871321201324463,0.38337239623069763,0.4276263117790222,0.5286336541175842,0.7481634020805359,1.2004753351211548,1.1518124341964722,1.1040071249008179,1.0880415439605713,0.46437719464302063,0.4044850766658783,-0.4563020169734955,0.007814470678567886,0.5,0.0,1.0,0.20000000298023224,0.32707107067108154,0.47541624307632446,1.1360840797424316
F,1.0,0.0,1.0,1.0,1.0,0.3397304117679596,0.34734368324279785,0.4668251574039459,0.5118195414543152,0.8602678179740906,0.759165346622467,1.872177004814148,1.7834705114364624,1.5627180337905884,0.10293345153331757,1.1301910877227783,-0.4375801384449005,0.9627714157104492,0.0,0.0,1.0,0.800000011920929,0.7364347577095032,0.38362422585487366,1.4943827390670776
F,1.0,0.0,1.0,1.0,1.0,0.33626824617385864,0.34322258830070496,0.46450942754745483,0.5136169791221619,0.8637540936470032,0.7878108024597168,1.9058575630187988,1.8257936239242554,1.5812163352966309,0.07805243134498596,1.1617159843444824,-0.43384212255477905,0.9375829100608826,0.0,0.0,1.0,0.800000011920929,0.7507418394088745,0.3907598853111267,1.5251696109771729
F,1.0,0.0,1.0,1.0,0.0,0.36493349075317383,0.3567763864994049,0.4600488841533661,0.5143210887908936,0.8726764917373657,0.8364153504371643,1.901615023612976,1.854345679283142,1.6182125806808472,0.042357854545116425,1.0980851650238037,-0.4296446144580841,0.950065016746521,0.0,0.0,1.0,0.6000000238418579,0.7235484719276428,0.4822905957698822,1.5526471138000488
F,1.0,0.0,1.0,1.0,0.0,0.3657926023006439,0.3582253158092499,0.45420798659324646,0.5199458599090576,0.8478752970695496,0.8111010789871216,1.929423213005066,1.8719725608825684,1.6388201713562012,0.04172533005475998,1.138047695159912,-0.42385023832321167,0.86287522315979,0.25,0.0,1.0,0.6000000238418579,0.744012176990509,0.506299614906311,1.5628292560577393
F,1.0,0.0,1.0,1.0,0.0,0.3639131188392639,0.3548523485660553,0.44290030002593994,0.5275814533233643,0.8282561898231506,0.7761263251304626,1.933642864227295,1.8667676448822021,1.6510354280471802,0.056906506419181824,1.1489092111587524,-0.4167715311050415,0.8673973083496094,0.25,0.0,1.0,0.6000000238418579,0.7614105343818665,0.4966965913772583,1.5568931102752686
F,1.0,0.0,1.0,1.0,0.0,0.3469501733779907,0.36302945017814636,0.45516401529312134,0.5182243585586548,0.8163231015205383,0.7655651569366455,1.913143277168274,1.8380064964294434,1.6031337976455688,0.06458112597465515,1.1754920482635498,-0.42952245473861694,0.9051972031593323,0.0,0.0,1.0,0.6000000238418579,0.7601931691169739,0.48077139258384705,1.529962182044983
F,1.0,0.0,1.0,1.0,1.0,0.3656575083732605,0.37477248907089233,0.5100420713424683,0.48255646228790283,0.7999805808067322,0.7617427110671997,1.9339673519134521,1.8443795442581177,1.5864073038101196,0.044292062520980835,1.2324235439300537,-0.4659389853477478,0.9790857434272766,0.0,0.0,1.0,0.800000011920929,0.7884235978126526,0.45850929617881775,1.5316241979599
F,1.0,0.0,1.0,1.0,1.0,0.37369096279144287,0.6148362755775452,0.49898430705070496,0.4723432958126068,0.8047180771827698,0.7552119493484497,1.9102199077606201,1.8318156003952026,1.5592118501663208,0.05692337453365326,1.2102997303009033,-0.47404956817626953,0.9974218606948853,0.0,0.0,1.0,0.800000011920929,0.7793745398521423,0.466568261384964,1.5141148567199707
F,1.0,0.0,1.0,1.0,1.0,0.3871413469314575,0.6050743460655212,0.49924978613853455,0.47107842564582825,0.7710790038108826,0.7538337111473083,1.9089038372039795,1.8168152570724487,1.5645700693130493,0.02539704367518425,1.216620683670044,-0.4743105173110962,0.9740855097770691,0.0,0.0,1.0,0.800000011920929,0.7693092226982117,0.45242246985435486,1.511030673980713
F,1.0,0.0,1.0,1.0,1.0,0.38890355825424194,0.39619308710098267,0.5105209946632385,0.48050931096076965,0.772534191608429,0.7510223388671875,1.901578664779663,1.81455397605896,1.578754186630249,0.027695178985595703,1.1917158365249634,-0.4641464054584503,0.9286056160926819,0.0,0.0,1.0,0.800000011920929,0.7587751150131226,0.4543624222278595,1.5114773511886597
F,1.0,0.0,1.0,1.0,0.0,0.39657700061798096,0.40544310212135315,0.5122065544128418,0.48270973563194275,0.7864494323730469,0.7859137654304504,1.8900525569915771,1.814267873764038,1.5803841352462769,0.021903865039348602,1.1572258472442627,-0.4626053273677826,0.8743090629577637,0.0,0.0,1.0,0.6000000238418579,0.7364778518676758,0.46771129965782166,1.517654538154602
F,1.0,0.0,1.0,1.0,1.0,0.40749555826187134,0.4136272668838501,0.5091497898101807,0.4761735796928406,0.7821815013885498,0.7624617218971252,1.8839476108551025,1.7936152219772339,1.5623555183410645,0.024701522663235664,1.1464563608169556,-0.4713035523891449,0.9017104506492615,0.0,0.0,1.0,0.800000011920929,0.7355710864067078,0.46269890666007996,1.500594973564148
F,1.0,0.0,1.0,1.0,1.0,0.40927639603614807,0.4253022074699402,0.5119768381118774,0.48284539580345154,0.8351486921310425,0.8513613939285278,1.8598203659057617,1.7927955389022827,1.569083333015442,0.045439332723617554,1.0698264837265015,-0.4683295786380768,0.8397602438926697,0.25,0.0,1.0,0.800000011920929,0.683385968208313,0.4487167000770569,1.5182651281356812
F,1.0,0.0,1.0,1.0,1.0,0.40830686688423157,0.4331091046333313,0.5139607191085815,0.4856250286102295,0.8756260275840759,0.9161568880081177,1.8545485734939575,1.7794805765151978,1.5714550018310547,0.08068922907114029,1.0269616842269897,-0.4642848074436188,0.651094913482666,0.25,0.0,1.0,0.800000011920929,0.6494118571281433,0.4461652338504791,1.5304102897644043
F,1.0,0.0,1.0,1.0,1.0,0.40901029109954834,0.43048933148384094,0.5116258859634399,0.4821443557739258,0.8515947461128235,0.8671123385429382,1.8479430675506592,1.7764376401901245,1.5620031356811523,0.060015249997377396,1.044046401977539,-0.4668232798576355,0.7759863138198853,0.25,0.0,1.0,0.800000011920929,0.6662971377372742,0.44303998351097107,1.5133739709854126
F,1.0,0.0,1.0,1.0,1.0,0.407623827457428,0.43002113699913025,0.5107404589653015,0.4812352657318115,0.82904052734375,0.8438805937767029,1.8501712083816528,1.7710033655166626,1.5587152242660522,0.06068410724401474,1.0691332817077637,-0.46939215064048767,0.8261393904685974,0.25,0.0,1.0,0.800000011920929,0.6794087886810303,0.43994128704071045,1.5059425830841064
F,1.0,0.0,1.0,1.0,1.0,0.40630093216896057,0.42961540818214417,0.510248601436615,0.4792172610759735,0.822999894618988,0.8411779403686523,1.8581246137619019,1.777620792388916,1.557604432106018,0.06358267366886139,1.084430456161499,-0.4706968665122986,0.8400364518165588,0.25,0.0,1.0,0.800000011920929,0.6888635754585266,0.4404241740703583,1.508631944656372
F,1.0,0.0,1.0,1.0,0.0,0.40888699889183044,0.42330849170684814,0.5106284618377686,0.4791408181190491,0.8090797066688538,0.8345330953598022,1.8561506271362305,1.7757468223571777,1.556497573852539,0.04509560018777847,1.0917233228683472,-0.4704169034957886,0.8748558163642883,0.25,0.0,1.0,0.6000000238418579,0.6924349665641785,0.44034239649772644,1.5057320594787598
F,1.0,0.0,1.0,1.0,1.0,0.4027663767337799,0.4216386079788208,0.5143199563026428,0.48215773701667786,0.8236196041107178,0.8351515531539917,1.855843424797058,1.7725374698638916,1.5569484233856201,0.05049927905201912,1.0810229778289795,-0.46894070506095886,0.8813526630401611,0.25,0.0,1.0,0.800000011920929,0.6899467706680298,0.4392419755458832,1.5051202774047852
F,1.0,0.0,1.0,1.0,0.0,0.3950992226600647,0.4008866846561432,0.518837571144104,0.488027423620224,0.8381067514419556,0.825687825679779,1.8679393529891968,1.7764291763305664,1.568095088005066,0.019570108503103256,1.083653450012207,-0.4635215401649475,0.9431252479553223,0.0,0.0,1.0,0.6000000238418579,0.6979160308837891,0.4484926164150238,1.5095378160476685
F,1.0,0.0,1.0,1.0,0.0,0.38976410031318665,0.4003048241138458,0.5240844488143921,0.4922748804092407,0.8307157754898071,0.8060312867164612,1.866104006767273,1.7775636911392212,1.5727224349975586,0.03665390610694885,1.0885283946990967,-0.4607209265232086,0.9323790669441223,0.0,0.0,1.0,0.6000000238418579,0.7063772678375244,0.4506928324699402,1.5056053400039673
F,1.0,0.0,1.0,0.0,0.0,0.38848400115966797,0.40484419465065,0.5268788933753967,0.4973863363265991,0.8380405306816101,0.8259495496749878,1.8523999452590942,1.7677037715911865,1.5682380199432373,0.04443293809890747,1.0667868852615356,-0.45873841643333435,0.9103832244873047,0.0,0.0,1.0,0.4000000059604645,0.6880877614021301,0.4449177384376526,1.5035728216171265
F,1.0,0.0,1.0,1.0,0.0,0.3870742917060852,0.40032172203063965,0.5271056890487671,0.49748939275741577,0.845231294631958,0.8284738063812256,1.8561269044876099,1.7742774486541748,1.5748112201690674,0.038646094501018524,1.0654865503311157,-0.45829278230667114,0.9328029751777649,0.0,0.0,1.0,0.6000000238418579,0.690123975276947,0.4448564350605011,1.5084223747253418
F,1.0,0.0,1.0,1.0,0.0,0.38944318890571594,0.40002432465553284,0.5230588316917419,0.492603063583374,0.8429006934165955,0.8241672515869141,1.8631242513656616,1.7719038724899292,1.5658047199249268,0.0334441140294075,1.0764633417129517,-0.46138688921928406,0.9464359879493713,0.0,0.0,1.0,0.6000000238418579,0.6953317523002625,0.4476097524166107,1.506250023841858
F,1.0,0.0,1.0,1.0,0.0,0.394195556640625,0.40882495045661926,0.5204143524169922,0.4898868203163147,0.8132786154747009,0.8073298931121826,1.8522815704345703,1.7647634744644165,1.555487871170044,0.03770986571907997,1.0896267890930176,-0.46446701884269714,0.9188551902770996,0.0,0.0,1.0,0.6000000238418579,0.6977840662002563,0.44602155685424805,1.494965672492981
F,1.0,0.0,1.0,1.0,0.0,0.4056278169155121,0.4280139207839966,0.5159066319465637,0.4844318628311157,0.8074138164520264,0.834134042263031,1.8510905504226685,1.7660331726074219,1.5524160861968994,0.06359010934829712,1.086104154586792,-0.46958935260772705,0.8527450561523438,0.25,0.0,1.0,0.6000000238418579,0.6871914267539978,0.43956252932548523,1.5009185075759888
F,1.0,0.0,1.0,0.0,0.0,0.39953088760375977,0.421552449464798,0.5156202912330627,0.48449522256851196,0.809178352355957,0.8004674911499023,1.8484225273132324,1.761470079421997,1.5488382577896118,0.05634531378746033,1.0888879299163818,-0.4676763713359833,0.8801879286766052,0.0,0.0,1.0,0.4000000059604645,0.6973432302474976,0.43682998418807983,1.4897996187210083
F,1.0,0.0,1.0,1.0,1.0,0.40784770250320435,0.4219568371772766,0.5042633414268494,0.4726528227329254,0.8120795488357544,0.8083201050758362,1.8745197057724,1.7920476198196411,1.5627771615982056,0.036105457693338394,1.1153908967971802,-0.48161718249320984,0.9516870975494385,0.0,0.0,1.0,0.800000011920929,0.7152087688446045,0.4473063051700592,1.509416103363037
F,1.0,0.0,1.0,1.0,1.0,0.40932923555374146,0.5775246620178223,0.4870418608188629,0.45497792959213257,0.8412371873855591,0.7980875968933105,1.8574408292770386,1.766171932220459,1.5393937826156616,0.05483495444059372,1.0939950942993164,-0.4947063624858856,0.9914414286613464,0.0,0.0,1.0,0.800000011920929,0.7152990102767944,0.4466415345668793,1.4902734756469727
F,1.0,0.0,1.0,1.0,1.0,0.38036489486694336,0.3916793167591095,0.5133206844329834,0.48538142442703247,0.870288610458374,0.8196960091590881,1.8873564004898071,1.804818034172058,1.575204610824585,0.05882889777421951,1.1027065515518188,-0.4699074923992157,0.9625595211982727,0.0,0.0,1.0,0.800000011920929,0.723963737487793,0.4417034387588501,1.5217686891555786
F,1.0,0.0,1.0,1.0,1.0,0.37085452675819397,0.37417304515838623,0.5232363939285278,0.4956870675086975,0.8606881499290466,0.7984488010406494,1.9044805765151978,1.8141993284225464,1.5710071325302124,0.06283649802207947,1.126631259918213,-0.45857125520706177,0.9631024599075317,0.0,0.0,1.0,0.800000011920929,0.7386718988418579,0.4474456012248993,1.522033929824829
F,1.0,0.0,1.0,1.0,0.0,0.3788795471191406,0.3842926323413849,0.5229800343513489,0.49581676721572876,0.8552388548851013,0.8124333620071411,1.8697925806045532,1.7811064720153809,1.5473774671554565,0.045091528445482254,1.0863380432128906,-0.4632337987422943,0.9557831883430481,0.0,0.0,1.0,0.6000000238418579,0.7089290022850037,0.4348837733268738,1.5026774406433105
F,1.0,0.0,1.0,1.0,1.0,0.3808565139770508,0.3904227614402771,0.5210245847702026,0.4908173978328705,0.8679994344711304,0.8301659226417542,1.8781810998916626,1.7893270254135132,1.557786464691162,0.045630622655153275,1.0835810899734497,-0.4643752872943878,0.9721088409423828,0.0,0.0,1.0,0.800000011920929,0.7068130373954773,0.44502946734428406,1.5138651132583618
F,1.0,0.0,1.0,1.0,1.0,0.3879217207431793,0.39796289801597595,0.5156189799308777,0.4865647852420807,0.872840166091919,0.8336830139160156,1.8822494745254517,1.7887635231018066,1.5570969581604004,0.04751136898994446,1.0810295343399048,-0.4698818624019623,0.9762000441551208,0.0,0.0,1.0,0.800000011920929,0.7028689980506897,0.44426923990249634,1.5154482126235962
F,1.0,0.0,1.0,1.0,1.0,0.38735413551330566,0.39960306882858276,0.5152482986450195,0.4859437644481659,0.8675041794776917,0.8155953884124756,1.8701772689819336,1.7822428941726685,1.55016028881073,0.06117274984717369,1.0752066373825073,-0.46992307901382446,0.9999170899391174,0.0,0.0,1.0,0.800000011920929,0.7050284743309021,0.44798311591148376,1.5045440196990967
F,1.0,0.0,1.0,1.0,0.0,0.38804081082344055,0.3999018967151642,0.5134211182594299,0.4842095375061035,0.8695671558380127,0.814122200012207,1.8708789348602295,1.7873753309249878,1.5559861660003662,0.06369461864233017,1.0757731199264526,-0.4708977937698364,0.9973503351211548,0.0,0.0,1.0,0.6000000238418579,0.7072389721870422,0.448078453540802,1.50709068775177
F,1.0,0.0,1.0,1.0,0.0,0.38606154918670654,0.3987357020378113,0.5136121511459351,0.48471054434776306,0.876230001449585,0.814284086227417,1.8699560165405273,1.7815808057785034,1.5523345470428467,0.07048632949590683,1.071876883506775,-0.4694344997406006,0.9885550141334534,0.0,0.0,1.0,0.6000000238418579,0.7055487632751465,0.45047974586486816,1.504538893699646
F,1.0,0.0,1.0,1.0,0.0,0.38706377148628235,0.39747777581214905,0.5110267400741577,0.4834487736225128,0.879055380821228,0.8177403807640076,1.8628009557724,1.7738571166992188,1.55122971534729,0.06729702651500702,1.0649755001068115,-0.46965402364730835,0.9955460429191589,0.0,0.0,1.0,0.6000000238418579,0.6998077034950256,0.44971781969070435,1.5014070272445679
F,1.0,0.0,1.0,1.0,0.0,0.38838768005371094,0.39488863945007324,0.5091029405593872,0.4823710024356842,0.8833134174346924,0.8225196599960327,1.8628616333007812,1.7736271619796753,1.5545854568481445,0.06323700398206711,1.0624034404754639,-0.4688834846019745,0.9997175335884094,0.0,0.0,1.0,0.6000000238418579,0.697742223739624,0.4459207057952881,1.5033985376358032
F,1.0,0.0,1.0,1.0,0.0,0.38569268584251404,0.39232608675956726,0.5121644735336304,0.48551419377326965,0.8865609169006348,0.8166376948356628,1.871017336845398,1.7809009552001953,1.5550991296768188,0.07213646173477173,1.0670047998428345,-0.4660048186779022,0.9908016324043274,0.0,0.0,1.0,0.6000000238418579,0.7034546136856079,0.45081672072410583,1.5059137344360352
F,1.0,0.0,1.0,1.0,0.0,0.396247535943985,0.40878811478614807,0.5131577253341675,0.4854910671710968,0.8525620698928833,0.8317641019821167,1.8526657819747925,1.770704746246338,1.5486928224563599,0.03915468975901604,1.0617403984069824,-0.4687111973762512,0.9526678919792175,0.0,0.0,1.0,0.6000000238418579,0.6842296123504639,0.4407249093055725,1.5009568929672241
F,1.0,0.0,1.0,1.0,0.0,0.39717334508895874,0.4169473946094513,0.5149009227752686,0.4865768849849701,0.8368159532546997,0.8208959102630615,1.8526054620742798,1.7731826305389404,1.5505049228668213,0.05388501659035683,1.0720854997634888,-0.4671887755393982,0.900307297706604,0.0,0.0,1.0,0.6000000238418579,0.6877774000167847,0.43765702843666077,1.4992972612380981
F,1.0,0.0,1.0,1.0,0.0,0.3954606354236603,0.41345614194869995,0.5143706202507019,0.4863613247871399,0.8299366235733032,0.8007455468177795,1.8505527973175049,1.7678922414779663,1.5482620000839233,0.054549191147089005,1.0789241790771484,-0.4684365391731262,0.924360454082489,0.0,0.0,1.0,0.6000000238418579,0.6953547596931458,0.4405272305011749,1.4918631315231323
F,1.0,0.0,1.0,1.0,0.0,0.39437058568000793,0.4099188446998596,0.5142542719841003,0.4863971173763275,0.8395155072212219,0.8066112995147705,1.8585284948349,1.7787597179412842,1.554823398590088,0.051942747086286545,1.0798524618148804,-0.46749693155288696,0.9330614805221558,0.0,0.0,1.0,0.6000000238418579,0.698337972164154,0.4404571056365967,1.499680757522583
F,1.0,0.0,1.0,1.0,0.0,0.3915300965309143,0.410585880279541,0.514972984790802,0.48746559023857117,0.8459142446517944,0.8193604946136475,1.8572113513946533,1.7829020023345947,1.556196928024292,0.05646572634577751,1.075776219367981,-0.4662274718284607,0.9227523803710938,0.0,0.0,1.0,0.6000000238418579,0.6947059631347656,0.44367626309394836,1.5039176940917969
F,1.0,0.0,1.0,1.0,0.0,0.38910531997680664,0.4068431258201599,0.5165058374404907,0.4893900752067566,0.8435003757476807,0.8097019195556641,1.8586729764938354,1.7804641723632812,1.547896146774292,0.057119522243738174,1.080474615097046,-0.4635738432407379,0.9311608076095581,0.0,0.0,1.0,0.6000000238418579,0.6976253986358643,0.4334397315979004,1.4991837739944458
F,1.0,0.0,0.0,1.0,0.0,0.38448113203048706,0.3997907340526581,0.5191032290458679,0.49281051754951477,0.8345519304275513,0.7893515825271606,1.8404967784881592,1.7735460996627808,1.5385358333587646,0.059721510857343674,1.0732074975967407,-0.4571968913078308,0.9246381521224976,0.0,0.0,1.0,0.4000000059604645,0.6968845129013062,0.4287512004375458,1.4854825735092163
F,1.0,0.0,1.0,1.0,0.0,0.38119956851005554,0.3963586390018463,0.5207294821739197,0.49485790729522705,0.8376403450965881,0.7804495692253113,1.8482569456100464,1.784311056137085,1.5473929643630981,0.06894335150718689,1.0803459882736206,-0.4560949206352234,0.9339638948440552,0.0,0.0,1.0,0.6000000238418579,0.7056306004524231,0.4272001087665558,1.4901026487350464
F,1.0,0.0,1.0,1.0,0.0,0.38318127393722534,0.39817124605178833,0.5213271975517273,0.495529443025589,0.8313672542572021,0.7843303084373474,1.8450602293014526,1.7791022062301636,1.5444592237472534,0.060483817011117935,1.0791618824005127,-0.4563593566417694,0.9312983155250549,0.0,0.0,1.0,0.6000000238418579,0.7003936171531677,0.4238058924674988,1.488237977027893
F,1.0,0.0,1.0,1.0,0.0,0.37550240755081177,0.3921337425708771,0.4689440429210663,0.5045685172080994,0.8153777718544006,0.7753795981407166,1.850773572921753,1.770087718963623,1.5531845092773438,0.057666365057229996,1.0959734916687012,-0.45059365034103394,0.9383851885795593,0.0,0.0,1.0,0.6000000238418579,0.7047593593597412,0.4232950508594513,1.4873563051223755
F,1.0,0.0,1.0,1.0,0.0,0.37254413962364197,0.38623276352882385,0.4659478962421417,0.5064995288848877,0.82453453540802,0.7660546898841858,1.8566617965698242,1.785473346710205,1.5643692016601562,0.06773357093334198,1.093691110610962,-0.4457956850528717,0.9293252229690552,0.0,0.0,1.0,0.6000000238418579,0.7136520743370056,0.4335517883300781,1.4931397438049316
F,1.0,0.0,0.0,1.0,0.0,0.37005895376205444,0.38611599802970886,0.46557581424713135,0.5072125792503357,0.8350791335105896,0.7830767035484314,1.8415086269378662,1.7637447118759155,1.5524837970733643,0.06609036773443222,1.0725373029708862,-0.4448632299900055,0.932046115398407,0.0,0.0,1.0,0.4000000059604645,0.6961308717727661,0.4232301414012909,1.485203504562378
F,1.0,0.0,0.0,1.0,0.0,0.3734265863895416,0.3874974846839905,0.4650840163230896,0.5078243017196655,0.8333221077919006,0.7918859124183655,1.835029125213623,1.769160509109497,1.5572991371154785,0.05482915788888931,1.0627018213272095,-0.4463360607624054,0.937400221824646,0.0,0.0,1.0,0.4000000059604645,0.6898810863494873,0.4202217161655426,1.4883437156677246
F,1.0,0.0,0.0,1.0,0.0,0.36899009346961975,0.38424256443977356,0.46510884165763855,0.5082438588142395,0.8324969410896301,0.7741025686264038,1.841990351676941,1.7694367170333862,1.5567258596420288,0.06992338597774506,1.0760310888290405,-0.44501689076423645,0.940473735332489,0.0,0.0,1.0,0.4000000059604645,0.7009503245353699,0.42015528678894043,1.48556387424469
F,1.0,0.0,0.0,1.0,0.0,0.37094324827194214,0.38772571086883545,0.46601393818855286,0.5070182681083679,0.8312042951583862,0.7651348114013672,1.844825029373169,1.7705042362213135,1.5557299852371216,0.07831134647130966,1.0785192251205444,-0.447015643119812,0.93446284532547,0.0,0.0,1.0,0.4000000059604645,0.7043011784553528,0.4199252724647522,1.4840484857559204
F,1.0,0.0,0.0,1.0,0.0,0.37348416447639465,0.38700175285339355,0.46823635697364807,0.5058851838111877,0.838689923286438,0.7781804203987122,1.8381373882293701,1.7781379222869873,1.5593247413635254,0.06955738365650177,1.0651252269744873,-0.4484698176383972,0.944306492805481,0.0,0.0,1.0,0.4000000059604645,0.6976100206375122,0.4217410981655121,1.4884451627731323
F,1.0,0.0,1.0,1.0,0.0,0.3701697885990143,0.38323989510536194,0.4668098986148834,0.5075563192367554,0.8417725563049316,0.7707139253616333,1.8476297855377197,1.7843048572540283,1.5599578619003296,0.07837729156017303,1.0742484331130981,-0.44707053899765015,0.951101541519165,0.0,0.0,1.0,0.6000000238418579,0.7049615979194641,0.4193092882633209,1.4906516075134277
F,1.0,0.0,0.0,1.0,0.0,0.3720962107181549,0.3857112228870392,0.4678947627544403,0.5061706900596619,0.8412953019142151,0.772618293762207,1.8409234285354614,1.7805671691894531,1.5594658851623535,0.07684745639562607,1.0669970512390137,-0.446630597114563,0.9326292276382446,0.0,0.0,1.0,0.4000000059604645,0.7012600302696228,0.4266832172870636,1.4883936643600464
F,1.0,0.0,1.0,1.0,0.0,0.3749982416629791,0.38601967692375183,0.4693610966205597,0.5042688846588135,0.8385905623435974,0.7812495231628418,1.8519389629364014,1.7824764251708984,1.5605520009994507,0.06382287293672562,1.0781285762786865,-0.4476737678050995,0.9327631592750549,0.0,0.0,1.0,0.6000000238418579,0.7028984427452087,0.4329942762851715,1.4940541982650757
F,1.0,0.0,1.0,1.0,0.0,0.3709094524383545,0.38516202569007874,0.4674200415611267,0.5063738822937012,0.8380202054977417,0.7649216055870056,1.8498750925064087,1.7761454582214355,1.5565667152404785,0.08141464740037918,1.0794779062271118,-0.44630661606788635,0.9314876794815063,0.0,0.0,1.0,0.6000000238418579,0.7068913578987122,0.42776262760162354,1.486877202987671
G,1.0,0.0,0.0,0.0,0.0,0.30201879143714905,0.17908453941345215,0.34560447931289673,0.22052402794361115,1.379536747932434,1.859437346458435,0.4321339428424835,0.22213582694530487,0.25675609707832336,0.7798627018928528,0.9532743692398071,-0.8323733806610107,0.9937760829925537,0.0,0.0,1.0,0.20000000298023224,0.9866384267807007,0.9589954018592834,0.692615807056427
G,1.0,0.0,0.0,0.0,0.0,0.3052254915237427,0.18325838446617126,0.34422972798347473,0.2301795333623886,1.379479169845581,1.8555755615234375,0.4430418312549591,0.22696277499198914,0.2591996490955353,0.7732473015785217,0.9413183331489563,-0.831372857093811,0.9832696914672852,0.0,0.0,1.0,0.20000000298023224,0.9791832566261292,0.9498358368873596,0.6961949467658997
G,1.0,0.0,0.0,0.0,0.0,0.30649176239967346,0.18849575519561768,0.3490802049636841,0.23181429505348206,1.3650000095367432,1.8561984300613403,0.442110151052475,0.23120489716529846,0.2582765817642212,0.7651647925376892,0.9287155866622925,-0.8207775950431824,0.9956239461898804,0.0,0.0,1.0,0.20000000298023224,0.9713879823684692,0.9460405707359314,0.6969475150108337
G,1.0,0.0,0.0,0.0,0.0,0.309165894985199,0.19249144196510315,0.3538344204425812,0.20995576679706573,1.3428152799606323,1.8337043523788452,0.4198285639286041,0.2242610901594162,0.25953465700149536,0.7537298202514648,0.928971529006958,-0.8244565725326538,0.9851770401000977,0.0,0.0,1.0,0.20000000298023224,0.9657114148139954,0.9183393716812134,0.6843321919441223
G,1.0,0.0,0.0,0.0,0.0,0.30829644203186035,0.19206853210926056,0.36445504426956177,0.24624088406562805,1.3116261959075928,1.7937558889389038,0.45645982027053833,0.23273701965808868,0.24775543808937073,0.7366576194763184,0.8659658432006836,-0.824195384979248,0.9719488024711609,0.0,0.0,1.0,0.20000000298023224,0.932664155960083,0.8982297778129578,0.6826770305633545
G,1.0,0.0,0.0,0.0,0.0,0.29591041803359985,0.16988641023635864,0.37011367082595825,0.24526084959506989,1.342221975326538,1.8173067569732666,0.42037904262542725,0.20403799414634705,0.23550276458263397,0.7765856385231018,0.9382529258728027,-0.8462951183319092,0.9848315715789795,0.0,0.0,1.0,0.20000000298023224,0.9809161424636841,0.9601773023605347,0.6693066358566284
G,1.0,0.0,0.0,0.0,0.0,0.29176124930381775,0.16082490980625153,0.36858904361724854,0.22827978432178497,1.3342201709747314,1.795277714729309,0.3938359022140503,0.19217413663864136,0.23246203362941742,0.7824280858039856,0.9564441442489624,-0.8558648824691772,0.9967421293258667,0.0,0.0,1.0,0.20000000298023224,0.9819376468658447,0.9707911014556885,0.6534374356269836
G,1.0,0.0,0.0,0.0,0.0,0.29514411091804504,0.16512025892734528,0.36775121092796326,0.22977235913276672,1.33999502658844,1.8083605766296387,0.3986366093158722,0.1922217309474945,0.2333448827266693,0.7861956357955933,0.9559438228607178,-0.8556278347969055,0.9862946271896362,0.0,0.0,1.0,0.20000000298023224,0.9884944558143616,0.975941002368927,0.6581409573554993
G,1.0,0.0,0.0,0.0,0.0,0.2955573797225952,0.16641570627689362,0.3619425296783447,0.2225073128938675,1.329918384552002,1.808907151222229,0.4117313027381897,0.1996195763349533,0.24280241131782532,0.7874063849449158,0.9310198426246643,-0.8497795462608337,0.9904510974884033,0.0,0.0,1.0,0.20000000298023224,0.9766197800636292,0.9543311595916748,0.665765106678009
G,1.0,0.0,0.0,0.0,0.0,0.29995912313461304,0.1707272231578827,0.365418940782547,0.2403601109981537,1.3335357904434204,1.8048222064971924,0.42732563614845276,0.2052547037601471,0.2401871234178543,0.7832025289535522,0.919364869594574,-0.8392946720123291,0.9980971217155457,0.0,0.0,1.0,0.20000000298023224,0.9712396860122681,0.9482009410858154,0.6693974137306213
G,1.0,0.0,0.0,0.0,0.0,0.3046385943889618,0.17619945108890533,0.3567061126232147,0.23534196615219116,1.327742338180542,1.7928534746170044,0.4040146470069885,0.21295283734798431,0.23437799513339996,0.7737382054328918,0.9314472675323486,-0.8310625553131104,0.9842638969421387,0.0,0.0,1.0,0.20000000298023224,0.9517652988433838,0.9219664335250854,0.6610497236251831
G,1.0,0.0,0.0,0.0,0.0,0.3068370521068573,0.18021561205387115,0.3530011773109436,0.23484715819358826,1.3387773036956787,1.7856992483139038,0.4031508266925812,0.22199580073356628,0.23441943526268005,0.7570153474807739,0.9416630864143372,-0.82541424036026,0.9782790541648865,0.0,0.0,1.0,0.20000000298023224,0.9470252394676208,0.9138110280036926,0.6613163352012634
G,1.0,0.0,0.0,0.0,0.0,0.3104110658168793,0.18467767536640167,0.3527454137802124,0.24530541896820068,1.341752290725708,1.784388780593872,0.41097721457481384,0.22843466699123383,0.232235848903656,0.751436710357666,0.935992419719696,-0.8197193741798401,0.9795259237289429,0.0,0.0,1.0,0.20000000298023224,0.941312849521637,0.8930721282958984,0.664009153842926
G,1.0,0.0,0.0,0.0,0.0,0.30784955620765686,0.18231983482837677,0.36585041880607605,0.2290078103542328,1.3423136472702026,1.8062676191329956,0.38187354803085327,0.1972673386335373,0.22856992483139038,0.7664644718170166,0.9692355394363403,-0.8302620649337769,0.9908064007759094,0.0,0.0,1.0,0.20000000298023224,0.972816526889801,0.9318710565567017,0.6534945964813232
G,1.0,0.0,0.0,0.0,0.0,0.3264128565788269,0.19999323785305023,0.35723480582237244,0.22646619379520416,1.3682817220687866,1.8163522481918335,0.3613661527633667,0.20995071530342102,0.2341281771659851,0.7665883898735046,1.0092132091522217,-0.8005395531654358,0.955854058265686,0.0,0.0,1.0,0.20000000298023224,0.9743437170982361,0.8819532990455627,0.6554493308067322
G,1.0,0.0,0.0,0.0,0.0,0.33411169052124023,0.21379178762435913,0.3528909385204315,0.24072441458702087,1.3712904453277588,1.8352234363555908,0.4029289186000824,0.233102947473526,0.2353924959897995,0.7553481459617615,0.9693537354469299,-0.7879960536956787,0.9691488742828369,0.0,0.0,1.0,0.20000000298023224,0.9642136096954346,0.8775939345359802,0.6766619682312012
G,1.0,0.0,0.0,0.0,0.0,0.33267268538475037,0.21393799781799316,0.35861173272132874,0.2543410658836365,1.397119402885437,1.8862226009368896,0.42599666118621826,0.23253336548805237,0.2339521199464798,0.7756707668304443,0.9731543660163879,-0.7885368466377258,0.9851173162460327,0.0,0.0,1.0,0.20000000298023224,0.9896641969680786,0.9075278043746948,0.6946761608123779
G,1.0,0.0,0.0,0.0,0.0,0.3285553455352783,0.21275930106639862,0.35059449076652527,0.24092398583889008,1.381474256515503,1.8540021181106567,0.4123501479625702,0.23644603788852692,0.23972927033901215,0.7473382949829102,0.9705314040184021,-0.7930567860603333,0.9829725027084351,0.0,0.0,1.0,0.20000000298023224,0.9688493013381958,0.8926253318786621,0.6856318712234497
G,1.0,0.0,0.0,0.0,0.0,0.3268466591835022,0.20961521565914154,0.3518811762332916,0.23995192348957062,1.3777544498443604,1.8596522808074951,0.41276097297668457,0.23460868000984192,0.24109140038490295,0.7588440179824829,0.9668134450912476,-0.7955082654953003,0.9834638237953186,0.0,0.0,1.0,0.20000000298023224,0.971544623374939,0.8969243168830872,0.6870283484458923
G,1.0,0.0,0.0,0.0,0.0,0.32627469301223755,0.20869021117687225,0.3497495949268341,0.2340591847896576,1.3816510438919067,1.844358205795288,0.410163551568985,0.2300259917974472,0.23889480531215668,0.7469220757484436,0.973071813583374,-0.7958831191062927,0.9785245656967163,0.0,0.0,1.0,0.20000000298023224,0.9712454676628113,0.8964177370071411,0.6808606386184692
G,1.0,0.0,0.0,0.0,0.0,0.32626307010650635,0.2075367569923401,0.34755176305770874,0.23428258299827576,1.3858693838119507,1.8407703638076782,0.406466543674469,0.22961381077766418,0.2379535734653473,0.7468247413635254,0.9806878566741943,-0.7963153719902039,0.9741284847259521,0.0,0.0,1.0,0.20000000298023224,0.9713690876960754,0.8961338400840759,0.6787010431289673
G,1.0,0.0,0.0,0.0,0.0,0.3258036673069,0.20774216949939728,0.34949731826782227,0.23536492884159088,1.3819516897201538,1.8406926393508911,0.3994295001029968,0.22483156621456146,0.23576337099075317,0.7459138631820679,0.9840766787528992,-0.7966543436050415,0.9740443229675293,0.0,0.0,1.0,0.20000000298023224,0.9711288213729858,0.8966873288154602,0.6751793026924133
G,1.0,0.0,0.0,0.0,0.0,0.3264772593975067,0.20779287815093994,0.3494877815246582,0.2289789319038391,1.380977988243103,1.838659405708313,0.3888355493545532,0.21841953694820404,0.23252393305301666,0.7472628355026245,0.9935550093650818,-0.7964085340499878,0.9701377749443054,0.0,0.0,1.0,0.20000000298023224,0.9755302667617798,0.8942590355873108,0.6696096062660217
G,1.0,0.0,0.0,0.0,0.0,0.3279956877231598,0.2076973170042038,0.3475262224674225,0.23589174449443817,1.3707754611968994,1.8103094100952148,0.37569910287857056,0.22290901839733124,0.23113949596881866,0.737175703048706,0.9960497617721558,-0.794796884059906,0.9592092037200928,0.0,0.0,1.0,0.20000000298023224,0.9586666226387024,0.8743671774864197,0.660014271736145
G,1.0,0.0,0.0,0.0,0.0,0.3327351212501526,0.20895645022392273,0.34339696168899536,0.22212989628314972,1.3690129518508911,1.808613896369934,0.345913827419281,0.2128167450428009,0.22672787308692932,0.7503082156181335,1.023358702659607,-0.7939233779907227,0.9473198652267456,0.0,0.0,1.0,0.20000000298023224,0.9671868681907654,0.8768434524536133,0.6485180854797363
G,1.0,0.0,0.0,0.0,0.0,0.3327588438987732,0.2080395668745041,0.35085394978523254,0.23182332515716553,1.3656134605407715,1.8097400665283203,0.34282800555229187,0.20418211817741394,0.220770001411438,0.7561951279640198,1.0235246419906616,-0.7944240570068359,0.9489247798919678,0.0,0.0,1.0,0.20000000298023224,0.969409704208374,0.8798137903213501,0.6443800330162048
G,1.0,0.0,0.0,0.0,0.0,0.3336585760116577,0.20817144215106964,0.3598484992980957,0.24505770206451416,1.359479546546936,1.8029837608337402,0.3508595824241638,0.20184627175331116,0.21662461757659912,0.7567912340164185,1.0102185010910034,-0.7929945588111877,0.9508234858512878,0.0,0.0,1.0,0.20000000298023224,0.9655025601387024,0.8797297477722168,0.6430785655975342
G,1.0,0.0,0.0,0.0,0.0,0.33295300602912903,0.2082960307598114,0.3553866147994995,0.24407868087291718,1.3629159927368164,1.8027944564819336,0.348164826631546,0.20786221325397491,0.21950040757656097,0.7520198822021484,1.015911340713501,-0.7926542162895203,0.947903037071228,0.0,0.0,1.0,0.20000000298023224,0.9635123610496521,0.8734852075576782,0.6445804834365845
G,1.0,0.0,0.0,0.0,0.0,0.3317302167415619,0.20762473344802856,0.3500763177871704,0.23623093962669373,1.3615837097167969,1.8022477626800537,0.3524762690067291,0.20982478559017181,0.22272585332393646,0.7500070333480835,1.0098968744277954,-0.7947401404380798,0.9511069059371948,0.0,0.0,1.0,0.20000000298023224,0.9623009562492371,0.8751477003097534,0.6468186974525452
G,1.0,0.0,0.0,0.0,0.0,0.332538366317749,0.20790313184261322,0.35094520449638367,0.23579102754592896,1.3568686246871948,1.7997316122055054,0.3534151613712311,0.21134139597415924,0.2268669605255127,0.7521708607673645,1.0042519569396973,-0.7938117384910583,0.9497407674789429,0.0,0.0,1.0,0.20000000298023224,0.9590495228767395,0.8710542917251587,0.6478387713432312
G,1.0,0.0,0.0,0.0,0.0,0.331311970949173,0.2057768702507019,0.35123786330223083,0.23839925229549408,1.361914873123169,1.8038263320922852,0.36014673113822937,0.21307586133480072,0.22433775663375854,0.756608784198761,1.0027267932891846,-0.7954363822937012,0.9524442553520203,0.0,0.0,1.0,0.20000000298023224,0.9611998200416565,0.8727421164512634,0.6503466963768005
G,1.0,0.0,0.0,0.0,0.0,0.33060550689697266,0.20729921758174896,0.35094326734542847,0.2411976009607315,1.3632549047470093,1.804451584815979,0.3646259009838104,0.21581824123859406,0.2223566174507141,0.747798502445221,0.9996441602706909,-0.7947183847427368,0.9545146226882935,0.0,0.0,1.0,0.20000000298023224,0.9598547220230103,0.8755139708518982,0.6518130898475647
G,1.0,0.0,0.0,0.0,0.0,0.3297746181488037,0.20665231347084045,0.34891775250434875,0.23321877419948578,1.362155795097351,1.808652400970459,0.363324910402298,0.21479253470897675,0.22870756685733795,0.7505905628204346,0.9997262358665466,-0.7958210110664368,0.9556973576545715,0.0,0.0,1.0,0.20000000298023224,0.9599325060844421,0.8761150240898132,0.6538693308830261
G,1.0,0.0,0.0,0.0,0.0,0.3306772708892822,0.20757482945919037,0.34863659739494324,0.2406836599111557,1.3687081336975098,1.8080252408981323,0.355929970741272,0.21363385021686554,0.21764656901359558,0.7473515868186951,1.0135433673858643,-0.7959091663360596,0.9544207453727722,0.0,0.0,1.0,0.20000000298023224,0.9639958143234253,0.875483512878418,0.6488088965415955
G,1.0,0.0,0.0,0.0,0.0,0.32893645763397217,0.20752471685409546,0.35006314516067505,0.23963940143585205,1.3634756803512573,1.8062585592269897,0.3638717234134674,0.21486824750900269,0.22064246237277985,0.741643488407135,1.0006961822509766,-0.7968061566352844,0.9592181444168091,0.0,0.0,1.0,0.20000000298023224,0.9602316617965698,0.8809231519699097,0.6514102816581726
G,1.0,0.0,0.0,0.0,0.0,0.3294408917427063,0.20422424376010895,0.3665624260902405,0.2483537346124649,1.356671690940857,1.8032256364822388,0.3502419888973236,0.20176275074481964,0.22065581381320953,0.7570506930351257,1.0096315145492554,-0.8012086153030396,0.9626243710517883,0.0,0.0,1.0,0.20000000298023224,0.9655066728591919,0.8908264636993408,0.6439715623855591
G,1.0,0.0,0.0,0.0,0.0,0.31867873668670654,0.19047138094902039,0.3710710108280182,0.2656745910644531,1.333619475364685,1.7922331094741821,0.41548630595207214,0.20543834567070007,0.20773464441299438,0.7699759602546692,0.9262537956237793,-0.816087543964386,0.9893704056739807,0.0,0.0,1.0,0.20000000298023224,0.9571912884712219,0.9136380553245544,0.6552230715751648
G,1.0,0.0,0.0,0.0,0.0,0.3163341283798218,0.18748094141483307,0.3770189583301544,0.2807307839393616,1.3465139865875244,1.7871447801589966,0.41809746623039246,0.21327033638954163,0.20917373895645142,0.7636300325393677,0.939338743686676,-0.8179567456245422,0.9888104200363159,0.0,0.0,1.0,0.20000000298023224,0.9570252895355225,0.9158303141593933,0.6569215655326843
G,1.0,0.0,0.0,0.0,0.0,0.3065219223499298,0.16902519762516022,0.37357622385025024,0.2623566687107086,1.3409723043441772,1.7870973348617554,0.3961952328681946,0.18533460795879364,0.21315908432006836,0.7995417714118958,0.9571276903152466,-0.8365679979324341,0.9802189469337463,0.0,0.0,1.0,0.20000000298023224,0.9807355999946594,0.9594123959541321,0.6454465389251709
G,1.0,0.0,0.0,0.0,0.0,0.3108130395412445,0.17348617315292358,0.38105228543281555,0.28122034668922424,1.3453855514526367,1.7893234491348267,0.3961605429649353,0.18821994960308075,0.20200365781784058,0.7989020347595215,0.9627436399459839,-0.8301980495452881,0.9775168299674988,0.0,0.0,1.0,0.20000000298023224,0.9777349233627319,0.9515289664268494,0.6439269185066223
G,1.0,0.0,0.0,0.0,0.0,0.32830214500427246,0.20466303825378418,0.3758648633956909,0.25067049264907837,1.3643544912338257,1.8222358226776123,0.41326215863227844,0.2052679806947708,0.22066974639892578,0.7616165280342102,0.9576753377914429,-0.8019539713859558,0.9894405007362366,0.0,0.0,1.0,0.20000000298023224,0.9781439900398254,0.9133265018463135,0.6653589606285095
G,1.0,0.0,0.0,0.0,0.0,0.34334006905555725,0.21637581288814545,0.36329182982444763,0.23487220704555511,1.3837953805923462,1.8291263580322266,0.3824741542339325,0.2024448812007904,0.23014351725578308,0.7718198895454407,1.0023586750030518,-0.7792072892189026,0.949535608291626,0.0,0.0,1.0,0.20000000298023224,0.9843536019325256,0.8883057236671448,0.6610472202301025
G,1.0,0.0,0.0,0.0,0.0,0.33002033829689026,0.199076309800148,0.3599312901496887,0.23692722618579865,1.3700348138809204,1.8099102973937988,0.36373478174209595,0.1997319757938385,0.21827322244644165,0.779249370098114,1.0084823369979858,-0.799635648727417,0.9516313076019287,0.0,0.0,1.0,0.20000000298023224,0.9801865220069885,0.8944060802459717,0.6479125618934631
G,1.0,0.0,0.0,0.0,0.0,0.33011773228645325,0.19357417523860931,0.35458746552467346,0.2166706919670105,1.3644766807556152,1.7951910495758057,0.34735098481178284,0.1969512403011322,0.22660808265209198,0.7933335304260254,1.0185009241104126,-0.8002519607543945,0.9331116676330566,0.0,0.0,1.0,0.20000000298023224,0.9756477475166321,0.888922929763794,0.6415253281593323
G,1.0,0.0,0.0,0.0,0.0,0.32924044132232666,0.19416974484920502,0.3533667027950287,0.2306298464536667,1.371148705482483,1.7928146123886108,0.3493681848049164,0.19421666860580444,0.21218916773796082,0.783473789691925,1.0231256484985352,-0.8002469539642334,0.9338752627372742,0.0,0.0,1.0,0.20000000298023224,0.9749642014503479,0.8928838968276978,0.6371471285820007
G,1.0,0.0,0.0,0.0,0.0,0.3312838673591614,0.19598999619483948,0.34576332569122314,0.21385180950164795,1.3628005981445312,1.7720030546188354,0.33656516671180725,0.18999740481376648,0.21369388699531555,0.772777795791626,1.0266976356506348,-0.7972758412361145,0.9238627552986145,0.0,0.0,1.0,0.20000000298023224,0.968927800655365,0.8761326670646667,0.6280648708343506
G,1.0,0.0,0.0,0.0,0.0,0.3339693248271942,0.19914302229881287,0.35445302724838257,0.22724856436252594,1.3547306060791016,1.7607700824737549,0.3393591344356537,0.19247350096702576,0.20803767442703247,0.7658127546310425,1.0163081884384155,-0.7944085001945496,0.9252334237098694,0.0,0.0,1.0,0.20000000298023224,0.9599525332450867,0.8745160102844238,0.6251600980758667
G,1.0,0.0,0.0,0.0,0.0,0.33681944012641907,0.20759324729442596,0.3554243743419647,0.2280539870262146,1.3686497211456299,1.789780855178833,0.35227325558662415,0.19807325303554535,0.2163892686367035,0.7586623430252075,1.017186164855957,-0.7940948009490967,0.9475475549697876,0.0,0.0,1.0,0.20000000298023224,0.969082772731781,0.8870735764503479,0.6391291618347168
G,1.0,0.0,0.0,0.0,0.0,0.33998796343803406,0.21251173317432404,0.36529913544654846,0.2606929540634155,1.3530274629592896,1.7699756622314453,0.3581720292568207,0.20978803932666779,0.21590153872966766,0.7435245513916016,0.9963934421539307,-0.7844683527946472,0.9408889412879944,0.0,0.0,1.0,0.20000000298023224,0.945439338684082,0.8621150851249695,0.638459324836731
G,1.0,0.0,0.0,0.0,0.0,0.3412438631057739,0.21578292548656464,0.3632585108280182,0.21448491513729095,1.4119665622711182,1.8783152103424072,0.4547618627548218,0.27920475602149963,0.37309399247169495,0.7900547981262207,0.9588070511817932,-0.7767624855041504,0.9661750197410583,0.0,0.0,1.0,0.20000000298023224,0.972969114780426,0.9593910574913025,0.7463439702987671
G,1.0,0.0,0.0,0.0,0.0,0.34290051460266113,0.21341051161289215,0.359910249710083,0.18791627883911133,1.4224357604980469,1.848899006843567,0.45702093839645386,0.30523672699928284,0.4171520471572876,0.7817487120628357,0.966375470161438,-0.7759310603141785,0.950320839881897,0.0,0.0,1.0,0.20000000298023224,0.966279149055481,0.9896242618560791,0.757077157497406
G,1.0,0.0,0.0,0.0,0.0,0.3409357964992523,0.21589761972427368,0.34614187479019165,0.1703835427761078,1.4382646083831787,1.8988858461380005,0.46906545758247375,0.33245909214019775,0.4458315074443817,0.7925957441329956,0.9692922830581665,-0.7750556468963623,0.9545637369155884,0.0,0.0,1.0,0.20000000298023224,0.9784690141677856,1.0113873481750488,0.7865604758262634
G,1.0,0.0,0.0,0.0,0.0,0.3401734232902527,0.2208632081747055,0.34170347452163696,0.1784571409225464,1.4305975437164307,1.8951201438903809,0.5016043782234192,0.3597935438156128,0.4593473970890045,0.7695720791816711,0.929002046585083,-0.7688428163528442,0.9579651951789856,0.0,0.0,1.0,0.20000000298023224,0.9586217403411865,0.9859082698822021,0.8039664030075073
G,1.0,0.0,0.0,0.0,0.0,0.3420735001564026,0.22184550762176514,0.3398726284503937,0.167233407497406,1.440698504447937,1.9597201347351074,0.49164071679115295,0.34862661361694336,0.4608485698699951,0.8169497847557068,0.9490756392478943,-0.772750198841095,0.9721550941467285,0.0,0.0,1.0,0.20000000298023224,0.993876039981842,1.006328821182251,0.8152090311050415
G,1.0,0.0,0.0,0.0,0.0,0.3456045389175415,0.22104914486408234,0.34057390689849854,0.17286159098148346,1.4564510583877563,1.9267845153808594,0.4918077290058136,0.364134818315506,0.46531006693840027,0.8033974170684814,0.9647360444068909,-0.7695568799972534,0.9577575325965881,0.0,0.0,1.0,0.20000000298023224,0.9811968207359314,1.0007753372192383,0.8120092749595642
G,1.0,0.0,0.0,0.0,0.0,0.3430837094783783,0.2222796380519867,0.32662728428840637,0.17067448794841766,1.4636272192001343,1.9098666906356812,0.5612175464630127,0.4053782820701599,0.49639418721199036,0.7726197242736816,0.9036250710487366,-0.7726969718933105,0.9805974364280701,0.0,0.0,1.0,0.20000000298023224,0.9582136869430542,1.0067329406738281,0.8432141542434692
G,1.0,0.0,0.0,0.0,0.0,0.34895145893096924,0.2214057743549347,0.3320298194885254,0.17894808948040009,1.4475969076156616,1.9513704776763916,0.5348488688468933,0.37117981910705566,0.46147504448890686,0.8374335765838623,0.9139456748962402,-0.769781231880188,0.9725639820098877,0.0,0.0,1.0,0.20000000298023224,0.9844014644622803,0.9954608082771301,0.8297185301780701
G,1.0,0.0,0.0,0.0,0.0,0.346181720495224,0.2202022522687912,0.3481423258781433,0.17784595489501953,1.419286847114563,1.9520773887634277,0.502826452255249,0.34934163093566895,0.443186491727829,0.8439236879348755,0.9164751768112183,-0.7706716060638428,0.9736959934234619,0.0,0.0,1.0,0.20000000298023224,0.9857556223869324,0.9886011481285095,0.8118579983711243
G,1.0,0.0,0.0,0.0,0.0,0.3451751172542572,0.21331027150154114,0.3493793308734894,0.17534294724464417,1.4287601709365845,1.957379937171936,0.498829185962677,0.34065350890159607,0.43753862380981445,0.8675022125244141,0.9299978017807007,-0.7760508060455322,0.973088800907135,0.0,0.0,1.0,0.20000000298023224,0.9993042349815369,0.995598316192627,0.8086003065109253
G,1.0,0.0,0.0,0.0,0.0,0.3438175916671753,0.20920071005821228,0.34533488750457764,0.17249847948551178,1.4293700456619263,1.955868124961853,0.4957585632801056,0.34089040756225586,0.43889519572257996,0.8773865699768066,0.933620035648346,-0.7812104225158691,0.9741508364677429,0.0,0.0,1.0,0.20000000298023224,1.0024112462997437,0.99577796459198,0.807853102684021
H,1.0,0.0,1.0,0.0,0.0,0.24270160496234894,0.1817469745874405,0.1332572102546692,0.1838308721780777,1.211876630783081,1.9030038118362427,1.976892113685608,0.36829379200935364,0.28660377860069275,0.7496449947357178,0.9304258227348328,-0.8208109736442566,0.0193826574832201,0.0,0.0,1.0,0.4000000059604645,1.0650984048843384,0.9576945900917053,1.1336983442306519
H,1.0,0.0,1.0,0.0,0.0,0.24934355914592743,0.1958698034286499,0.15208014845848083,0.22166135907173157,1.1667275428771973,1.8727366924285889,1.895256519317627,0.3122410476207733,0.22757229208946228,0.7483097314834595,0.8576788902282715,-0.818691074848175,0.030629878863692284,0.0,0.0,1.0,0.4000000059604645,1.05613374710083,0.9453070759773254,1.0769516229629517
H,1.0,0.0,1.0,0.0,0.0,0.26000404357910156,0.21060341596603394,0.1641973853111267,0.24517299234867096,1.1734806299209595,1.8874133825302124,1.9150573015213013,0.3107641935348511,0.2307043820619583,0.7502930760383606,0.8671735525131226,-0.7953005433082581,0.019777966663241386,0.0,0.0,1.0,0.4000000059604645,1.05636465549469,0.9186842441558838,1.0859848260879517
H,1.0,0.0,1.0,0.0,0.0,0.28164142370224,0.21250978112220764,0.166200652718544,0.21856030821800232,1.1614413261413574,1.9072916507720947,1.9416142702102661,0.362323522567749,0.3059200048446655,0.8126320838928223,0.9497568607330322,-0.7983657717704773,0.01792856492102146,0.0,0.0,1.0,0.4000000059604645,1.0485097169876099,0.9453635215759277,1.1292873620986938
H,1.0,0.0,1.0,0.0,0.0,0.2915980815887451,0.2168806940317154,0.18048256635665894,0.20326566696166992,1.2157334089279175,1.924272894859314,1.8784255981445312,0.444029837846756,0.4027310311794281,0.7939370274543762,0.8453556895256042,-0.7940812706947327,0.030070142820477486,0.0,0.0,1.0,0.4000000059604645,0.9858827590942383,0.9500753283500671,1.1623648405075073
H,1.0,0.0,1.0,0.0,0.0,0.2955283522605896,0.21192298829555511,0.16902367770671844,0.2000289112329483,1.1888195276260376,1.9293792247772217,1.9657392501831055,0.37516486644744873,0.3376968502998352,0.8400927186012268,0.9838091731071472,-0.8013449907302856,0.025608861818909645,0.0,0.0,1.0,0.4000000059604645,1.063369870185852,0.9908620119094849,1.151995062828064
H,1.0,0.0,1.0,0.0,0.0,0.2890448272228241,0.20792755484580994,0.1608288586139679,0.19649268686771393,1.14485502243042,1.859032392501831,1.9151787757873535,0.36104947328567505,0.30238378047943115,0.8046866655349731,0.9717837572097778,-0.8014600872993469,0.016982663422822952,0.0,0.0,1.0,0.4000000059604645,1.0358948707580566,0.9405319094657898,1.1094111204147339
H,1.0,0.0,1.0,0.0,0.0,0.28533369302749634,0.22597214579582214,0.18042601644992828,0.19063496589660645,1.1742212772369385,1.9151638746261597,1.976994514465332,0.36866068840026855,0.33722376823425293,0.791820764541626,0.9456884860992432,-0.7814332246780396,0.015077092684805393,0.0,0.0,1.0,0.4000000059604645,1.0561368465423584,0.9327408075332642,1.1495107412338257
H,1.0,0.0,1.0,0.0,0.0,0.2830439805984497,0.20792171359062195,0.1616327464580536,0.1751372069120407,1.170690894126892,1.8729138374328613,1.9291435480117798,0.3500334620475769,0.2972373962402344,0.7840115427970886,0.948606014251709,-0.7944428324699402,0.016179155558347702,0.0,0.0,1.0,0.4000000059604645,1.048764705657959,0.9161509871482849,1.1123321056365967
H,1.0,0.0,1.0,0.0,0.0,0.2762923538684845,0.20392897725105286,0.16155041754245758,0.18081344664096832,1.1862514019012451,1.8857375383377075,1.9566524028778076,0.36393165588378906,0.33095088601112366,0.777427613735199,0.944387674331665,-0.7950899600982666,0.024916796013712883,0.0,0.0,1.0,0.4000000059604645,1.04245126247406,0.9200712442398071,1.1343181133270264
H,1.0,0.0,1.0,0.0,0.0,0.27089178562164307,0.20473390817642212,0.16050641238689423,0.17837893962860107,1.177115797996521,1.8716970682144165,1.9386162757873535,0.36210742592811584,0.3408523201942444,0.759786069393158,0.9228082299232483,-0.7950946688652039,0.02080729603767395,0.0,0.0,1.0,0.4000000059604645,1.031770944595337,0.9079996347427368,1.1283183097839355
H,1.0,0.0,1.0,0.0,0.0,0.2786707282066345,0.21431083977222443,0.16949217021465302,0.18735681474208832,1.1801047325134277,1.895751714706421,1.9669420719146729,0.382549524307251,0.36452823877334595,0.7767236828804016,0.9431458711624146,-0.7883911728858948,0.017465094104409218,0.0,0.0,1.0,0.4000000059604645,1.0381276607513428,0.9294966459274292,1.1524429321289062
H,1.0,0.0,1.0,0.0,0.0,0.27800172567367554,0.2201002687215805,0.17301858961582184,0.19508440792560577,1.1941092014312744,1.9039413928985596,1.96174955368042,0.3781695067882538,0.3519779443740845,0.7608429193496704,0.9174890518188477,-0.7851700186729431,0.011186007410287857,0.0,0.0,1.0,0.4000000059604645,1.0405174493789673,0.9201697707176208,1.1489596366882324
H,1.0,0.0,1.0,0.0,0.0,0.27885738015174866,0.22034922242164612,0.17485970258712769,0.2003573775291443,1.1750751733779907,1.8890050649642944,1.9498687982559204,0.3761177957057953,0.3486986756324768,0.7645127177238464,0.9179953336715698,-0.7855559587478638,0.01630096137523651,0.0,0.0,1.0,0.4000000059604645,1.0321013927459717,0.9223173260688782,1.1409225463867188
H,1.0,0.0,1.0,0.0,0.0,0.2804100215435028,0.221061572432518,0.1738595962524414,0.19683395326137543,1.1860424280166626,1.89755380153656,1.9669432640075684,0.3760996162891388,0.34187936782836914,0.76436847448349,0.932079553604126,-0.7855888605117798,0.012378782965242863,0.0,0.0,1.0,0.4000000059604645,1.043473243713379,0.9222887754440308,1.1456190347671509
H,1.0,0.0,1.0,0.0,0.0,0.2813127040863037,0.22056572139263153,0.17444469034671783,0.19680775701999664,1.158515214920044,1.8986926078796387,1.959682583808899,0.37445613741874695,0.3498515188694,0.7922962307929993,0.9462460875511169,-0.785297155380249,0.013627499341964722,0.0,0.0,1.0,0.4000000059604645,1.0400243997573853,0.9194211959838867,1.145670771598816
H,1.0,0.0,1.0,0.0,0.0,0.2724440097808838,0.22248007357120514,0.17646227777004242,0.2020544409751892,1.1680604219436646,1.891261100769043,1.9536421298980713,0.37559202313423157,0.34423521161079407,0.75982666015625,0.9072246551513672,-0.7874273657798767,0.014741302467882633,0.0,0.0,1.0,0.4000000059604645,1.030429482460022,0.9185932874679565,1.1411826610565186
H,1.0,0.0,1.0,0.0,0.0,0.2693937122821808,0.22562776505947113,0.17877592146396637,0.2015312910079956,1.1902252435684204,1.9094738960266113,1.964991807937622,0.3788835406303406,0.35541585087776184,0.7484757304191589,0.8879939913749695,-0.7846376299858093,0.012116221711039543,0.0,0.0,1.0,0.4000000059604645,1.0358421802520752,0.9281532764434814,1.1521912813186646
H,1.0,0.0,1.0,0.0,0.0,0.2705595791339874,0.22477318346500397,0.17820453643798828,0.20174993574619293,1.1829099655151367,1.903554081916809,1.9540865421295166,0.37022310495376587,0.34579238295555115,0.7522216439247131,0.887660026550293,-0.7852014303207397,0.012094552628695965,0.0,0.0,1.0,0.4000000059604645,1.0341224670410156,0.9164015650749207,1.14341402053833
H,1.0,0.0,1.0,0.0,0.0,0.26945236325263977,0.222695454955101,0.17680524289608002,0.2034277468919754,1.1859387159347534,1.9118499755859375,1.9604771137237549,0.36710795760154724,0.3484322428703308,0.7588027119636536,0.8919010758399963,-0.785600483417511,0.015147718600928783,0.0,0.0,1.0,0.4000000059604645,1.039190411567688,0.9302182197570801,1.146966814994812
H,1.0,0.0,1.0,0.0,0.0,0.26932939887046814,0.22259625792503357,0.17612947523593903,0.19938494265079498,1.1807465553283691,1.9076664447784424,1.9594614505767822,0.36476418375968933,0.35444435477256775,0.7595246434211731,0.8962869048118591,-0.7868297100067139,0.014826740138232708,0.0,0.0,1.0,0.4000000059604645,1.03835129737854,0.9311652779579163,1.146584153175354
H,1.0,0.0,1.0,0.0,0.0,0.2744929790496826,0.22523222863674164,0.17812097072601318,0.20423799753189087,1.1673940420150757,1.8915996551513672,1.9460564851760864,0.3676992356777191,0.34314456582069397,0.7597732543945312,0.9016509652137756,-0.785831868648529,0.012397286482155323,0.0,0.0,1.0,0.4000000059604645,1.029891014099121,0.9182075262069702,1.137125015258789
H,1.0,0.0,1.0,0.0,0.0,0.27368324995040894,0.22392171621322632,0.17572034895420074,0.19840797781944275,1.1745022535324097,1.9003231525421143,1.9590054750442505,0.36582937836647034,0.34234917163848877,0.7623987197875977,0.9119531512260437,-0.7873727083206177,0.011303962208330631,0.0,0.0,1.0,0.4000000059604645,1.0401772260665894,0.9283075332641602,1.1418768167495728
H,1.0,0.0,1.0,0.0,0.0,0.2761712074279785,0.2223629504442215,0.17375583946704865,0.20243100821971893,1.1704795360565186,1.8838610649108887,1.9389244318008423,0.3525368273258209,0.3319573700428009,0.7561569809913635,0.907428503036499,-0.7870334982872009,0.011983253061771393,0.0,0.0,1.0,0.4000000059604645,1.0337953567504883,0.917073667049408,1.1268199682235718
H,1.0,0.0,1.0,0.0,0.0,0.2704453766345978,0.2228153496980667,0.17482788860797882,0.19752080738544464,1.1833600997924805,1.914424180984497,1.9781486988067627,0.34528133273124695,0.338148295879364,0.7649081945419312,0.9172419905662537,-0.7865259051322937,0.015463984571397305,0.0,0.0,1.0,0.4000000059604645,1.0556164979934692,0.9508379697799683,1.1440006494522095
H,1.0,0.0,1.0,0.0,0.0,0.2722676694393158,0.22360289096832275,0.17736777663230896,0.20152726769447327,1.2053711414337158,1.9278532266616821,1.9893070459365845,0.3496200442314148,0.3502904772758484,0.7590720057487488,0.9089093208312988,-0.7844930291175842,0.017807185649871826,0.0,0.0,1.0,0.4000000059604645,1.0576027631759644,0.950744092464447,1.15426766872406
H,1.0,0.0,1.0,0.0,0.0,0.2748069763183594,0.22593694925308228,0.1781589388847351,0.2005888819694519,1.1758941411972046,1.9058576822280884,1.9683631658554077,0.3543758690357208,0.349895715713501,0.7652245759963989,0.9163818359375,-0.7829493284225464,0.013590176589787006,0.0,0.0,1.0,0.4000000059604645,1.0450369119644165,0.9317804574966431,1.1446231603622437
H,1.0,0.0,1.0,0.0,0.0,0.2754564881324768,0.22568942606449127,0.17665186524391174,0.20214343070983887,1.1759275197982788,1.8950599431991577,1.955010175704956,0.3614886403083801,0.3453942537307739,0.755985677242279,0.9092315435409546,-0.7849069237709045,0.00996276643127203,0.0,0.0,1.0,0.4000000059604645,1.0367671251296997,0.9219112396240234,1.1392382383346558
H,1.0,0.0,1.0,0.0,0.0,0.2778531312942505,0.22681383788585663,0.17848585546016693,0.2108887881040573,1.1686508655548096,1.8935235738754272,1.950508713722229,0.35822075605392456,0.3388732373714447,0.7630284428596497,0.9119428396224976,-0.7824977040290833,0.011772947385907173,0.0,0.0,1.0,0.4000000059604645,1.0356289148330688,0.9200617074966431,1.1352815628051758
H,1.0,0.0,1.0,0.0,0.0,0.2766953706741333,0.22679762542247772,0.17845964431762695,0.2059708833694458,1.1639962196350098,1.8904489278793335,1.9474525451660156,0.3626970648765564,0.3429582715034485,0.7626897096633911,0.9099439382553101,-0.7844460010528564,0.011191033758223057,0.0,0.0,1.0,0.4000000059604645,1.0341168642044067,0.9222399592399597,1.1358891725540161
H,1.0,0.0,1.0,0.0,0.0,0.27338099479675293,0.22715841233730316,0.17837953567504883,0.2054213583469391,1.17178475856781,1.899134635925293,1.9580360651016235,0.3613172471523285,0.34909921884536743,0.7588684558868408,0.9061204195022583,-0.7845261096954346,0.010877726599574089,0.0,0.0,1.0,0.4000000059604645,1.0375337600708008,0.9288901686668396,1.1418968439102173
H,1.0,0.0,1.0,0.0,0.0,0.2748510539531708,0.2233949601650238,0.17617236077785492,0.209733784198761,1.1745020151138306,1.8971714973449707,1.9530595541000366,0.3608770966529846,0.33220374584198,0.7618088126182556,0.9082096219062805,-0.7883155941963196,0.0143842538818717,0.0,0.0,1.0,0.4000000059604645,1.0381274223327637,0.924082338809967,1.1358280181884766
H,1.0,0.0,1.0,0.0,0.0,0.26530054211616516,0.2153676599264145,0.17045177519321442,0.18833975493907928,1.1867072582244873,1.8927459716796875,1.967042326927185,0.3551553785800934,0.36229851841926575,0.7440766096115112,0.9025830626487732,-0.7890108823776245,0.023617258295416832,0.0,0.0,1.0,0.4000000059604645,1.0374878644943237,0.9353129863739014,1.1443105936050415
H,1.0,0.0,1.0,0.0,0.0,0.2606064975261688,0.20059220492839813,0.1574263721704483,0.16855573654174805,1.1694637537002563,1.9090021848678589,1.9817708730697632,0.3699101507663727,0.37853550910949707,0.7912284135818481,0.9493348002433777,-0.799854040145874,0.021560560911893845,0.0,0.0,1.0,0.4000000059604645,1.0472302436828613,0.9259315729141235,1.1598047018051147
H,1.0,0.0,1.0,0.0,0.0,0.25898614525794983,0.19955497980117798,0.1564890444278717,0.16477346420288086,1.1574833393096924,1.903033971786499,1.9698847532272339,0.3795115351676941,0.3699002265930176,0.7952423095703125,0.9457152485847473,-0.8024851083755493,0.021285999566316605,0.0,0.0,1.0,0.4000000059604645,1.039186954498291,0.9196379780769348,1.1555826663970947
H,1.0,0.0,1.0,0.0,0.0,0.2654826045036316,0.20423153042793274,0.15888343751430511,0.1721772402524948,1.1674494743347168,1.8987715244293213,1.9689991474151611,0.3729190230369568,0.36198192834854126,0.785276472568512,0.9475686550140381,-0.7978091835975647,0.015842724591493607,0.0,0.0,1.0,0.4000000059604645,1.0412383079528809,0.9002680778503418,1.1506679058074951
H,1.0,0.0,1.0,0.0,0.0,0.26313501596450806,0.1936011165380478,0.14780768752098083,0.18724362552165985,1.164425015449524,1.901404619216919,1.9539177417755127,0.37516629695892334,0.34371253848075867,0.8052152991294861,0.958493173122406,-0.8088265657424927,0.016453325748443604,0.0,0.0,1.0,0.4000000059604645,1.0347663164138794,0.9088624715805054,1.1435502767562866
H,1.0,0.0,1.0,0.0,0.0,0.2687355577945709,0.19805707037448883,0.14934885501861572,0.1894180029630661,1.1696830987930298,1.9250813722610474,1.972506046295166,0.3370555639266968,0.3430717885494232,0.8253415822982788,0.982496976852417,-0.8150285482406616,0.015734286978840828,0.0,0.0,1.0,0.4000000059604645,1.061129093170166,0.9555901885032654,1.1444287300109863
H,1.0,0.0,1.0,0.0,0.0,0.2798750400543213,0.20189005136489868,0.15697230398654938,0.2095663845539093,1.1049789190292358,1.8732024431228638,1.9132667779922485,0.312553733587265,0.30809345841407776,0.8448591232299805,0.9821448922157288,-0.8102577924728394,0.026476765051484108,0.0,0.0,1.0,0.4000000059604645,1.0422537326812744,0.9402607679367065,1.1017791032791138
H,1.0,0.0,1.0,0.0,0.0,0.27708593010902405,0.19632604718208313,0.1504015326499939,0.20414745807647705,1.1146074533462524,1.8834935426712036,1.9241365194320679,0.3138750195503235,0.30158963799476624,0.851821780204773,0.9952805042266846,-0.8142409324645996,0.026067305356264114,0.0,0.0,1.0,0.4000000059604645,1.0541530847549438,0.9574507474899292,1.105773687362671
H,1.0,0.0,1.0,0.0,0.0,0.27259561419487,0.2059658169746399,0.1559993475675583,0.198420912027359,1.1487360000610352,1.9064490795135498,1.9738147258758545,0.35152021050453186,0.35565704107284546,0.8183748722076416,0.990754246711731,-0.8050629496574402,0.016304710879921913,0.0,0.0,1.0,0.4000000059604645,1.055886149406433,0.98399418592453,1.1468602418899536
H,1.0,0.0,1.0,0.0,0.0,0.27915671467781067,0.21207179129123688,0.16276244819164276,0.2040691077709198,1.1459685564041138,1.8899846076965332,1.9335390329360962,0.3506273031234741,0.353714257478714,0.8058570623397827,0.9556418061256409,-0.7952122092247009,0.013294648379087448,0.0,0.0,1.0,0.4000000059604645,1.0353457927703857,0.9357051849365234,1.1319663524627686
H,1.0,0.0,1.0,0.0,0.0,0.27717363834381104,0.2123871147632599,0.1636183112859726,0.21226193010807037,1.141886830329895,1.8877720832824707,1.9302341938018799,0.349334716796875,0.3395434617996216,0.8033274412155151,0.9481766223907471,-0.7943820953369141,0.016124902293086052,0.0,0.0,1.0,0.4000000059604645,1.0324475765228271,0.9439014196395874,1.1267211437225342
H,1.0,0.0,1.0,0.0,0.0,0.27446654438972473,0.2149125635623932,0.16754041612148285,0.21179626882076263,1.1823241710662842,1.9133141040802002,1.969232439994812,0.3571953773498535,0.3621797561645508,0.7831352353096008,0.9378101825714111,-0.7926033139228821,0.018470916897058487,0.0,0.0,1.0,0.4000000059604645,1.0459612607955933,0.9632257223129272,1.1504803895950317
H,1.0,0.0,1.0,0.0,0.0,0.2777985632419586,0.21305152773857117,0.1660260409116745,0.2139032632112503,1.1746644973754883,1.9000275135040283,1.9515306949615479,0.36043012142181396,0.3587045669555664,0.7862432599067688,0.9398325681686401,-0.7929338216781616,0.01966266892850399,0.0,0.0,1.0,0.4000000059604645,1.035809874534607,0.957395076751709,1.1426732540130615
H,1.0,0.0,1.0,0.0,0.0,0.27141016721725464,0.21529701352119446,0.16673506796360016,0.21831265091896057,1.1747958660125732,1.9027771949768066,1.965139389038086,0.3561876714229584,0.34137362241744995,0.7741086483001709,0.9338401556015015,-0.7929033041000366,0.018578507006168365,0.0,0.0,1.0,0.4000000059604645,1.0424370765686035,0.9664654731750488,1.1413694620132446
H,1.0,0.0,1.0,0.0,0.0,0.2760988175868988,0.21704505383968353,0.1699846237897873,0.21832776069641113,1.20982825756073,1.950239896774292,2.006300926208496,0.36076098680496216,0.3502582311630249,0.7932125926017761,0.9495435953140259,-0.7885547280311584,0.020624715834856033,0.0,0.0,1.0,0.4000000059604645,1.0670047998428345,0.9792054295539856,1.166890025138855
H,1.0,0.0,1.0,0.0,0.0,0.27378493547439575,0.21844156086444855,0.17125265300273895,0.21648886799812317,1.195143222808838,1.9337767362594604,1.9950228929519653,0.3521607220172882,0.3452661335468292,0.784390389919281,0.9407814145088196,-0.7897994518280029,0.0208748672157526,0.0,0.0,1.0,0.4000000059604645,1.0617831945419312,0.9752127528190613,1.1565566062927246
H,1.0,0.0,1.0,0.0,0.0,0.27925658226013184,0.22023920714855194,0.17407311499118805,0.21880190074443817,1.188277244567871,1.9230479001998901,1.9761630296707153,0.365097314119339,0.35730743408203125,0.7862678170204163,0.9353338479995728,-0.7891022562980652,0.019036132842302322,0.0,0.0,1.0,0.4000000059604645,1.0450249910354614,0.9587745070457458,1.155403971672058
H,1.0,0.0,1.0,0.0,0.0,0.27332401275634766,0.22038763761520386,0.1726929247379303,0.21716998517513275,1.1825839281082153,1.9138816595077515,1.9803487062454224,0.3655949831008911,0.3640710711479187,0.7728191018104553,0.931960940361023,-0.7887553572654724,0.017725767567753792,0.0,0.0,1.0,0.4000000059604645,1.0426493883132935,0.9584652185440063,1.15597403049469
H,1.0,0.0,1.0,0.0,0.0,0.2734079957008362,0.21924690902233124,0.17292049527168274,0.21658626198768616,1.1818287372589111,1.9121067523956299,1.9694945812225342,0.3559797704219818,0.35515499114990234,0.7736749053001404,0.922208309173584,-0.7880808115005493,0.021050089970231056,0.0,0.0,1.0,0.4000000059604645,1.0417485237121582,0.9583225846290588,1.148184061050415
H,1.0,0.0,1.0,0.0,0.0,0.27513980865478516,0.21860982477664948,0.17142464220523834,0.2136346697807312,1.1772550344467163,1.9204730987548828,1.980583667755127,0.3586031496524811,0.3518761992454529,0.789616048336029,0.9437670111656189,-0.7890046834945679,0.020093949511647224,0.0,0.0,1.0,0.4000000059604645,1.0478347539901733,0.9696206450462341,1.1528840065002441
H,1.0,0.0,1.0,0.0,0.0,0.2764659523963928,0.22070874273777008,0.1724006086587906,0.23159773647785187,1.1771397590637207,1.9120428562164307,1.9768404960632324,0.35871097445487976,0.3483366370201111,0.7803629040718079,0.9412939548492432,-0.7870113253593445,0.01839769072830677,0.0,0.0,1.0,0.4000000059604645,1.0445021390914917,0.9590848684310913,1.1489827632904053
H,1.0,0.0,1.0,0.0,0.0,0.2775460183620453,0.2214544266462326,0.1724557876586914,0.22742798924446106,1.1543149948120117,1.887965440750122,1.9553838968276978,0.3560582995414734,0.33832848072052,0.7782935500144958,0.9410157203674316,-0.7870855927467346,0.017093461006879807,0.0,0.0,1.0,0.4000000059604645,1.0328508615493774,0.9447810649871826,1.1344339847564697
H,1.0,0.0,1.0,0.0,0.0,0.2773659825325012,0.2194151133298874,0.17093278467655182,0.21658720076084137,1.1594650745391846,1.901233196258545,1.9652153253555298,0.35154396295547485,0.3405081033706665,0.7893566489219666,0.9495384097099304,-0.789655327796936,0.01800312101840973,0.0,0.0,1.0,0.4000000059604645,1.0432753562927246,0.9589128494262695,1.1396251916885376
H,1.0,0.0,1.0,0.0,0.0,0.27716827392578125,0.2200600504875183,0.17107746005058289,0.21935100853443146,1.1599829196929932,1.8995344638824463,1.9590691328048706,0.351474791765213,0.3424763083457947,0.7859205007553101,0.9426822066307068,-0.79034024477005,0.01683240756392479,0.0,0.0,1.0,0.4000000059604645,1.0400958061218262,0.9525817036628723,1.1381386518478394
H,1.0,0.0,1.0,0.0,0.0,0.27217012643814087,0.22151397168636322,0.1719120740890503,0.2195480912923813,1.1674598455429077,1.9059451818466187,1.9651356935501099,0.34647220373153687,0.3332010507583618,0.7756254076957703,0.9284458160400391,-0.7879888415336609,0.01566728577017784,0.0,0.0,1.0,0.4000000059604645,1.0448722839355469,0.9530165791511536,1.1376885175704956
H,1.0,0.0,1.0,0.0,0.0,0.28006428480148315,0.22197653353214264,0.17324654757976532,0.22047223150730133,1.1614195108413696,1.9000911712646484,1.9500051736831665,0.3526456356048584,0.33864864706993103,0.7867164611816406,0.935160219669342,-0.7871692180633545,0.015213876962661743,0.0,0.0,1.0,0.4000000059604645,1.0386011600494385,0.944388210773468,1.135347604751587
H,1.0,0.0,1.0,0.0,0.0,0.28066542744636536,0.22241656482219696,0.17340360581874847,0.21472704410552979,1.1664320230484009,1.9145236015319824,1.9656373262405396,0.3536490499973297,0.3433320224285126,0.7963756918907166,0.9469013810157776,-0.7872735857963562,0.01492109801620245,0.0,0.0,1.0,0.4000000059604645,1.0466197729110718,0.954264760017395,1.1442855596542358
H,1.0,0.0,1.0,0.0,0.0,0.2798927426338196,0.22121956944465637,0.17371557652950287,0.22578828036785126,1.1531009674072266,1.9012326002120972,1.9570451974868774,0.3531073033809662,0.34174132347106934,0.7962270379066467,0.9460957646369934,-0.7865447998046875,0.01937568001449108,0.0,0.0,1.0,0.4000000059604645,1.0380300283432007,0.9533090591430664,1.1382815837860107
I,1.0,0.0,0.0,0.0,1.0,0.42144325375556946,0.378726989030838,0.4282119572162628,0.56609708070755,1.159805417060852,0.9207822680473328,0.9962334632873535,0.7924146056175232,1.7493271827697754,0.2762886583805084,0.16516128182411194,-0.4442692995071411,0.3705139756202698,0.0,0.0,1.0,0.4000000059604645,0.5046122670173645,0.4882746934890747,1.1146893501281738
I,1.0,0.0,0.0,0.0,1.0,0.4191780388355255,0.378383606672287,0.42826539278030396,0.5678202509880066,1.1641126871109009,0.9263566732406616,1.0084795951843262,0.7852047681808472,1.7587597370147705,0.27242618799209595,0.15867722034454346,-0.4439363479614258,0.43236425518989563,0.0,0.0,1.0,0.4000000059604645,0.510991632938385,0.4830528199672699,1.1197001934051514
I,1.0,0.0,0.0,0.0,1.0,0.4184074401855469,0.37820178270339966,0.4269171357154846,0.5674246549606323,1.1707124710083008,0.9253302216529846,0.9930456280708313,0.8006768822669983,1.7571743726730347,0.2783389389514923,0.17998993396759033,-0.44386398792266846,0.33310002088546753,0.0,0.0,1.0,0.4000000059604645,0.5072252750396729,0.48165449500083923,1.1190568208694458
I,1.0,0.0,0.0,0.0,1.0,0.420312762260437,0.378522127866745,0.42652595043182373,0.570280134677887,1.1738495826721191,0.9209868907928467,0.9905418157577515,0.7870008945465088,1.7628101110458374,0.287310928106308,0.1845121532678604,-0.44393718242645264,0.33451640605926514,0.0,0.0,1.0,0.4000000059604645,0.5136176347732544,0.48295682668685913,1.1153349876403809
I,1.0,0.0,0.0,0.0,1.0,0.42068180441856384,0.3786076307296753,0.42628151178359985,0.5709459781646729,1.183519721031189,0.9282194375991821,0.9958659410476685,0.8016071319580078,1.7709660530090332,0.2904202342033386,0.18862313032150269,-0.44432467222213745,0.34953925013542175,0.0,0.0,1.0,0.4000000059604645,0.5116732120513916,0.48201966285705566,1.1241645812988281
I,1.0,0.0,0.0,0.0,1.0,0.41990408301353455,0.37714582681655884,0.42645370960235596,0.5718165040016174,1.1862813234329224,0.9274854063987732,1.0034725666046143,0.8006284832954407,1.777397871017456,0.2946164608001709,0.1841820627450943,-0.44648608565330505,0.35732582211494446,0.0,0.0,1.0,0.4000000059604645,0.5164896249771118,0.48240822553634644,1.1272460222244263
I,1.0,0.0,0.0,0.0,1.0,0.4171885550022125,0.3755606412887573,0.4243617355823517,0.5745517611503601,1.188136339187622,0.9173300862312317,0.9901050329208374,0.7935442328453064,1.7768149375915527,0.30323272943496704,0.1995338797569275,-0.4445665776729584,0.3145082890987396,0.0,0.0,1.0,0.4000000059604645,0.519514799118042,0.4792575538158417,1.1194485425949097
I,1.0,0.0,0.0,0.0,1.0,0.4183995723724365,0.376270592212677,0.42443692684173584,0.5735236406326294,1.1901569366455078,0.9201425909996033,0.9801665544509888,0.7908626794815063,1.7775238752365112,0.3034187853336334,0.21098725497722626,-0.444072425365448,0.2730545997619629,0.0,0.0,1.0,0.4000000059604645,0.5216996073722839,0.4824761152267456,1.1171739101409912
I,1.0,0.0,0.0,0.0,1.0,0.4183454215526581,0.37671777606010437,0.42519596219062805,0.5718941688537598,1.1904702186584473,0.9201812744140625,0.9936242699623108,0.8008950352668762,1.7788326740264893,0.30292654037475586,0.19823268055915833,-0.44460418820381165,0.3380338251590729,0.0,0.0,1.0,0.4000000059604645,0.5186227560043335,0.4851768910884857,1.1233832836151123
I,1.0,0.0,0.0,0.0,1.0,0.42064589262008667,0.3796575963497162,0.4283864200115204,0.5699395537376404,1.1758257150650024,0.9250714778900146,1.0049083232879639,0.7905060648918152,1.7582939863204956,0.2844092845916748,0.1729491651058197,-0.4480806589126587,0.37827005982398987,0.0,0.0,1.0,0.4000000059604645,0.5105105042457581,0.48497065901756287,1.1196949481964111
I,1.0,0.0,0.0,0.0,1.0,0.42178329825401306,0.3803390860557556,0.4299043118953705,0.5689272880554199,1.1737216711044312,0.9231182932853699,1.0157480239868164,0.7851334810256958,1.7534244060516357,0.28485721349716187,0.16041092574596405,-0.4488069713115692,0.43513134121894836,0.0,0.0,1.0,0.4000000059604645,0.5101927518844604,0.4788097143173218,1.1193560361862183
I,1.0,0.0,0.0,0.0,1.0,0.42023882269859314,0.37950223684310913,0.42959123849868774,0.569690465927124,1.1793298721313477,0.925048828125,1.0083404779434204,0.7848671674728394,1.7631534337997437,0.287231981754303,0.17396512627601624,-0.4490189850330353,0.38516947627067566,0.0,0.0,1.0,0.4000000059604645,0.5155490636825562,0.4807574450969696,1.1203525066375732
I,1.0,0.0,0.0,0.0,1.0,0.4195147156715393,0.37738075852394104,0.42625710368156433,0.5713186264038086,1.1783207654953003,0.9250003099441528,0.9990641474723816,0.789889931678772,1.769973635673523,0.28851449489593506,0.18072383105754852,-0.4466431736946106,0.3398122191429138,0.0,0.0,1.0,0.4000000059604645,0.5166970491409302,0.4818735718727112,1.120982050895691
I,1.0,0.0,0.0,0.0,1.0,0.4215778410434723,0.379671573638916,0.4293539226055145,0.5710432529449463,1.1777905225753784,0.9264096021652222,1.0111457109451294,0.7864577770233154,1.765085220336914,0.286490261554718,0.168763667345047,-0.4499499201774597,0.3835406005382538,0.0,0.0,1.0,0.4000000059604645,0.5147383213043213,0.4752614498138428,1.1222745180130005
I,1.0,0.0,0.0,0.0,1.0,0.421240895986557,0.3784404695034027,0.4285464286804199,0.570203959941864,1.1713988780975342,0.9191170334815979,0.9972009658813477,0.7826709747314453,1.7564810514450073,0.2882404923439026,0.17595502734184265,-0.4499914348125458,0.3271658420562744,0.0,0.0,1.0,0.4000000059604645,0.5137699842453003,0.4794278144836426,1.1138675212860107
I,1.0,0.0,0.0,0.0,1.0,0.4202006161212921,0.37790387868881226,0.4281836450099945,0.5711544156074524,1.1739652156829834,0.9125394821166992,0.9946721792221069,0.7843642830848694,1.7524434328079224,0.2953493297100067,0.18132959306240082,-0.4498753547668457,0.3270238935947418,0.0,0.0,1.0,0.4000000059604645,0.5134445428848267,0.4803939461708069,1.1110048294067383
I,1.0,0.0,0.0,0.0,1.0,0.4201805591583252,0.379420667886734,0.42906975746154785,0.5702834129333496,1.1731116771697998,0.9233559370040894,1.002753496170044,0.7849164009094238,1.7560687065124512,0.28304579854011536,0.1730295866727829,-0.45016568899154663,0.35181233286857605,0.0,0.0,1.0,0.4000000059604645,0.5120583176612854,0.4812098443508148,1.1167736053466797
I,1.0,0.0,0.0,0.0,1.0,0.4191873371601105,0.37867552042007446,0.4281958043575287,0.5709258317947388,1.176572561264038,0.9236039519309998,0.992567241191864,0.7876359224319458,1.7563855648040771,0.2856074571609497,0.18652956187725067,-0.4498494565486908,0.303302139043808,0.0,0.0,1.0,0.4000000059604645,0.5126149654388428,0.4817730188369751,1.1150481700897217
I,1.0,0.0,0.0,0.0,1.0,0.4190863072872162,0.3778594732284546,0.4275541305541992,0.5708430409431458,1.179145097732544,0.9264734983444214,0.9970728158950806,0.7956258654594421,1.7631038427352905,0.28660598397254944,0.18434283137321472,-0.4496915340423584,0.3083798587322235,0.0,0.0,1.0,0.4000000059604645,0.5129967331886292,0.48130977153778076,1.1205689907073975
I,1.0,0.0,0.0,0.0,1.0,0.4202340543270111,0.37863263487815857,0.42915356159210205,0.5714855790138245,1.1757553815841675,0.9234554767608643,1.0026180744171143,0.7883818745613098,1.757921576499939,0.28666141629219055,0.17578978836536407,-0.45069801807403564,0.33691051602363586,0.0,0.0,1.0,0.4000000059604645,0.5125624537467957,0.4771203100681305,1.1180943250656128
I,1.0,0.0,0.0,0.0,1.0,0.4198499619960785,0.37855392694473267,0.428722620010376,0.5720856785774231,1.1815561056137085,0.923924446105957,1.0061428546905518,0.7841485738754272,1.762927532196045,0.29107123613357544,0.17802640795707703,-0.44910746812820435,0.36909666657447815,0.0,0.0,1.0,0.4000000059604645,0.5174776911735535,0.4814629554748535,1.1192858219146729
I,1.0,0.0,0.0,0.0,1.0,0.42139947414398193,0.3790140450000763,0.4288436472415924,0.5687325596809387,1.168503761291504,0.9193640947341919,0.9848699569702148,0.7823886871337891,1.7487568855285645,0.2847639322280884,0.18533958494663239,-0.45068785548210144,0.2714645266532898,0.0,0.0,1.0,0.4000000059604645,0.5110801458358765,0.4810110926628113,1.1088448762893677
I,1.0,0.0,0.0,0.0,1.0,0.4206724762916565,0.3806050717830658,0.4299989640712738,0.5700545310974121,1.1747381687164307,0.9245465397834778,0.999131977558136,0.784825325012207,1.7590373754501343,0.28245702385902405,0.17845191061496735,-0.45118698477745056,0.3338640034198761,0.0,0.0,1.0,0.4000000059604645,0.5135021805763245,0.4801044762134552,1.1168853044509888
I,1.0,0.0,0.0,0.0,1.0,0.4210588037967682,0.38028186559677124,0.4296156167984009,0.5701264142990112,1.1761837005615234,0.9257640838623047,0.99930739402771,0.7858768701553345,1.7599302530288696,0.2838216722011566,0.17926111817359924,-0.4516753554344177,0.32344338297843933,0.0,0.0,1.0,0.4000000059604645,0.5145624876022339,0.4797738790512085,1.1177196502685547
I,1.0,0.0,0.0,0.0,1.0,0.42128169536590576,0.38092827796936035,0.4301244616508484,0.5684092044830322,1.1715823411941528,0.9219561815261841,0.9893158674240112,0.7803117632865906,1.7535641193389893,0.28222283720970154,0.18470388650894165,-0.4529702365398407,0.2858881652355194,0.0,0.0,1.0,0.4000000059604645,0.5139566659927368,0.4810153841972351,1.111286997795105
I,1.0,0.0,0.0,0.0,1.0,0.42210885882377625,0.3818283975124359,0.43246549367904663,0.568350076675415,1.1738731861114502,0.9252159595489502,1.0067930221557617,0.7807267308235168,1.7604337930679321,0.28142380714416504,0.17078280448913574,-0.45318830013275146,0.36746636033058167,0.0,0.0,1.0,0.4000000059604645,0.5160197019577026,0.48476463556289673,1.1182924509048462
I,1.0,0.0,0.0,0.0,1.0,0.42352086305618286,0.38182979822158813,0.4314982295036316,0.5668678879737854,1.1693294048309326,0.9193334579467773,0.984196126461029,0.7784615159034729,1.7457107305526733,0.28445231914520264,0.1870751976966858,-0.4557102918624878,0.2593919038772583,0.0,0.0,1.0,0.4000000059604645,0.511713981628418,0.4785940647125244,1.1069254875183105
I,1.0,0.0,0.0,0.0,1.0,0.4212053716182709,0.3801397979259491,0.4293380379676819,0.567756712436676,1.174432635307312,0.9234483242034912,0.9874660968780518,0.7854849696159363,1.757942795753479,0.2846381366252899,0.1889801174402237,-0.45362842082977295,0.26733890175819397,0.0,0.0,1.0,0.4000000059604645,0.5155181884765625,0.48401781916618347,1.1135855913162231
I,1.0,0.0,0.0,0.0,1.0,0.4210565686225891,0.3791522979736328,0.429610937833786,0.5693248510360718,1.1732022762298584,0.9217901825904846,0.9944557547569275,0.7865099310874939,1.7594000101089478,0.2862223982810974,0.1810881346464157,-0.45315802097320557,0.29470837116241455,0.0,0.0,1.0,0.4000000059604645,0.5161200761795044,0.4810299873352051,1.1155389547348022
I,1.0,0.0,0.0,0.0,1.0,0.421744167804718,0.3802917003631592,0.4306317865848541,0.5672860741615295,1.1669185161590576,0.9196782112121582,0.9921574592590332,0.7832974791526794,1.7529045343399048,0.28160664439201355,0.17732444405555725,-0.45374351739883423,0.2905776798725128,0.0,0.0,1.0,0.4000000059604645,0.5128523707389832,0.48161688446998596,1.1120094060897827
I,1.0,0.0,0.0,0.0,1.0,0.4207588732242584,0.3804987072944641,0.4306885302066803,0.5680990815162659,1.1785295009613037,0.9230411052703857,1.0080170631408691,0.783916175365448,1.762445092201233,0.2874954640865326,0.1738690435886383,-0.45291393995285034,0.35648494958877563,0.0,0.0,1.0,0.4000000059604645,0.5173963308334351,0.47944316267967224,1.1193548440933228
I,1.0,0.0,0.0,0.0,1.0,0.42224761843681335,0.38115784525871277,0.43069562315940857,0.5662727952003479,1.1620670557022095,0.9160078763961792,0.9813327789306641,0.7792528867721558,1.7472927570343018,0.2797467112541199,0.18294282257556915,-0.45467400550842285,0.2533646523952484,0.0,0.0,1.0,0.4000000059604645,0.5109363198280334,0.48075589537620544,1.1059715747833252
I,1.0,0.0,0.0,0.0,1.0,0.4209943413734436,0.3822113573551178,0.4296948313713074,0.5667226314544678,1.1739426851272583,0.9354552626609802,0.9939232468605042,0.7934455871582031,1.7653648853302002,0.27047836780548096,0.18242453038692474,-0.45479315519332886,0.2673174738883972,0.0,0.0,1.0,0.4000000059604645,0.512035608291626,0.4822852909564972,1.1220473051071167
I,1.0,0.0,0.0,0.0,1.0,0.4216945469379425,0.3825376331806183,0.4302758276462555,0.5666465759277344,1.166727066040039,0.9290680885314941,0.9885662198066711,0.7901869416236877,1.7616996765136719,0.2699342668056488,0.1804979294538498,-0.45471739768981934,0.263802170753479,0.0,0.0,1.0,0.4000000059604645,0.5107015371322632,0.4832648038864136,1.1173802614212036
I,1.0,0.0,0.0,0.0,1.0,0.42058950662612915,0.3826601207256317,0.430514931678772,0.5685853362083435,1.1592944860458374,0.9283625483512878,1.0027289390563965,0.7833217978477478,1.7553763389587402,0.2619023621082306,0.16013410687446594,-0.45488861203193665,0.3205452263355255,0.0,0.0,1.0,0.4000000059604645,0.5087443590164185,0.47831353545188904,1.1174473762512207
I,1.0,0.0,0.0,0.0,1.0,0.42147138714790344,0.38283830881118774,0.43116119503974915,0.5661104917526245,1.1696619987487793,0.9247047305107117,1.001407265663147,0.787853479385376,1.7655245065689087,0.27553030848503113,0.17144964635372162,-0.4546869695186615,0.327251672744751,0.0,0.0,1.0,0.4000000059604645,0.513850748538971,0.48284807801246643,1.1198724508285522
I,1.0,0.0,0.0,0.0,1.0,0.42262107133865356,0.38315343856811523,0.43077799677848816,0.5655860900878906,1.1677358150482178,0.9333864450454712,1.0033471584320068,0.7923284769058228,1.7667820453643799,0.2676841616630554,0.1667121946811676,-0.4551108181476593,0.3095235228538513,0.0,0.0,1.0,0.4000000059604645,0.5110127329826355,0.48219552636146545,1.1239609718322754
I,1.0,0.0,0.0,0.0,1.0,0.42324522137641907,0.38336098194122314,0.43079277873039246,0.5637049674987793,1.1682389974594116,0.931268572807312,0.9954698085784912,0.7910195589065552,1.7748161554336548,0.27057984471321106,0.17465107142925262,-0.4555470049381256,0.2845975160598755,0.0,0.0,1.0,0.4000000059604645,0.5156264305114746,0.48358383774757385,1.1231435537338257
I,1.0,0.0,0.0,0.0,1.0,0.42595773935317993,0.385413259267807,0.434451162815094,0.560157060623169,1.1616686582565308,0.929576575756073,0.9893938302993774,0.7926371097564697,1.7642621994018555,0.26713839173316956,0.17463357746601105,-0.4569800794124603,0.26343923807144165,0.0,0.0,1.0,0.4000000059604645,0.5091127157211304,0.4797056019306183,1.1189674139022827
I,1.0,0.0,0.0,0.0,1.0,0.42651262879371643,0.3866613507270813,0.4361071288585663,0.5590178966522217,1.1694648265838623,0.9387080073356628,0.9957902431488037,0.8009454607963562,1.7780512571334839,0.26539239287376404,0.1766941398382187,-0.45947960019111633,0.2591473162174225,0.0,0.0,1.0,0.4000000059604645,0.5123292803764343,0.4819585978984833,1.1283737421035767
I,1.0,0.0,0.0,0.0,1.0,0.42920467257499695,0.3858783543109894,0.4364033341407776,0.5562773942947388,1.1665091514587402,0.9261542558670044,1.0118829011917114,0.7875924110412598,1.7806259393692017,0.27884671092033386,0.1565660685300827,-0.45969945192337036,0.3596514165401459,0.0,0.0,1.0,0.4000000059604645,0.5184805989265442,0.4954416751861572,1.1265639066696167
I,1.0,0.0,0.0,0.0,1.0,0.42676642537117004,0.3832654654979706,0.4334745407104492,0.5601203441619873,1.1701939105987549,0.9187703728675842,0.9763565063476562,0.7893346548080444,1.783769130706787,0.2885524332523346,0.19514189660549164,-0.45674842596054077,0.22996275126934052,0.0,0.0,1.0,0.4000000059604645,0.522007942199707,0.49232572317123413,1.1170576810836792
I,1.0,0.0,0.0,0.0,1.0,0.4282291829586029,0.3842660188674927,0.4353941082954407,0.5610117316246033,1.173561453819275,0.9198080897331238,0.9961115717887878,0.7845953702926636,1.7797991037368774,0.29146045446395874,0.17911088466644287,-0.45696377754211426,0.3132514953613281,0.0,0.0,1.0,0.4000000059604645,0.5218054056167603,0.4918462634086609,1.1200785636901855
I,1.0,0.0,0.0,0.0,1.0,0.4280385375022888,0.38481226563453674,0.4360387921333313,0.5615549683570862,1.1659809350967407,0.9260730743408203,1.0120021104812622,0.7846632599830627,1.7666696310043335,0.27827689051628113,0.15638038516044617,-0.457111656665802,0.3735160827636719,0.0,0.0,1.0,0.4000000059604645,0.5138429403305054,0.48551276326179504,1.1223520040512085
I,1.0,0.0,0.0,0.0,1.0,0.42622774839401245,0.38587164878845215,0.43529459834098816,0.5616739988327026,1.1791645288467407,0.9291037917137146,0.9976405501365662,0.7903622388839722,1.784143090248108,0.2830488383769989,0.18413400650024414,-0.45842522382736206,0.30050161480903625,0.0,0.0,1.0,0.4000000059604645,0.5206954479217529,0.4856830835342407,1.1253124475479126
I,1.0,0.0,0.0,0.0,1.0,0.4259154796600342,0.3877687454223633,0.4373614192008972,0.560165286064148,1.1701139211654663,0.9325604438781738,0.9999520778656006,0.7970598936080933,1.7802248001098633,0.2684859037399292,0.17455022037029266,-0.4577878713607788,0.32031264901161194,0.0,0.0,1.0,0.4000000059604645,0.5134878158569336,0.4868426024913788,1.1274492740631104
I,1.0,0.0,0.0,0.0,1.0,0.42567941546440125,0.38444724678993225,0.43452757596969604,0.5615756511688232,1.165825366973877,0.9239884614944458,1.0012201070785522,0.7864875793457031,1.772344946861267,0.2766488492488861,0.1673222929239273,-0.4561483561992645,0.33021318912506104,0.0,0.0,1.0,0.4000000059604645,0.5165354013442993,0.48802658915519714,1.1210103034973145
I,1.0,0.0,0.0,0.0,1.0,0.42633700370788574,0.38440707325935364,0.4328680634498596,0.5608532428741455,1.172713279724121,0.9318006038665771,0.9985138773918152,0.7966811656951904,1.7715586423873901,0.2774393558502197,0.1756085753440857,-0.4567846953868866,0.29437726736068726,0.0,0.0,1.0,0.4000000059604645,0.5130608081817627,0.48673632740974426,1.124638557434082
I,1.0,0.0,0.0,0.0,1.0,0.4270586371421814,0.3849795162677765,0.4342207610607147,0.5600124597549438,1.1698333024978638,0.9309373497962952,0.985464870929718,0.7947083115577698,1.7840734720230103,0.2758173942565918,0.18594445288181305,-0.4563637375831604,0.24685584008693695,0.0,0.0,1.0,0.4000000059604645,0.5176970362663269,0.4873034954071045,1.123795986175537
I,1.0,0.0,0.0,0.0,1.0,0.4270634353160858,0.3848593235015869,0.43411922454833984,0.5593338012695312,1.1683740615844727,0.9236890077590942,0.9756036996841431,0.7963476181030273,1.783947229385376,0.2807403802871704,0.19421757757663727,-0.4570687413215637,0.21649672091007233,0.0,0.0,1.0,0.4000000059604645,0.5178641676902771,0.48512864112854004,1.1198968887329102
I,1.0,0.0,0.0,0.0,1.0,0.42554688453674316,0.3860268294811249,0.433663547039032,0.5590963959693909,1.175773024559021,0.9251821637153625,0.975845456123352,0.8053486347198486,1.780461311340332,0.2820326089859009,0.2017846256494522,-0.459134042263031,0.2143593281507492,0.0,0.0,1.0,0.4000000059604645,0.5148070454597473,0.48673924803733826,1.1217093467712402
I,1.0,0.0,0.0,0.0,1.0,0.4267813563346863,0.387035608291626,0.43498384952545166,0.5581939220428467,1.1694846153259277,0.9286006689071655,0.988114595413208,0.8043371438980103,1.781699776649475,0.2737424671649933,0.18347318470478058,-0.4594900608062744,0.2637835741043091,0.0,0.0,1.0,0.4000000059604645,0.5136880874633789,0.48848554491996765,1.125688076019287
I,1.0,0.0,0.0,0.0,1.0,0.4270039200782776,0.388469398021698,0.4374767541885376,0.5580338835716248,1.1743159294128418,0.9375135898590088,1.0028048753738403,0.8075857758522034,1.7826396226882935,0.26868271827697754,0.17518755793571472,-0.4602043628692627,0.3056740462779999,0.0,0.0,1.0,0.4000000059604645,0.5120651721954346,0.4875773787498474,1.1326359510421753
I,1.0,0.0,0.0,0.0,1.0,0.4280712306499481,0.38870352506637573,0.43714332580566406,0.5570178031921387,1.1704604625701904,0.9324079155921936,0.9951192736625671,0.8050604462623596,1.7907402515411377,0.27081552147865295,0.1780185103416443,-0.4602718651294708,0.28604426980018616,0.0,0.0,1.0,0.4000000059604645,0.5155026912689209,0.492855429649353,1.1308319568634033
I,1.0,0.0,0.0,0.0,1.0,0.4265739917755127,0.3876398205757141,0.4358840584754944,0.5581137537956238,1.1651356220245361,0.9353722333908081,0.9962968826293945,0.80445396900177,1.779348373413086,0.2628230154514313,0.1717541515827179,-0.45995497703552246,0.27832651138305664,0.0,0.0,1.0,0.4000000059604645,0.5101380348205566,0.48863834142684937,1.1288678646087646
I,1.0,0.0,0.0,0.0,1.0,0.4262252151966095,0.3873457908630371,0.43575793504714966,0.5590701699256897,1.1643868684768677,0.9336861968040466,0.9898236393928528,0.8072478175163269,1.7848511934280396,0.2634807825088501,0.17749901115894318,-0.45807626843452454,0.26672980189323425,0.0,0.0,1.0,0.4000000059604645,0.511388897895813,0.4887484908103943,1.1289021968841553
I,1.0,0.0,0.0,0.0,1.0,0.4258177578449249,0.3861599862575531,0.43367597460746765,0.5595601201057434,1.1636747121810913,0.9218679070472717,0.9623178839683533,0.7971537113189697,1.7764304876327515,0.2740449607372284,0.20304442942142487,-0.4597524106502533,0.17957571148872375,0.0,0.0,1.0,0.4000000059604645,0.5142749547958374,0.4881071448326111,1.1144424676895142
I,1.0,0.0,0.0,0.0,1.0,0.4273175597190857,0.38918498158454895,0.4376752972602844,0.5581799745559692,1.160294771194458,0.9268578886985779,0.9789860248565674,0.7959038019180298,1.7706241607666016,0.26440149545669556,0.1845955103635788,-0.46165111660957336,0.2304784655570984,0.0,0.0,1.0,0.4000000059604645,0.5096965432167053,0.4850976765155792,1.1180930137634277
I,1.0,0.0,0.0,0.0,1.0,0.42762938141822815,0.3892005980014801,0.4376727044582367,0.5574972629547119,1.1639189720153809,0.9332080483436584,0.9847764372825623,0.798102855682373,1.7790762186050415,0.2627537250518799,0.18229921162128448,-0.4612349569797516,0.2409905046224594,0.0,0.0,1.0,0.4000000059604645,0.5122355818748474,0.48756852746009827,1.1237908601760864
I,1.0,0.0,0.0,0.0,1.0,0.42807358503341675,0.3892410695552826,0.4370853304862976,0.5582820773124695,1.166367769241333,0.933962881565094,0.9822264313697815,0.8025627732276917,1.7801040410995483,0.2649616003036499,0.18661783635616302,-0.4611876606941223,0.22491587698459625,0.0,0.0,1.0,0.4000000059604645,0.5114330649375916,0.48487532138824463,1.1247140169143677
J,1.0,0.0,0.0,0.0,1.0,0.46907126903533936,0.4968443810939789,0.4797767996788025,0.4076214134693146,1.1805520057678223,0.9225916266441345,0.7452003359794617,0.7450426816940308,1.6241422891616821,0.27355068922042847,0.4364928901195526,-0.6220683455467224,0.03051627054810524,0.0,0.0,1.0,0.4000000059604645,0.6267279386520386,0.6868759393692017,1.0092442035675049
J,1.0,0.0,0.0,0.0,1.0,0.4695136249065399,0.49554693698883057,0.4805646240711212,0.4097309708595276,1.1754605770111084,0.9299885034561157,0.7478827238082886,0.7481215596199036,1.6160968542099,0.25993186235427856,0.42881494760513306,-0.6194159388542175,0.0276587326079607,0.0,0.0,1.0,0.4000000059604645,0.6146684885025024,0.6747800707817078,1.010522484779358
J,1.0,0.0,0.0,0.0,1.0,0.4694410264492035,0.49048593640327454,0.47496291995048523,0.40706393122673035,1.1681534051895142,0.9480555057525635,0.747532308101654,0.7368165254592896,1.6101704835891724,0.23082947731018066,0.4209333658218384,-0.6225043535232544,0.018344324082136154,0.0,0.0,1.0,0.4000000059604645,0.6163754463195801,0.6889715790748596,1.010643720626831
J,1.0,0.0,0.0,0.0,1.0,0.4509025514125824,0.47023314237594604,0.4575035572052002,0.38392174243927,1.1461615562438965,0.9851903319358826,0.7237269282341003,0.7163506746292114,1.596508264541626,0.17342111468315125,0.42285656929016113,-0.6346796154975891,0.014674540609121323,0.0,0.0,1.0,0.4000000059604645,0.6173814535140991,0.7057583928108215,1.005444049835205
J,1.0,0.0,0.0,0.0,1.0,0.4455919861793518,0.4718966782093048,0.45700812339782715,0.3778437077999115,1.1424015760421753,0.9611350297927856,0.7162800431251526,0.7040167450904846,1.5973824262619019,0.2008773386478424,0.427354633808136,-0.6355040669441223,0.016926568001508713,0.0,0.0,1.0,0.4000000059604645,0.6254851222038269,0.7174652218818665,0.9947035908699036
J,1.0,0.0,0.0,0.0,1.0,0.4622936546802521,0.4901585876941681,0.4707024395465851,0.4015377461910248,1.186278223991394,0.9033937454223633,0.74049973487854,0.7274254560470581,1.6187636852264404,0.29703694581985474,0.44646549224853516,-0.6290236115455627,0.04175847768783569,0.0,0.0,1.0,0.4000000059604645,0.6256787180900574,0.684950053691864,0.9975206255912781
J,1.0,0.0,0.0,0.0,1.0,0.468500018119812,0.4979388117790222,0.4806539714336395,0.4123641550540924,1.1952815055847168,0.9113243222236633,0.7494279742240906,0.7404393553733826,1.631767749786377,0.2999036908149719,0.4473155438899994,-0.6211472749710083,0.035066183656454086,0.0,0.0,1.0,0.4000000059604645,0.6221356987953186,0.6722535490989685,1.0082398653030396
J,1.0,0.0,0.0,0.0,1.0,0.46741077303886414,0.4906637370586395,0.4805574417114258,0.41275927424430847,1.169288158416748,0.9862399697303772,0.7389083504676819,0.7352966666221619,1.5971076488494873,0.19914300739765167,0.4320884048938751,-0.6199905276298523,0.032480157911777496,0.0,0.0,1.0,0.4000000059604645,0.6122133135795593,0.6783626079559326,1.0143882036209106
J,1.0,0.0,0.0,0.0,1.0,0.45766207575798035,0.4755791425704956,0.466675728559494,0.3955465853214264,1.1590994596481323,0.9791989326477051,0.7322054505348206,0.7204782366752625,1.606728434562683,0.18962940573692322,0.4276902973651886,-0.6281343102455139,0.006628202740103006,0.0,0.0,1.0,0.4000000059604645,0.6175435185432434,0.704484224319458,1.0096527338027954
J,1.0,0.0,0.0,0.0,1.0,0.4515189230442047,0.47287726402282715,0.4637845456600189,0.3877819776535034,1.1418609619140625,0.9991775155067444,0.7213240265846252,0.7097504138946533,1.592017650604248,0.1596665382385254,0.421988308429718,-0.6298825144767761,0.019626876339316368,0.0,0.0,1.0,0.4000000059604645,0.6171534061431885,0.7082952260971069,1.0055674314498901
J,1.0,0.0,0.0,0.0,1.0,0.4700566828250885,0.494442343711853,0.4761936664581299,0.40750405192375183,1.1792480945587158,0.8974527716636658,0.7337515950202942,0.7201545834541321,1.6234642267227173,0.29260367155075073,0.44585731625556946,-0.6238676905632019,0.042234864085912704,0.0,0.0,1.0,0.4000000059604645,0.6255337595939636,0.6764424443244934,0.9937058091163635
J,1.0,0.0,0.0,0.0,1.0,0.5242648720741272,0.5084725022315979,0.4901342988014221,0.4282374083995819,1.1965094804763794,0.8872926831245422,0.7367468476295471,0.728305995464325,1.632949709892273,0.3268560767173767,0.46171995997428894,-0.6125963926315308,0.03859445080161095,0.0,0.0,1.0,0.4000000059604645,0.6145079731941223,0.6478829979896545,0.996323823928833
J,1.0,0.0,0.0,0.0,1.0,0.472786009311676,0.4949856698513031,0.48409226536750793,0.42461150884628296,1.168908715248108,0.963720440864563,0.7504746317863464,0.7285814881324768,1.6157684326171875,0.21812686324119568,0.41975441575050354,-0.6119604706764221,0.007157160434871912,0.0,0.0,1.0,0.4000000059604645,0.5947765707969666,0.6461453437805176,1.0146362781524658
J,1.0,0.0,0.0,0.0,1.0,0.4655466377735138,0.4902772307395935,0.4733525216579437,0.41124477982521057,1.1692217588424683,0.9515765905380249,0.7365924119949341,0.7361345291137695,1.6052442789077759,0.23255541920661926,0.43322744965553284,-0.6143529415130615,0.012808048166334629,0.0,0.0,1.0,0.4000000059604645,0.5933199524879456,0.6650050282478333,1.0073869228363037
J,1.0,0.0,0.0,0.0,1.0,0.46339234709739685,0.479865700006485,0.4749544560909271,0.40453970432281494,1.1580195426940918,1.0510441064834595,0.7475212812423706,0.7310696244239807,1.6195623874664307,0.12125540524721146,0.4118868410587311,-0.6188172101974487,0.1292058378458023,0.0,0.0,1.0,0.4000000059604645,0.6026208996772766,0.672946035861969,1.037299394607544
J,1.0,0.0,0.0,0.0,1.0,0.4602331519126892,0.4804253876209259,0.4669511020183563,0.39696308970451355,1.1541638374328613,0.9990713000297546,0.7253592014312744,0.7282014489173889,1.601056456565857,0.16938798129558563,0.4292391538619995,-0.6150988936424255,0.014184107072651386,0.0,0.0,1.0,0.4000000059604645,0.5958873629570007,0.6970379948616028,1.0134221315383911
J,1.0,0.0,0.0,0.0,1.0,0.4690544903278351,0.4934205412864685,0.4765385091304779,0.40641090273857117,1.1749014854431152,0.9139291048049927,0.7339590191841125,0.7203002572059631,1.6055794954299927,0.2727552652359009,0.4414826035499573,-0.6187055706977844,0.04198446497321129,0.0,0.0,1.0,0.4000000059604645,0.6091819405555725,0.6804680228233337,0.9934419989585876
J,1.0,0.0,0.0,0.0,1.0,0.47298362851142883,0.4981294274330139,0.48306313157081604,0.41913795471191406,1.21560800075531,0.9294111132621765,0.7679294943809509,0.7426338195800781,1.629741907119751,0.29825443029403687,0.44872263073921204,-0.6193517446517944,0.03062325157225132,0.0,0.0,1.0,0.4000000059604645,0.6134086847305298,0.6564915776252747,1.0174291133880615
J,1.0,0.0,0.0,0.0,1.0,0.4688599407672882,0.4930517077445984,0.4798991084098816,0.4190925359725952,1.2039915323257446,0.9556387066841125,0.7710386514663696,0.7502995133399963,1.6135313510894775,0.26138436794281006,0.43424028158187866,-0.617386519908905,0.007984797470271587,0.0,0.0,1.0,0.4000000059604645,0.5947154760360718,0.6458408236503601,1.0226271152496338
J,1.0,0.0,0.0,0.0,1.0,0.47248169779777527,0.4946404993534088,0.47836723923683167,0.424900084733963,1.182193398475647,0.9422367811203003,0.764838457107544,0.7523389458656311,1.5728861093521118,0.25094836950302124,0.4177250862121582,-0.6130426526069641,0.017178909853100777,0.0,0.0,1.0,0.4000000059604645,0.5698930025100708,0.6366700530052185,1.0080751180648804
J,1.0,0.0,0.0,0.0,1.0,0.4743165671825409,0.4909517467021942,0.47624099254608154,0.42182034254074097,1.1769992113113403,0.96857750415802,0.7606900334358215,0.7428913712501526,1.586491584777832,0.21576038002967834,0.41634854674339294,-0.6100998520851135,0.004989190027117729,0.0,0.0,1.0,0.4000000059604645,0.5788879990577698,0.6521475911140442,1.0146626234054565
J,1.0,0.0,0.0,0.0,1.0,0.4708155691623688,0.4914703071117401,0.4755999445915222,0.41419488191604614,1.1217963695526123,0.9070402383804321,0.6942766904830933,0.7130376100540161,1.5733959674835205,0.2245061844587326,0.4277254343032837,-0.6076707243919373,0.04541338235139847,0.0,0.0,1.0,0.4000000059604645,0.5822325944900513,0.6685759425163269,0.9719375967979431
J,1.0,0.0,0.0,0.0,1.0,0.4696230888366699,0.48974016308784485,0.47652244567871094,0.4106534719467163,1.103867769241333,0.9283963441848755,0.6829508543014526,0.7069857120513916,1.5691360235214233,0.1867678463459015,0.42133745551109314,-0.6064721345901489,0.04030607268214226,0.0,0.0,1.0,0.4000000059604645,0.5840007066726685,0.6839529275894165,0.9718672633171082
J,1.0,0.0,0.0,0.0,1.0,0.5251951813697815,0.502791166305542,0.4792366921901703,0.41068902611732483,1.1451306343078613,0.879378080368042,0.7162393927574158,0.7104660868644714,1.5949509143829346,0.28000664710998535,0.42907652258872986,-0.6088175177574158,0.06079872325062752,0.0,0.0,1.0,0.4000000059604645,0.6055049896240234,0.6883705854415894,0.9752586483955383
J,1.0,0.0,0.0,0.0,1.0,0.5242525339126587,0.5043226480484009,0.48653534054756165,0.4208827316761017,1.1691091060638428,0.918663740158081,0.7373135685920715,0.7339693307876587,1.599862813949585,0.2671562433242798,0.4329403340816498,-0.6061630249023438,0.04288129881024361,0.0,0.0,1.0,0.4000000059604645,0.6012442111968994,0.6808151602745056,0.9974523782730103
J,1.0,0.0,0.0,0.0,1.0,0.5217405557632446,0.5036645531654358,0.49140405654907227,0.42601278424263,1.1677899360656738,0.9507415294647217,0.7428517937660217,0.7360425591468811,1.60530424118042,0.2327631115913391,0.4266749322414398,-0.6026628017425537,0.0200734231621027,0.0,0.0,1.0,0.4000000059604645,0.5992151498794556,0.6726599931716919,1.0087350606918335
J,1.0,0.0,0.0,0.0,1.0,0.5218069553375244,0.5018703937530518,0.4872037470340729,0.42520827054977417,1.164581537246704,0.9494450688362122,0.7350102066993713,0.7335556745529175,1.6033787727355957,0.22890789806842804,0.4303688704967499,-0.602776825428009,0.019240649417042732,0.0,0.0,1.0,0.4000000059604645,0.596278190612793,0.6698892116546631,1.005347490310669
J,1.0,0.0,0.0,0.0,1.0,0.47414714097976685,0.496820867061615,0.4795645475387573,0.42129576206207275,1.1597987413406372,0.9143208861351013,0.7188548445701599,0.7174952626228333,1.5984662771224976,0.2561984658241272,0.44121766090393066,-0.6071439981460571,0.043804991990327835,0.0,0.0,1.0,0.4000000059604645,0.5948954224586487,0.6748402714729309,0.9872843623161316
J,1.0,0.0,0.0,0.0,1.0,0.46811923384666443,0.4877108037471771,0.46935805678367615,0.4053834080696106,1.1207678318023682,0.9047551155090332,0.6980266571044922,0.7078635692596436,1.5689122676849365,0.22472572326660156,0.4227551519870758,-0.611253559589386,0.05465378984808922,0.0,0.0,1.0,0.4000000059604645,0.5831781029701233,0.6823999285697937,0.9698894023895264
J,1.0,0.0,0.0,0.0,1.0,0.46067196130752563,0.47715216875076294,0.46076735854148865,0.39007505774497986,1.120031476020813,0.9374622106552124,0.6887468695640564,0.7053859233856201,1.5922880172729492,0.19011956453323364,0.43128466606140137,-0.613971471786499,0.05289624631404877,0.0,0.0,1.0,0.4000000059604645,0.5939561128616333,0.6949710249900818,0.9809707403182983
J,1.0,0.0,0.0,0.0,1.0,0.46305227279663086,0.48445144295692444,0.46824347972869873,0.3952540159225464,1.122027039527893,0.9354584217071533,0.6980190873146057,0.7051432132720947,1.5872215032577515,0.19887131452560425,0.4242534637451172,-0.6122223138809204,0.0493307039141655,0.0,0.0,1.0,0.4000000059604645,0.5960240960121155,0.7067288756370544,0.9814605712890625
J,1.0,0.0,0.0,0.0,1.0,0.4707321226596832,0.4856508672237396,0.47669363021850586,0.40570318698883057,1.1362898349761963,0.9719253182411194,0.7154836654663086,0.7183383107185364,1.600043773651123,0.17158453166484833,0.42114493250846863,-0.611179530620575,0.014277329668402672,0.0,0.0,1.0,0.4000000059604645,0.5978913307189941,0.692548394203186,1.0014477968215942
J,1.0,0.0,0.0,0.0,1.0,0.4756371080875397,0.4904673099517822,0.4850981533527374,0.4131826162338257,1.1282615661621094,0.9978139996528625,0.7167079448699951,0.7210452556610107,1.5972633361816406,0.13949856162071228,0.4124205410480499,-0.6039316058158875,0.013792857527732849,0.0,0.0,1.0,0.4000000059604645,0.59673011302948,0.6883884072303772,1.0082076787948608
J,1.0,0.0,0.0,0.0,1.0,0.475533664226532,0.49088919162750244,0.4850279688835144,0.4145694673061371,1.1359937191009521,1.0149675607681274,0.7319050431251526,0.7375262379646301,1.610965609550476,0.1316436529159546,0.4050028920173645,-0.6030110120773315,0.029891759157180786,0.0,0.0,1.0,0.4000000059604645,0.5959649682044983,0.6934775710105896,1.023841142654419
J,1.0,0.0,0.0,0.0,1.0,0.47584688663482666,0.49428239464759827,0.48163163661956787,0.4170234501361847,1.1300928592681885,0.9697704911231995,0.7201387882232666,0.7237167954444885,1.5972193479537964,0.17140118777751923,0.4102817177772522,-0.6015498042106628,0.020234188064932823,0.0,0.0,1.0,0.4000000059604645,0.5918170809745789,0.6936072707176208,1.002711296081543
J,1.0,0.0,0.0,0.0,1.0,0.4740815758705139,0.4923085868358612,0.4839579463005066,0.41579267382621765,1.1361126899719238,0.994455099105835,0.7241500616073608,0.7307863235473633,1.6031603813171387,0.15417663753032684,0.4129227101802826,-0.602263331413269,0.00651550805196166,0.0,0.0,1.0,0.4000000059604645,0.5946028232574463,0.6908146142959595,1.013137936592102
J,1.0,0.0,0.0,0.0,1.0,0.47255393862724304,0.4886413514614105,0.47355741262435913,0.4102992117404938,1.1223384141921997,0.9493577480316162,0.7103651165962219,0.7229078412055969,1.600561499595642,0.18067464232444763,0.4119828939437866,-0.6057713031768799,0.03891506791114807,0.0,0.0,1.0,0.4000000059604645,0.5871800780296326,0.6880879402160645,0.9957980513572693
J,1.0,0.0,0.0,0.0,1.0,0.46918556094169617,0.4856550991535187,0.46975818276405334,0.3997916281223297,1.1100584268569946,0.9334778785705566,0.686331033706665,0.7009787559509277,1.5887649059295654,0.18426647782325745,0.4237303137779236,-0.6065878868103027,0.05026435852050781,0.0,0.0,1.0,0.4000000059604645,0.5918902158737183,0.6927047371864319,0.9773881435394287
J,1.0,0.0,0.0,0.0,1.0,0.4619075357913971,0.48086434602737427,0.46155837178230286,0.38947924971580505,1.1280639171600342,0.9457417726516724,0.689302921295166,0.7132575511932373,1.598096251487732,0.19241656363010406,0.4387620687484741,-0.6074005961418152,0.051901549100875854,0.0,0.0,1.0,0.4000000059604645,0.5934146046638489,0.6975583434104919,0.9865996241569519
J,1.0,0.0,0.0,0.0,1.0,0.4585881531238556,0.4764396548271179,0.45916926860809326,0.38375505805015564,1.1133766174316406,0.9556636214256287,0.6855771541595459,0.7183815836906433,1.6017365455627441,0.16798532009124756,0.4278024435043335,-0.6104743480682373,0.05969429016113281,0.0,0.0,1.0,0.4000000059604645,0.5920359492301941,0.7034647464752197,0.9903396964073181
J,1.0,0.0,0.0,0.0,1.0,0.4653989374637604,0.48548853397369385,0.46763181686401367,0.39483559131622314,1.1086812019348145,0.9413955807685852,0.690092921257019,0.7029017210006714,1.5974422693252563,0.17927765846252441,0.41863325238227844,-0.6075703501701355,0.04954520985484123,0.0,0.0,1.0,0.4000000059604645,0.5951970815658569,0.7103776931762695,0.9829581379890442
J,1.0,0.0,0.0,0.0,1.0,0.46961304545402527,0.4887073338031769,0.4744117856025696,0.40133899450302124,1.1090096235275269,0.9478651881217957,0.6948848366737366,0.7004287838935852,1.5828046798706055,0.17247891426086426,0.4143362045288086,-0.6064038276672363,0.04268568009138107,0.0,0.0,1.0,0.4000000059604645,0.5915824770927429,0.7064810991287231,0.9814958572387695
J,1.0,0.0,0.0,0.0,1.0,0.4766017496585846,0.49550172686576843,0.480363667011261,0.4083818197250366,1.1099647283554077,0.9308590292930603,0.6936977505683899,0.6982538104057312,1.5821669101715088,0.18899844586849213,0.4163961112499237,-0.6039384603500366,0.041476670652627945,0.0,0.0,1.0,0.4000000059604645,0.5938985347747803,0.6960511207580566,0.9762443900108337
J,1.0,0.0,0.0,0.0,1.0,0.47355538606643677,0.49190062284469604,0.48171043395996094,0.4086419939994812,1.114096999168396,0.977016806602478,0.6980829834938049,0.7093582153320312,1.5985217094421387,0.14968465268611908,0.41662707924842834,-0.6015089750289917,0.008861766196787357,0.0,0.0,1.0,0.4000000059604645,0.5949585437774658,0.6899223923683167,0.9957449436187744
J,1.0,0.0,0.0,0.0,1.0,0.46783506870269775,0.4929013252258301,0.4742544889450073,0.4050499200820923,1.1250789165496826,0.9021092057228088,0.6868089437484741,0.7137783765792847,1.5952962636947632,0.23665618896484375,0.4386284053325653,-0.6029348969459534,0.0679493248462677,0.0,0.0,1.0,0.4000000059604645,0.593780517578125,0.6972188353538513,0.9744982123374939
J,1.0,0.0,0.0,0.0,1.0,0.46640321612358093,0.48545515537261963,0.4676821529865265,0.39373818039894104,1.1138641834259033,0.9467712044715881,0.6879118084907532,0.7018759846687317,1.5880978107452393,0.17803624272346497,0.4259669780731201,-0.6031168699264526,0.05614229664206505,0.0,0.0,1.0,0.4000000059604645,0.5911306738853455,0.7001169919967651,0.9811642169952393
J,1.0,0.0,0.0,0.0,1.0,0.4614100456237793,0.465839147567749,0.45424094796180725,0.3769053518772125,1.1099176406860352,0.9934528470039368,0.6781444549560547,0.7016955018043518,1.5917832851409912,0.11737773567438126,0.43221503496170044,-0.6120516061782837,0.08099920302629471,0.0,0.0,1.0,0.4000000059604645,0.5928743481636047,0.7152035236358643,0.9912689924240112
J,1.0,0.0,0.0,0.0,1.0,0.4564807116985321,0.472333699464798,0.44883760809898376,0.37413889169692993,1.0990554094314575,0.9205363392829895,0.6727452874183655,0.7030197978019714,1.579267978668213,0.18541306257247925,0.42680975794792175,-0.6121059060096741,0.09235390275716782,0.0,0.0,1.0,0.4000000059604645,0.5857405066490173,0.7207123637199402,0.9688923358917236
J,1.0,0.0,0.0,0.0,1.0,0.46094995737075806,0.4786439836025238,0.46722060441970825,0.38841530680656433,1.1050390005111694,0.9568839073181152,0.6777445673942566,0.6927161812782288,1.5825327634811401,0.15879663825035095,0.4276343584060669,-0.609257161617279,0.05776558816432953,0.0,0.0,1.0,0.4000000059604645,0.5932408571243286,0.7128279209136963,0.9774693846702576
J,1.0,0.0,0.0,0.0,1.0,0.46861109137535095,0.4966078996658325,0.4679666757583618,0.3974733352661133,1.1167938709259033,0.879392147064209,0.6819780468940735,0.6918329000473022,1.58794367313385,0.2528877854347229,0.43481943011283875,-0.6048223972320557,0.06339354813098907,0.0,0.0,1.0,0.4000000059604645,0.5996144413948059,0.715843677520752,0.9602866768836975
J,1.0,0.0,0.0,0.0,1.0,0.4758884012699127,0.49462562799453735,0.47718340158462524,0.40581822395324707,1.1165395975112915,0.9364998936653137,0.6940997838973999,0.7030832171440125,1.5817959308624268,0.1898326724767685,0.42245498299598694,-0.6011372208595276,0.04476933553814888,0.0,0.0,1.0,0.4000000059604645,0.5932208895683289,0.7053961157798767,0.9788697361946106
J,1.0,0.0,0.0,0.0,1.0,0.4749172627925873,0.49136415123939514,0.4780169427394867,0.41080382466316223,1.1230055093765259,0.977474570274353,0.7146013975143433,0.7173094153404236,1.6005065441131592,0.15527136623859406,0.4084972143173218,-0.6007992029190063,0.020365722477436066,0.0,0.0,1.0,0.4000000059604645,0.5894602537155151,0.6961162090301514,1.002472996711731
J,1.0,0.0,0.0,0.0,1.0,0.47358208894729614,0.48916423320770264,0.4762120246887207,0.4076659381389618,1.1101642847061157,0.9695421457290649,0.7033337950706482,0.7131158709526062,1.5984116792678833,0.14951053261756897,0.4068959951400757,-0.6014425754547119,0.027539987117052078,0.0,0.0,1.0,0.4000000059604645,0.5858212113380432,0.6900790929794312,0.996100902557373
J,1.0,0.0,0.0,0.0,1.0,0.47034379839897156,0.4842122197151184,0.47111767530441284,0.39996886253356934,1.1196203231811523,0.964445948600769,0.6959397792816162,0.7051951289176941,1.602333664894104,0.1616431623697281,0.4236859679222107,-0.6024402379989624,0.042955998331308365,0.0,0.0,1.0,0.4000000059604645,0.5917766094207764,0.6887756586074829,0.991978645324707
J,1.0,0.0,0.0,0.0,1.0,0.46379315853118896,0.48085957765579224,0.45728209614753723,0.3861442804336548,1.1043167114257812,0.8975173830986023,0.6652740240097046,0.6849446296691895,1.57643723487854,0.21357548236846924,0.439392626285553,-0.6072851419448853,0.08535026758909225,0.0,0.0,1.0,0.4000000059604645,0.5907902121543884,0.714463472366333,0.9560433030128479
J,1.0,0.0,0.0,0.0,1.0,0.45467376708984375,0.47556570172309875,0.453320175409317,0.3792535066604614,1.1062043905258179,0.9228242635726929,0.6679374575614929,0.6888898015022278,1.5989099740982056,0.1949981153011322,0.43828216195106506,-0.6087248921394348,0.08783424645662308,0.0,0.0,1.0,0.4000000059604645,0.5973872542381287,0.7188431024551392,0.9696403741836548
J,1.0,0.0,0.0,0.0,1.0,0.4601217210292816,0.48787540197372437,0.45983558893203735,0.3860582113265991,1.1038198471069336,0.882794976234436,0.6589627265930176,0.6874256730079651,1.5786725282669067,0.2371818572282791,0.44485777616500854,-0.6057786345481873,0.07164043933153152,0.0,0.0,1.0,0.4000000059604645,0.5948259234428406,0.715715765953064,0.9519639611244202
J,1.0,0.0,0.0,0.0,1.0,0.46577519178390503,0.48859772086143494,0.4647267758846283,0.39125287532806396,1.1147292852401733,0.9005188345909119,0.6722790598869324,0.7033559679985046,1.5986791849136353,0.22593006491661072,0.44245946407318115,-0.6033838391304016,0.06663820892572403,0.0,0.0,1.0,0.4000000059604645,0.5955418348312378,0.7028754949569702,0.9687082767486572
J,1.0,0.0,0.0,0.0,1.0,0.4674992263317108,0.48720651865005493,0.47165772318840027,0.3985072672367096,1.1018449068069458,0.9394640922546387,0.6763351559638977,0.7004744410514832,1.593948483467102,0.17416688799858093,0.4256592392921448,-0.6033461689949036,0.054490625858306885,0.0,0.0,1.0,0.4000000059604645,0.5907880067825317,0.7037588357925415,0.977555513381958
J,1.0,0.0,0.0,0.0,1.0,0.47001001238822937,0.48858511447906494,0.4758470356464386,0.4037081301212311,1.1077690124511719,0.9554187655448914,0.6860166788101196,0.7125433683395386,1.5992153882980347,0.163749098777771,0.4220552444458008,-0.6000291109085083,0.04928204417228699,0.0,0.0,1.0,0.4000000059604645,0.5872799754142761,0.6957165598869324,0.9882985353469849
K,1.0,1.0,1.0,0.0,0.0,0.47410520911216736,0.5499618053436279,0.4819290339946747,0.49567416310310364,1.381758689880371,2.070188045501709,2.1836822032928467,0.42530879378318787,0.39199841022491455,0.7001999020576477,0.8369908928871155,-0.5079635977745056,0.0699879378080368,0.0,0.0,1.0,0.6000000238418579,1.1111950874328613,0.67033451795578,1.2677943706512451
K,1.0,1.0,1.0,0.0,0.0,0.4766243100166321,0.5476827025413513,0.478354275226593,0.4904046058654785,1.3789265155792236,2.0554583072662354,2.1699774265289307,0.4240642189979553,0.39455848932266235,0.6886326670646667,0.8279620409011841,-0.5099565386772156,0.07291693985462189,0.0,0.0,1.0,0.6000000238418579,1.1037800312042236,0.6631539463996887,1.2610145807266235
K,1.0,1.0,1.0,0.0,0.0,0.47684207558631897,0.5462421774864197,0.47807973623275757,0.49067527055740356,1.3739888668060303,2.0541915893554688,2.1672606468200684,0.4244368076324463,0.407480925321579,0.6910233497619629,0.8300009369850159,-0.5090440511703491,0.07138925045728683,0.0,0.0,1.0,0.6000000238418579,1.0985852479934692,0.6601481437683105,1.2633424997329712
K,1.0,1.0,1.0,0.0,0.0,0.47788187861442566,0.5443903803825378,0.47537654638290405,0.48747918009757996,1.3778011798858643,2.0715320110321045,2.1816160678863525,0.43122735619544983,0.40503638982772827,0.7037261128425598,0.8430992960929871,-0.5134320259094238,0.07299595326185226,0.0,0.0,1.0,0.6000000238418579,1.1084294319152832,0.6707251071929932,1.272352933883667
K,1.0,1.0,1.0,0.0,0.0,0.4817419648170471,0.5424109101295471,0.4737338423728943,0.49384599924087524,1.3779447078704834,2.0809414386749268,2.1859848499298096,0.4400501549243927,0.41624507308006287,0.7146367430686951,0.843663215637207,-0.5145716071128845,0.07215090095996857,0.0,0.0,1.0,0.6000000238418579,1.1062769889831543,0.6688008308410645,1.2808053493499756
K,1.0,1.0,1.0,0.0,0.0,0.47987833619117737,0.5443211793899536,0.47445565462112427,0.49221929907798767,1.3736417293548584,2.0600132942199707,2.1707911491394043,0.43689846992492676,0.3979218900203705,0.6981785893440247,0.8346946239471436,-0.5141476988792419,0.07489746809005737,0.0,0.0,1.0,0.6000000238418579,1.1010276079177856,0.6714611053466797,1.2664061784744263
K,1.0,1.0,1.0,0.0,0.0,0.4772849380970001,0.5436163544654846,0.47541624307632446,0.49487173557281494,1.384169101715088,2.0770227909088135,2.185981035232544,0.42208245396614075,0.38413941860198975,0.7017389535903931,0.8423708081245422,-0.5142971873283386,0.07038222253322601,0.0,0.0,1.0,0.6000000238418579,1.1167476177215576,0.6722228527069092,1.2673064470291138
K,1.0,1.0,1.0,0.0,0.0,0.478878915309906,0.5432454347610474,0.47563472390174866,0.49480387568473816,1.3848176002502441,2.0752038955688477,2.1809945106506348,0.43815451860427856,0.3999810218811035,0.700364887714386,0.8339471220970154,-0.5140039324760437,0.07008560001850128,0.0,0.0,1.0,0.6000000238418579,1.104811191558838,0.6654670834541321,1.2735834121704102
K,1.0,1.0,1.0,0.0,0.0,0.4798525273799896,0.541629433631897,0.4743245542049408,0.4915221035480499,1.3794686794281006,2.079989194869995,2.1892447471618652,0.43931782245635986,0.39689889550209045,0.7097834348678589,0.8474754691123962,-0.5161572694778442,0.06936056166887283,0.0,0.0,1.0,0.6000000238418579,1.1107887029647827,0.6677882075309753,1.276362657546997
K,1.0,1.0,1.0,0.0,0.0,0.4797559082508087,0.541953444480896,0.474758505821228,0.49372953176498413,1.3794538974761963,2.0758631229400635,2.1927554607391357,0.4332727789878845,0.3894249200820923,0.7059040069580078,0.8503644466400146,-0.5161082148551941,0.06846843659877777,0.0,0.0,1.0,0.6000000238418579,1.1141855716705322,0.6701980829238892,1.2728290557861328
K,1.0,1.0,1.0,0.0,0.0,0.4790489077568054,0.5424115657806396,0.474996417760849,0.49624311923980713,1.3900671005249023,2.0941848754882812,2.206075668334961,0.44300082325935364,0.3959049582481384,0.7134485840797424,0.854210615158081,-0.513929545879364,0.0688285380601883,0.0,0.0,1.0,0.6000000238418579,1.1203349828720093,0.6714162230491638,1.2847915887832642
K,1.0,1.0,1.0,0.0,0.0,0.47725433111190796,0.5442306995391846,0.5240058898925781,0.500873863697052,1.3871744871139526,2.0764708518981934,2.1898248195648193,0.4331643283367157,0.3944510221481323,0.6987470984458923,0.8424124717712402,-0.5122042298316956,0.07097451388835907,0.0,0.0,1.0,0.6000000238418579,1.1131761074066162,0.6736716032028198,1.2734777927398682
K,1.0,1.0,1.0,0.0,0.0,0.47687605023384094,0.5443027019500732,0.5227332711219788,0.5008964538574219,1.36666738986969,2.0369973182678223,2.1492788791656494,0.4197072982788086,0.384483277797699,0.679456889629364,0.8205723166465759,-0.5136419534683228,0.06966860592365265,0.0,0.0,1.0,0.6000000238418579,1.0931787490844727,0.6627457737922668,1.2476166486740112
K,1.0,1.0,1.0,0.0,0.0,0.47724735736846924,0.5439459085464478,0.5224857330322266,0.5023199319839478,1.3637298345565796,2.048100709915161,2.159276247024536,0.4278240203857422,0.39026254415512085,0.6933544874191284,0.8320283889770508,-0.5130213499069214,0.06837547570466995,0.0,0.0,1.0,0.6000000238418579,1.0968396663665771,0.6629452705383301,1.2563658952713013
K,1.0,1.0,1.0,0.0,0.0,0.477739155292511,0.5438253879547119,0.5227940082550049,0.5020867586135864,1.3630574941635132,2.0472042560577393,2.1521666049957275,0.41886499524116516,0.38744834065437317,0.6934399604797363,0.8254499435424805,-0.5135576725006104,0.0685911476612091,0.0,0.0,1.0,0.6000000238418579,1.096567988395691,0.6608327627182007,1.2514210939407349
K,1.0,1.0,1.0,0.0,0.0,0.4803994596004486,0.5430387258529663,0.5234845876693726,0.5035956501960754,1.354856252670288,2.037633180618286,2.145825147628784,0.4278287887573242,0.3850305676460266,0.6936467289924622,0.8239025473594666,-0.5137127637863159,0.06848893314599991,0.0,0.0,1.0,0.6000000238418579,1.0871574878692627,0.6626441478729248,1.2490794658660889
K,1.0,1.0,1.0,0.0,0.0,0.4811244308948517,0.5425820350646973,0.4762381613254547,0.4991436302661896,1.3646769523620605,2.042407274246216,2.147470712661743,0.4279667139053345,0.3972509205341339,0.6890364289283752,0.8156408071517944,-0.5148181319236755,0.06835748255252838,0.0,0.0,1.0,0.6000000238418579,1.0868178606033325,0.6641637682914734,1.2537739276885986
K,1.0,1.0,1.0,0.0,0.0,0.48144879937171936,0.5421136617660522,0.4750239849090576,0.4986228346824646,1.3664524555206299,2.050318479537964,2.1600968837738037,0.43243226408958435,0.40369710326194763,0.6949945092201233,0.8276346325874329,-0.5156177282333374,0.06977028399705887,0.0,0.0,1.0,0.6000000238418579,1.09115731716156,0.6656709313392639,1.2616361379623413
K,1.0,1.0,1.0,0.0,0.0,0.4796205461025238,0.5430461764335632,0.5249254107475281,0.5011195540428162,1.3719415664672852,2.058566093444824,2.166994571685791,0.42875102162361145,0.3943602740764618,0.6969707608222961,0.832005500793457,-0.513992965221405,0.07087043672800064,0.0,0.0,1.0,0.6000000238418579,1.1008063554763794,0.6653710007667542,1.2621679306030273
K,1.0,1.0,1.0,0.0,0.0,0.478299617767334,0.5424125790596008,0.4755248725414276,0.4978848397731781,1.3710367679595947,2.048372745513916,2.153458833694458,0.422287255525589,0.39403101801872253,0.6860542893409729,0.8211007118225098,-0.5153859257698059,0.06865543872117996,0.0,0.0,1.0,0.6000000238418579,1.0948090553283691,0.6629482507705688,1.2545374631881714
K,1.0,1.0,1.0,0.0,0.0,0.4788418710231781,0.5419313311576843,0.5249672532081604,0.5008848309516907,1.3768404722213745,2.065586805343628,2.178459644317627,0.42912885546684265,0.3990330696105957,0.697481095790863,0.8399195671081543,-0.5141077637672424,0.06884388625621796,0.0,0.0,1.0,0.6000000238418579,1.1058034896850586,0.6707526445388794,1.268052101135254
K,1.0,1.0,1.0,0.0,0.0,0.4777771234512329,0.5435077548027039,0.5231356024742126,0.5044097900390625,1.3716719150543213,2.0546839237213135,2.165489912033081,0.4207780957221985,0.39041924476623535,0.6921725273132324,0.8308788537979126,-0.5122562050819397,0.06788233667612076,0.0,0.0,1.0,0.6000000238418579,1.1024338006973267,0.6666181087493896,1.257842779159546
K,1.0,1.0,1.0,0.0,0.0,0.4767886996269226,0.5434951186180115,0.5224009156227112,0.5058302879333496,1.3732597827911377,2.0563268661499023,2.167081832885742,0.4149782955646515,0.3819114565849304,0.6914070248603821,0.8313578963279724,-0.5134702920913696,0.06647994369268417,0.0,0.0,1.0,0.6000000238418579,1.1077022552490234,0.6659032106399536,1.2550746202468872
K,1.0,1.0,1.0,0.0,0.0,0.47882279753685,0.544123113155365,0.5211213231086731,0.508509635925293,1.3543614149093628,2.036842107772827,2.1469695568084717,0.4288402795791626,0.3921654522418976,0.6928988695144653,0.8243170976638794,-0.5131850242614746,0.0667402371764183,0.0,0.0,1.0,0.6000000238418579,1.0865452289581299,0.6555529832839966,1.2512043714523315
K,1.0,1.0,1.0,0.0,0.0,0.4792520999908447,0.5441167950630188,0.5206705927848816,0.5081928968429565,1.351434350013733,2.030734062194824,2.134676218032837,0.4306967258453369,0.38807788491249084,0.6900966167449951,0.8137834072113037,-0.5126397609710693,0.066403828561306,0.0,0.0,1.0,0.6000000238418579,1.0803802013397217,0.6517351269721985,1.2460461854934692
K,1.0,1.0,1.0,0.0,0.0,0.47795844078063965,0.5451130270957947,0.5200319290161133,0.5061405301094055,1.3544633388519287,2.0367701053619385,2.155092239379883,0.4253796637058258,0.38978806138038635,0.6928415298461914,0.8318233489990234,-0.5128538012504578,0.06665144115686417,0.0,0.0,1.0,0.6000000238418579,1.092063069343567,0.6605465412139893,1.2517575025558472
K,1.0,1.0,1.0,0.0,0.0,0.4762321710586548,0.5466216802597046,0.5168387293815613,0.5097026824951172,1.3643735647201538,2.042430877685547,2.162893533706665,0.4221588671207428,0.38102641701698303,0.6885639429092407,0.8280055522918701,-0.5108031034469604,0.06311749666929245,0.0,0.0,1.0,0.6000000238418579,1.0982874631881714,0.6627872586250305,1.2521274089813232
K,1.0,1.0,1.0,0.0,0.0,0.4789556562900543,0.5465704202651978,0.5180022120475769,0.5073068737983704,1.3643757104873657,2.033518075942993,2.1483261585235596,0.4206763803958893,0.3910946249961853,0.6823373436927795,0.8115597367286682,-0.512954831123352,0.06576992571353912,0.0,0.0,1.0,0.6000000238418579,1.08935546875,0.6614960432052612,1.248403787612915
K,1.0,1.0,1.0,0.0,0.0,0.47898492217063904,0.5463761687278748,0.5185950398445129,0.505681037902832,1.357771396636963,2.031818389892578,2.1480472087860107,0.43234699964523315,0.38980621099472046,0.686907947063446,0.8183158040046692,-0.5120641589164734,0.06666749715805054,0.0,0.0,1.0,0.6000000238418579,1.085296392440796,0.6550523042678833,1.250504732131958
K,1.0,1.0,1.0,0.0,0.0,0.47908926010131836,0.5457115769386292,0.5197573900222778,0.5054440498352051,1.365261197090149,2.0376174449920654,2.1561672687530518,0.427376389503479,0.39285293221473694,0.6847934126853943,0.820681631565094,-0.5146414637565613,0.0672413557767868,0.0,0.0,1.0,0.6000000238418579,1.089870810508728,0.6552416086196899,1.2535035610198975
K,1.0,1.0,1.0,0.0,0.0,0.4775226414203644,0.5452932119369507,0.5200877785682678,0.5074403285980225,1.3748962879180908,2.0451717376708984,2.163191795349121,0.4372575581073761,0.3962878882884979,0.6809623837471008,0.8212878108024597,-0.5132200121879578,0.06705881655216217,0.0,0.0,1.0,0.6000000238418579,1.0915019512176514,0.6573529839515686,1.2604771852493286
K,1.0,1.0,1.0,0.0,0.0,0.47941282391548157,0.5447951555252075,0.5204363465309143,0.5053146481513977,1.3660204410552979,2.0378646850585938,2.1538422107696533,0.43066027760505676,0.38703227043151855,0.6837161779403687,0.8182083964347839,-0.5144705176353455,0.06682851165533066,0.0,0.0,1.0,0.6000000238418579,1.0903730392456055,0.654615044593811,1.252349853515625
K,1.0,1.0,1.0,0.0,0.0,0.47759780287742615,0.5441891551017761,0.5205127000808716,0.5052520632743835,1.3671444654464722,2.0297532081604004,2.149785041809082,0.42400696873664856,0.3831866979598999,0.6723434329032898,0.8160073757171631,-0.514896810054779,0.06574361771345139,0.0,0.0,1.0,0.6000000238418579,1.0892744064331055,0.6549168825149536,1.2466830015182495
K,1.0,1.0,1.0,0.0,0.0,0.4791009724140167,0.5435172319412231,0.5212386846542358,0.5029710531234741,1.362693190574646,2.0351064205169678,2.1433372497558594,0.4310257136821747,0.38855549693107605,0.682741641998291,0.8127202987670898,-0.514703094959259,0.06624055653810501,0.0,0.0,1.0,0.6000000238418579,1.0847604274749756,0.6509778499603271,1.2495062351226807
K,1.0,1.0,1.0,0.0,0.0,0.4771379232406616,0.5447686314582825,0.5200575590133667,0.5083808302879333,1.3694833517074585,2.0380985736846924,2.1502437591552734,0.42187994718551636,0.38471341133117676,0.6784254908561707,0.8142744302749634,-0.5137013792991638,0.06576432287693024,0.0,0.0,1.0,0.6000000238418579,1.0916972160339355,0.659197986125946,1.2487338781356812
K,1.0,1.0,1.0,0.0,0.0,0.47639745473861694,0.5455525517463684,0.5195569396018982,0.509604811668396,1.3635364770889282,2.0277490615844727,2.143688678741455,0.424861341714859,0.3838045001029968,0.6740332841873169,0.8138138651847839,-0.511993944644928,0.06682464480400085,0.0,0.0,1.0,0.6000000238418579,1.0851987600326538,0.6560060381889343,1.245025873184204
K,1.0,1.0,1.0,0.0,0.0,0.4753932058811188,0.5453847050666809,0.519295334815979,0.5094488859176636,1.3528099060058594,2.0213491916656494,2.1363649368286133,0.4159221649169922,0.37445351481437683,0.6771942973136902,0.8178316950798035,-0.5120936036109924,0.06576284021139145,0.0,0.0,1.0,0.6000000238418579,1.0857430696487427,0.648206353187561,1.2370223999023438
K,1.0,1.0,1.0,0.0,0.0,0.4756787419319153,0.54591304063797,0.5189587473869324,0.5090000033378601,1.3617525100708008,2.027343511581421,2.1430723667144775,0.42242419719696045,0.37986326217651367,0.6750625967979431,0.8150644302368164,-0.5119929313659668,0.06649208813905716,0.0,0.0,1.0,0.6000000238418579,1.0866796970367432,0.649371325969696,1.2431758642196655
K,1.0,1.0,1.0,0.0,0.0,0.47873252630233765,0.5456945896148682,0.5186612606048584,0.5102745294570923,1.356706976890564,2.035109043121338,2.151677131652832,0.4299134314060211,0.3871583342552185,0.6902763247489929,0.8233171701431274,-0.5116395950317383,0.06562818586826324,0.0,0.0,1.0,0.6000000238418579,1.087731957435608,0.6538720726966858,1.2509645223617554
K,1.0,1.0,1.0,0.0,0.0,0.4804564118385315,0.5454152822494507,0.5193199515342712,0.5100472569465637,1.3504210710525513,2.028184652328491,2.137589454650879,0.43224117159843445,0.3843643069267273,0.6909754872322083,0.8140093088150024,-0.5126367211341858,0.06655725836753845,0.0,0.0,1.0,0.6000000238418579,1.081452488899231,0.647456169128418,1.24559485912323
K,1.0,1.0,1.0,0.0,0.0,0.48078376054763794,0.5449002385139465,0.519774854183197,0.5097107291221619,1.3345402479171753,2.0141067504882812,2.126166343688965,0.43173423409461975,0.38575461506843567,0.692315936088562,0.8180428743362427,-0.5122377276420593,0.0668506845831871,0.0,0.0,1.0,0.6000000238418579,1.072926640510559,0.6474344730377197,1.2394404411315918
K,1.0,1.0,1.0,0.0,0.0,0.4799807667732239,0.5453689694404602,0.5191466212272644,0.5124912261962891,1.351175308227539,2.0282692909240723,2.1462185382843018,0.4330805540084839,0.3837175667285919,0.6898030638694763,0.8221568465232849,-0.5121332406997681,0.06574553996324539,0.0,0.0,1.0,0.6000000238418579,1.0839723348617554,0.6499330997467041,1.2478214502334595
K,1.0,1.0,1.0,0.0,0.0,0.478752076625824,0.545066237449646,0.5192190408706665,0.5113080143928528,1.3500036001205444,2.0272305011749268,2.143017053604126,0.42683354020118713,0.38032031059265137,0.6884421110153198,0.8219281435012817,-0.5121155381202698,0.06559563428163528,0.0,0.0,1.0,0.6000000238418579,1.085028886795044,0.6501334309577942,1.2443503141403198
K,1.0,1.0,1.0,0.0,0.0,0.4787522554397583,0.5444783568382263,0.5198232531547546,0.5081164836883545,1.356447696685791,2.031392812728882,2.1420817375183105,0.4335918128490448,0.3864760398864746,0.685726523399353,0.8157986402511597,-0.5110834836959839,0.06589755415916443,0.0,0.0,1.0,0.6000000238418579,1.0823113918304443,0.6485793590545654,1.2483855485916138
K,1.0,1.0,1.0,0.0,0.0,0.47896888852119446,0.5451176166534424,0.5206269025802612,0.508105456829071,1.349592685699463,2.022627353668213,2.137037992477417,0.4326757490634918,0.3824131488800049,0.6845425367355347,0.8181674480438232,-0.5141311883926392,0.06849686056375504,0.0,0.0,1.0,0.6000000238418579,1.0816253423690796,0.6491146087646484,1.2436885833740234
K,1.0,1.0,1.0,0.0,0.0,0.47961878776550293,0.5446454286575317,0.5210521221160889,0.5086929798126221,1.3598436117172241,2.027139902114868,2.143998384475708,0.4266836643218994,0.3759143352508545,0.6791866421699524,0.8150014877319336,-0.5135732889175415,0.0671381950378418,0.0,0.0,1.0,0.6000000238418579,1.0871258974075317,0.6548006534576416,1.2434340715408325
K,1.0,1.0,1.0,0.0,0.0,0.4795059561729431,0.5435637831687927,0.5219932198524475,0.5063610076904297,1.3549646139144897,2.0267157554626465,2.140728235244751,0.4275970458984375,0.37389636039733887,0.6823986768722534,0.8179399967193604,-0.5142945647239685,0.0673644170165062,0.0,0.0,1.0,0.6000000238418579,1.0863560438156128,0.6542708873748779,1.2422343492507935
K,1.0,1.0,1.0,0.0,0.0,0.47791776061058044,0.5439040064811707,0.5217835307121277,0.5072057247161865,1.3567895889282227,2.0273423194885254,2.1378824710845947,0.4213901460170746,0.3700812757015228,0.6801202893257141,0.8155401945114136,-0.5149495005607605,0.06738779693841934,0.0,0.0,1.0,0.6000000238418579,1.0882384777069092,0.6560348272323608,1.2391741275787354
K,1.0,1.0,1.0,0.0,0.0,0.47685590386390686,0.544933557510376,0.5209512710571289,0.5104861259460449,1.3555439710617065,2.024475336074829,2.1361031532287598,0.4136900305747986,0.3702433109283447,0.6784714460372925,0.8153228759765625,-0.5150647759437561,0.06770958006381989,0.0,0.0,1.0,0.6000000238418579,1.0901137590408325,0.6545279622077942,1.2361279726028442
K,1.0,1.0,1.0,0.0,0.0,0.4771184027194977,0.5446562767028809,0.5203884840011597,0.5068677663803101,1.350128173828125,2.0243563652038574,2.1392176151275635,0.41583874821662903,0.37362948060035706,0.6836435794830322,0.822162389755249,-0.5139437317848206,0.0664970651268959,0.0,0.0,1.0,0.6000000238418579,1.087981939315796,0.6517317891120911,1.2382605075836182
K,1.0,1.0,1.0,0.0,0.0,0.47883859276771545,0.5453757643699646,0.5203903317451477,0.509285032749176,1.3485286235809326,2.0235440731048584,2.134721040725708,0.4099997878074646,0.3635697066783905,0.6866071820259094,0.8167517185211182,-0.5147310495376587,0.06736228615045547,0.0,0.0,1.0,0.6000000238418579,1.0925742387771606,0.656768798828125,1.2329586744308472
K,1.0,1.0,1.0,0.0,0.0,0.47825488448143005,0.5456214547157288,0.5202045440673828,0.5075701475143433,1.346019983291626,2.0159499645233154,2.13234543800354,0.418567419052124,0.3719668984413147,0.6812242865562439,0.8173651695251465,-0.5142085552215576,0.06770475953817368,0.0,0.0,1.0,0.6000000238418579,1.083657145500183,0.6517013311386108,1.2347074747085571
K,1.0,1.0,1.0,0.0,0.0,0.478670209646225,0.5455133318901062,0.5201551914215088,0.5069661140441895,1.3462468385696411,2.0097696781158447,2.13038969039917,0.4223710596561432,0.38079336285591125,0.6751834750175476,0.8145714402198792,-0.5141550302505493,0.0680118277668953,0.0,0.0,1.0,0.6000000238418579,1.0778826475143433,0.6474436521530151,1.2358310222625732
K,1.0,1.0,1.0,0.0,0.0,0.4780362844467163,0.5457774996757507,0.5200336575508118,0.5099458694458008,1.3521820306777954,2.024587392807007,2.1419832706451416,0.41634994745254517,0.37209492921829224,0.683698832988739,0.82105553150177,-0.5141216516494751,0.06784277409315109,0.0,0.0,1.0,0.6000000238418579,1.0909980535507202,0.6498704552650452,1.2387539148330688
K,1.0,1.0,1.0,0.0,0.0,0.47913694381713867,0.5453324317932129,0.5202956795692444,0.5073667764663696,1.3492730855941772,2.021362543106079,2.137479305267334,0.41802820563316345,0.37363821268081665,0.6839689016342163,0.8181819915771484,-0.5140835046768188,0.06740162521600723,0.0,0.0,1.0,0.6000000238418579,1.0866632461547852,0.6480556726455688,1.2376270294189453
K,1.0,1.0,1.0,0.0,0.0,0.47922179102897644,0.5455794930458069,0.5201430320739746,0.5063580870628357,1.3430044651031494,2.016392707824707,2.1341679096221924,0.4166091978549957,0.3774109482765198,0.6854804754257202,0.8205148577690125,-0.5147148966789246,0.06780356913805008,0.0,0.0,1.0,0.6000000238418579,1.083906650543213,0.6474281549453735,1.236145257949829
K,1.0,1.0,1.0,0.0,0.0,0.47943463921546936,0.5455068349838257,0.5204263925552368,0.5065752863883972,1.3404676914215088,2.015437126159668,2.136746883392334,0.41888129711151123,0.3754163086414337,0.6871407628059387,0.8255276679992676,-0.5146386027336121,0.06851796805858612,0.0,0.0,1.0,0.6000000238418579,1.085017204284668,0.6506259441375732,1.2366204261779785
K,1.0,1.0,1.0,0.0,0.0,0.47750169038772583,0.5460982322692871,0.5195454359054565,0.5063291788101196,1.3508230447769165,2.0261714458465576,2.151019334793091,0.42055442929267883,0.37519803643226624,0.6863917708396912,0.8312237858772278,-0.5140122771263123,0.06763597577810287,0.0,0.0,1.0,0.6000000238418579,1.0918083190917969,0.6498400568962097,1.2432358264923096
K,1.0,1.0,1.0,0.0,0.0,0.47701817750930786,0.5470039248466492,0.5174359083175659,0.5096198916435242,1.3392988443374634,2.010781764984131,2.1343472003936768,0.41504937410354614,0.3721872568130493,0.6828029155731201,0.8234851360321045,-0.5124907493591309,0.06577546149492264,0.0,0.0,1.0,0.6000000238418579,1.0827001333236694,0.6447188854217529,1.2330913543701172
K,1.0,1.0,1.0,0.0,0.0,0.4772528111934662,0.5471587181091309,0.5190991163253784,0.5056923031806946,1.331784725189209,2.0084619522094727,2.1311028003692627,0.3962828814983368,0.36027345061302185,0.6881980895996094,0.8293915390968323,-0.5139133334159851,0.06871812045574188,0.0,0.0,1.0,0.6000000238418579,1.091398000717163,0.6476529240608215,1.2240302562713623
L,1.0,1.0,0.0,0.0,0.0,0.1924663484096527,0.4232723116874695,0.37858372926712036,0.5430530905723572,1.1430007219314575,1.8811300992965698,0.5551592707633972,0.48683369159698486,0.4882347583770752,1.2753959894180298,0.7459128499031067,-0.444607138633728,0.9533243179321289,0.0,0.0,0.0,0.4000000059604645,0.8696794509887695,0.5740345120429993,0.852839469909668
L,1.0,1.0,0.0,0.0,0.0,0.19709035754203796,0.4233790338039398,0.38599494099617004,0.5371208190917969,1.127959966659546,1.8724385499954224,0.5622599124908447,0.49957725405693054,0.4918489158153534,1.2559630870819092,0.732736349105835,-0.4464121460914612,0.9537705183029175,0.0,0.0,0.0,0.4000000059604645,0.8586978316307068,0.5707279443740845,0.8565311431884766
L,1.0,1.0,0.0,0.0,0.0,0.19960573315620422,0.42193806171417236,0.38955387473106384,0.5362304449081421,1.1293896436691284,1.8744957447052002,0.5727431178092957,0.5097368359565735,0.5017151236534119,1.243667721748352,0.7303717136383057,-0.44541046023368835,0.9543657302856445,0.0,0.0,0.0,0.4000000059604645,0.8531123995780945,0.5732821822166443,0.8646727204322815
L,1.0,1.0,0.0,0.0,0.0,0.1865159422159195,0.4176025688648224,0.37709763646125793,0.5406253933906555,1.130474328994751,1.8826606273651123,0.5609438419342041,0.4981345534324646,0.5137937068939209,1.2802691459655762,0.7382256388664246,-0.44020262360572815,0.9519913196563721,0.0,0.0,0.0,0.4000000059604645,0.8656087517738342,0.5764912962913513,0.8638831973075867
L,1.0,1.0,0.0,0.0,0.0,0.19676649570465088,0.4236185550689697,0.3865392804145813,0.5375074744224548,1.137397289276123,1.8886616230010986,0.6061185002326965,0.5323815941810608,0.5240436792373657,1.2688814401626587,0.7211966514587402,-0.4432181119918823,0.9522897601127625,0.0,0.0,0.0,0.4000000059604645,0.8545035719871521,0.5796378254890442,0.8878013491630554
L,1.0,1.0,0.0,0.0,0.0,0.2020094394683838,0.43688368797302246,0.38543134927749634,0.5395974516868591,1.1788465976715088,1.9250755310058594,0.6034545302391052,0.5352659225463867,0.5112792253494263,1.3181036710739136,0.7488824129104614,-0.44673842191696167,0.9639115333557129,0.0,0.0,0.0,0.4000000059604645,0.8818676471710205,0.5864757299423218,0.8937687873840332
L,1.0,1.0,0.0,0.0,0.0,0.20738109946250916,0.44472935795783997,0.39147746562957764,0.5292417407035828,1.1689727306365967,1.8956109285354614,0.5960829257965088,0.5246805548667908,0.49871036410331726,1.3053765296936035,0.7448864579200745,-0.4542892575263977,0.9670100212097168,0.0,0.0,0.0,0.4000000059604645,0.876433253288269,0.589421808719635,0.878771185874939
L,1.0,1.0,0.0,0.0,0.0,0.21008379757404327,0.44496506452560425,0.40017253160476685,0.5228689312934875,1.1744989156723022,1.911600947380066,0.6155636310577393,0.5450173020362854,0.5173318386077881,1.3081815242767334,0.7501130104064941,-0.45609766244888306,0.9647548198699951,0.0,0.0,0.0,0.4000000059604645,0.8791713714599609,0.5929557085037231,0.8973784446716309
L,1.0,1.0,0.0,0.0,0.0,0.20445367693901062,0.4426537752151489,0.40231040120124817,0.5218774676322937,1.1736091375350952,1.9191255569458008,0.6223531365394592,0.5446379780769348,0.5142735242843628,1.3263863325119019,0.7596817016601562,-0.45517638325691223,0.9643977880477905,0.0,0.0,0.0,0.4000000059604645,0.8848037123680115,0.5992802977561951,0.9000975489616394
L,1.0,1.0,0.0,0.0,0.0,0.16539698839187622,0.43455785512924194,0.39597833156585693,0.5283017158508301,1.1000367403030396,1.9274793863296509,0.6116347312927246,0.5297179222106934,0.5088729858398438,1.4534528255462646,0.7592261433601379,-0.4512879550457001,0.9558820128440857,0.0,0.0,0.0,0.4000000059604645,0.9021345376968384,0.6033652424812317,0.8944262266159058
L,1.0,1.0,0.0,0.0,0.0,0.1587701290845871,0.4346127510070801,0.39815375208854675,0.5250294804573059,1.1185649633407593,1.946867823600769,0.6196531057357788,0.5307617783546448,0.5108557343482971,1.490521788597107,0.7891724109649658,-0.45282772183418274,0.9515097737312317,0.0,0.0,0.0,0.4000000059604645,0.9232010841369629,0.6152143478393555,0.90203458070755
L,1.0,1.0,0.0,0.0,0.0,0.16045579314231873,0.43453487753868103,0.40159428119659424,0.5226559042930603,1.110234260559082,1.9427587985992432,0.6215448379516602,0.5333619713783264,0.518941342830658,1.481837272644043,0.7850216031074524,-0.4550621509552002,0.94777512550354,0.0,0.0,0.0,0.4000000059604645,0.9174048900604248,0.6119340658187866,0.9041517376899719
L,1.0,1.0,0.0,0.0,0.0,0.16396410763263702,0.4345587491989136,0.40122929215431213,0.5248697400093079,1.1190640926361084,1.9479608535766602,0.6251185536384583,0.5366799235343933,0.5166349411010742,1.4730215072631836,0.7842129468917847,-0.4537326991558075,0.9510319232940674,0.0,0.0,0.0,0.4000000059604645,0.9166877865791321,0.6148985028266907,0.9065985679626465
L,1.0,1.0,0.0,0.0,0.0,0.17040880024433136,0.4342310428619385,0.40334707498550415,0.5213178992271423,1.1156401634216309,1.9409065246582031,0.6193705201148987,0.5335895419120789,0.5142982602119446,1.444063663482666,0.7746661901473999,-0.4552954435348511,0.9502688646316528,0.0,0.0,0.0,0.4000000059604645,0.9081195592880249,0.6165162920951843,0.9020412564277649
L,1.0,1.0,0.0,0.0,0.0,0.1741171032190323,0.43527546525001526,0.40445199608802795,0.5197046995162964,1.111901044845581,1.9363479614257812,0.6121639013290405,0.5293854475021362,0.509712278842926,1.4316118955612183,0.7686784863471985,-0.45690762996673584,0.9513594508171082,0.0,0.0,0.0,0.4000000059604645,0.9053667783737183,0.6197202205657959,0.8969023823738098
L,1.0,1.0,0.0,0.0,0.0,0.1768983155488968,0.4354429244995117,0.4044773280620575,0.5188913941383362,1.1151067018508911,1.9361307621002197,0.6097874641418457,0.5253541469573975,0.5083783268928528,1.4219142198562622,0.7670559883117676,-0.4566226601600647,0.9533303380012512,0.0,0.0,0.0,0.4000000059604645,0.9045516848564148,0.6195828914642334,0.8949126601219177
L,1.0,1.0,0.0,0.0,0.0,0.18559588491916656,0.43595436215400696,0.40382227301597595,0.5187016725540161,1.1302989721298218,1.93318772315979,0.6160356402397156,0.5299886465072632,0.510090708732605,1.3885613679885864,0.7610010504722595,-0.45689016580581665,0.9501457810401917,0.0,0.0,0.0,0.4000000059604645,0.8982765674591064,0.6126939058303833,0.8973256945610046
L,1.0,1.0,0.0,0.0,0.0,0.19034244120121002,0.43689846992492676,0.40720677375793457,0.516530454158783,1.1330574750900269,1.9343441724777222,0.6206698417663574,0.5378332734107971,0.514609694480896,1.3757137060165405,0.7593005299568176,-0.4577887952327728,0.9523138999938965,0.0,0.0,0.0,0.4000000059604645,0.8952472805976868,0.6168649792671204,0.901864230632782
L,1.0,1.0,0.0,0.0,0.0,0.19041746854782104,0.4351407587528229,0.40480363368988037,0.5186263918876648,1.1397610902786255,1.9290357828140259,0.626067578792572,0.5370376706123352,0.5186079740524292,1.3637349605560303,0.7586289048194885,-0.4548744857311249,0.9533623456954956,0.0,0.0,0.0,0.4000000059604645,0.8917452096939087,0.6107943654060364,0.9026872515678406
L,1.0,1.0,0.0,0.0,0.0,0.19358432292938232,0.4353330731391907,0.40523725748062134,0.5186866521835327,1.14853835105896,1.9337806701660156,0.6259698867797852,0.5435307621955872,0.5216735601425171,1.355467677116394,0.7611871361732483,-0.4550587236881256,0.953596293926239,0.0,0.0,0.0,0.4000000059604645,0.8916271924972534,0.6134204268455505,0.9062386751174927
L,1.0,1.0,0.0,0.0,0.0,0.19463558495044708,0.4361307621002197,0.40850314497947693,0.5157701373100281,1.1463347673416138,1.9408926963806152,0.6256492137908936,0.5402700304985046,0.5171195864677429,1.3607749938964844,0.7634671330451965,-0.4582652151584625,0.9496695399284363,0.0,0.0,0.0,0.4000000059604645,0.8972283005714417,0.6208838224411011,0.9059828519821167
L,1.0,1.0,0.0,0.0,0.0,0.19341692328453064,0.4361479580402374,0.4037058651447296,0.5183715224266052,1.1459672451019287,1.9331812858581543,0.6096799969673157,0.529175341129303,0.5093575716018677,1.358938217163086,0.7626323103904724,-0.45541495084762573,0.9571905136108398,0.0,0.0,0.0,0.4000000059604645,0.8981114625930786,0.6169285178184509,0.8953485488891602
L,1.0,1.0,0.0,0.0,0.0,0.19734151661396027,0.4373546540737152,0.40519240498542786,0.5176939368247986,1.179879069328308,1.958739161491394,0.650782585144043,0.5764515995979309,0.543199360370636,1.3636354207992554,0.7719278931617737,-0.45287030935287476,0.9534505605697632,0.0,0.0,0.0,0.4000000059604645,0.903590977191925,0.6108283400535583,0.932293176651001
L,1.0,1.0,0.0,0.0,0.0,0.19143714010715485,0.43548452854156494,0.38901934027671814,0.5285669565200806,1.1707667112350464,1.9405550956726074,0.6065550446510315,0.530730128288269,0.5330260396003723,1.3652560710906982,0.7637239098548889,-0.44678547978401184,0.9632437825202942,0.0,0.0,0.0,0.4000000059604645,0.902744472026825,0.611700177192688,0.9027165770530701
L,1.0,1.0,0.0,0.0,0.0,0.19002681970596313,0.4353381097316742,0.3923846185207367,0.519704282283783,1.1369307041168213,1.9376252889633179,0.5684049725532532,0.4913414418697357,0.5001705884933472,1.3733232021331787,0.7587608695030212,-0.45742765069007874,0.9483686089515686,0.0,0.0,0.0,0.4000000059604645,0.9098078608512878,0.6196572184562683,0.8743855953216553
L,1.0,1.0,0.0,0.0,0.0,0.1890813112258911,0.43251779675483704,0.39624127745628357,0.5282690525054932,1.1264568567276,1.8953379392623901,0.5796233415603638,0.49538302421569824,0.48855915665626526,1.3342522382736206,0.7522974014282227,-0.454446941614151,0.9535233974456787,0.0,0.0,0.0,0.4000000059604645,0.8813683390617371,0.5918389558792114,0.8647258877754211
L,1.0,1.0,0.0,0.0,0.0,0.1931430995464325,0.4310767352581024,0.3945135176181793,0.5313625931739807,1.1270480155944824,1.904753565788269,0.5981163382530212,0.5067828297615051,0.497514009475708,1.3226808309555054,0.7353067994117737,-0.4516946077346802,0.9510921239852905,0.0,0.0,0.0,0.4000000059604645,0.8744356632232666,0.5859200358390808,0.8767916560173035
L,1.0,1.0,0.0,0.0,0.0,0.19291622936725616,0.43169572949409485,0.3965132534503937,0.5275033116340637,1.1230725049972534,1.8926500082015991,0.5882354378700256,0.5046350955963135,0.49601390957832336,1.3165537118911743,0.7397522926330566,-0.4525924026966095,0.9557669758796692,0.0,0.0,0.0,0.4000000059604645,0.872747540473938,0.5851334929466248,0.870383620262146
L,1.0,1.0,0.0,0.0,0.0,0.19369441270828247,0.4324757754802704,0.39546510577201843,0.5289970636367798,1.1347006559371948,1.9055906534194946,0.5890268683433533,0.5018737316131592,0.5015746355056763,1.3247828483581543,0.7466201782226562,-0.45279911160469055,0.9548569321632385,0.0,0.0,0.0,0.4000000059604645,0.8804120421409607,0.5925458669662476,0.874516487121582
L,1.0,1.0,0.0,0.0,0.0,0.19610488414764404,0.43259450793266296,0.39548182487487793,0.5286577939987183,1.1327061653137207,1.901261568069458,0.5909600853919983,0.5057790279388428,0.5011611580848694,1.3136680126190186,0.7400220036506653,-0.4528738856315613,0.9543212056159973,0.0,0.0,0.0,0.4000000059604645,0.8757840394973755,0.5877614617347717,0.8747904300689697
L,1.0,1.0,0.0,0.0,0.0,0.191226527094841,0.43143850564956665,0.39745739102363586,0.5268812775611877,1.1293503046035767,1.9045610427856445,0.5886245965957642,0.5012460947036743,0.49962806701660156,1.329979419708252,0.7495356202125549,-0.45370033383369446,0.9529784917831421,0.0,0.0,0.0,0.4000000059604645,0.8808611035346985,0.5944809317588806,0.8735149502754211
L,1.0,1.0,0.0,0.0,0.0,0.18937788903713226,0.4304920732975006,0.3973535895347595,0.527249813079834,1.1294697523117065,1.9111442565917969,0.5926095843315125,0.5052204132080078,0.5000786185264587,1.3384559154510498,0.7509563565254211,-0.45386433601379395,0.9493645429611206,0.0,0.0,0.0,0.4000000059604645,0.884922981262207,0.5980753898620605,0.8772631883621216
L,1.0,1.0,0.0,0.0,0.0,0.18689994513988495,0.43103140592575073,0.39450323581695557,0.5289123058319092,1.1357499361038208,1.9126925468444824,0.5904033780097961,0.5035932660102844,0.49530911445617676,1.3490931987762451,0.756747841835022,-0.4525642991065979,0.9515917301177979,0.0,0.0,0.0,0.4000000059604645,0.8889485001564026,0.6016037464141846,0.8754995465278625
L,1.0,1.0,0.0,0.0,0.0,0.18883873522281647,0.43002694845199585,0.39797526597976685,0.5268875956535339,1.129589319229126,1.9045506715774536,0.5915796756744385,0.5056630969047546,0.4959949254989624,1.3333244323730469,0.7534525394439697,-0.4525507390499115,0.9538388252258301,0.0,0.0,0.0,0.4000000059604645,0.8824055194854736,0.5948498845100403,0.8744471073150635
L,1.0,1.0,0.0,0.0,0.0,0.18964026868343353,0.43219730257987976,0.4009711444377899,0.5230745077133179,1.1319254636764526,1.9115943908691406,0.5916603207588196,0.5057061910629272,0.49858036637306213,1.3433868885040283,0.7592107653617859,-0.45545125007629395,0.9526014924049377,0.0,0.0,0.0,0.4000000059604645,0.8883053660392761,0.6040341854095459,0.8768852949142456
L,1.0,1.0,0.0,0.0,0.0,0.18900743126869202,0.43175867199897766,0.3977552354335785,0.5239976644515991,1.1328941583633423,1.9087188243865967,0.5841385126113892,0.5002073645591736,0.49893468618392944,1.3415488004684448,0.758740246295929,-0.4543607532978058,0.953033983707428,0.0,0.0,0.0,0.4000000059604645,0.8880860209465027,0.5997459292411804,0.8729998469352722
L,1.0,1.0,0.0,0.0,0.0,0.19055959582328796,0.4320547580718994,0.3987105190753937,0.5254755616188049,1.132688283920288,1.9107508659362793,0.5899263620376587,0.5050035715103149,0.502264678478241,1.3388475179672241,0.7551742792129517,-0.45462459325790405,0.9525255560874939,0.0,0.0,0.0,0.4000000059604645,0.8854637742042542,0.5991497039794922,0.8769863843917847
L,1.0,1.0,0.0,0.0,0.0,0.19106224179267883,0.4325452744960785,0.4000803232192993,0.5238845944404602,1.1383070945739746,1.9172074794769287,0.5919250249862671,0.5036778450012207,0.5007544755935669,1.3429903984069824,0.7607722878456116,-0.45552897453308105,0.9513144493103027,0.0,0.0,0.0,0.4000000059604645,0.8903398513793945,0.5987015962600708,0.8783912062644958
L,1.0,1.0,0.0,0.0,0.0,0.19194212555885315,0.4328683018684387,0.3930688798427582,0.5257912278175354,1.132301688194275,1.915784478187561,0.5756542086601257,0.49931010603904724,0.5009657144546509,1.3410322666168213,0.749363899230957,-0.4564322233200073,0.9455324411392212,0.0,0.0,0.0,0.4000000059604645,0.8898441791534424,0.6045774817466736,0.8729286193847656
L,1.0,1.0,0.0,0.0,0.0,0.19497665762901306,0.43054527044296265,0.391971230506897,0.5321444869041443,1.128209114074707,1.908284306526184,0.5694248676300049,0.4932752549648285,0.5021566152572632,1.3171249628067017,0.7419852614402771,-0.45428845286369324,0.9480543732643127,0.0,0.0,0.0,0.4000000059604645,0.876464307308197,0.5907721519470215,0.8682852387428284
L,1.0,1.0,0.0,0.0,0.0,0.19578498601913452,0.43015727400779724,0.39316678047180176,0.5298740863800049,1.1209062337875366,1.9004477262496948,0.5717341303825378,0.4908451437950134,0.5038731694221497,1.308176040649414,0.7349933981895447,-0.45430973172187805,0.9467108249664307,0.0,0.0,0.0,0.4000000059604645,0.8721118569374084,0.5786945223808289,0.8667250275611877
L,1.0,1.0,0.0,0.0,0.0,0.19729624688625336,0.4301036298274994,0.3934183716773987,0.5296428799629211,1.126928448677063,1.9065883159637451,0.5835199356079102,0.504676878452301,0.5153919458389282,1.3064743280410767,0.7328912615776062,-0.4544658064842224,0.9434620141983032,0.0,0.0,0.0,0.4000000059604645,0.8713171482086182,0.5889801383018494,0.8775442838668823
L,1.0,1.0,0.0,0.0,0.0,0.19530406594276428,0.43075069785118103,0.3959203362464905,0.5276985168457031,1.1293706893920898,1.9028289318084717,0.5893252491950989,0.5074117183685303,0.5109828114509583,1.3120079040527344,0.7398578524589539,-0.45434749126434326,0.9470993876457214,0.0,0.0,0.0,0.4000000059604645,0.8739956617355347,0.5904152989387512,0.8776372075080872
L,1.0,1.0,0.0,0.0,0.0,0.19245965778827667,0.430641233921051,0.39587974548339844,0.5298041701316833,1.1268725395202637,1.9060946702957153,0.5861122012138367,0.5055488348007202,0.5107200741767883,1.324669599533081,0.7437096834182739,-0.454736590385437,0.9462124705314636,0.0,0.0,0.0,0.4000000059604645,0.8754869103431702,0.5937259793281555,0.8771189451217651
L,1.0,1.0,0.0,0.0,0.0,0.19336016476154327,0.4299216568470001,0.39410215616226196,0.52713543176651,1.1268287897109985,1.9114686250686646,0.5778111815452576,0.5012307167053223,0.5081076622009277,1.3234562873840332,0.7429019212722778,-0.4549944996833801,0.9446340203285217,0.0,0.0,0.0,0.4000000059604645,0.8809589743614197,0.595922589302063,0.8746545910835266
L,1.0,1.0,0.0,0.0,0.0,0.18982160091400146,0.4293126165866852,0.391620934009552,0.527246356010437,1.1117866039276123,1.9102823734283447,0.5622885227203369,0.48766592144966125,0.5076613426208496,1.3357384204864502,0.7381751537322998,-0.45453786849975586,0.9464146494865417,0.0,0.0,0.0,0.4000000059604645,0.8837307095527649,0.5917372703552246,0.8669745326042175
L,1.0,1.0,0.0,0.0,0.0,0.1847834587097168,0.42646220326423645,0.3936817944049835,0.5320684313774109,1.125311017036438,1.9101738929748535,0.5920783877372742,0.5054153800010681,0.5189393758773804,1.3404325246810913,0.7490957379341125,-0.4518180787563324,0.9437145590782166,0.0,0.0,0.0,0.4000000059604645,0.8804959058761597,0.5974531769752502,0.881651759147644
L,1.0,1.0,0.0,0.0,0.0,0.18500633537769318,0.4252007305622101,0.3924037218093872,0.5279837250709534,1.1213586330413818,1.914215087890625,0.5958546996116638,0.5166177153587341,0.5234336853027344,1.3393901586532593,0.741563081741333,-0.4500078856945038,0.9443415403366089,0.0,0.0,0.0,0.4000000059604645,0.8815974593162537,0.6022786498069763,0.8875303268432617
L,1.0,1.0,0.0,0.0,0.0,0.18489840626716614,0.4234015941619873,0.38961467146873474,0.5292308330535889,1.1217164993286133,1.9068626165390015,0.597463846206665,0.515121579170227,0.5357882380485535,1.3274669647216797,0.7366278171539307,-0.4479386806488037,0.9429599642753601,0.0,0.0,0.0,0.4000000059604645,0.8765712380409241,0.6005611419677734,0.888809084892273
L,1.0,1.0,0.0,0.0,0.0,0.19134095311164856,0.4247584939002991,0.3939271569252014,0.5252272486686707,1.1314494609832764,1.9098289012908936,0.5937098860740662,0.5138724446296692,0.5321415662765503,1.3102302551269531,0.7431032657623291,-0.45047056674957275,0.9439505934715271,0.0,0.0,0.0,0.4000000059604645,0.8771361708641052,0.595093846321106,0.8873881697654724
L,1.0,1.0,0.0,0.0,0.0,0.19533173739910126,0.4249435067176819,0.38667505979537964,0.5349279642105103,1.1279667615890503,1.8923585414886475,0.591269850730896,0.5105629563331604,0.5395462512969971,1.2836037874221802,0.7224047780036926,-0.44813746213912964,0.9419609904289246,0.0,0.0,0.0,0.4000000059604645,0.8579269647598267,0.5915201306343079,0.8834344148635864
L,1.0,1.0,0.0,0.0,0.0,0.19482772052288055,0.4241141676902771,0.38961949944496155,0.5327265858650208,1.1007286310195923,1.8752498626708984,0.5975736975669861,0.5135498046875,0.5392616987228394,1.2749050855636597,0.701356053352356,-0.4515364170074463,0.9318117499351501,0.0,0.0,0.0,0.4000000059604645,0.8454511761665344,0.5853386521339417,0.8814087510108948
L,1.0,1.0,0.0,0.0,0.0,0.19564493000507355,0.4254462420940399,0.388538658618927,0.532401978969574,1.1102555990219116,1.8874194622039795,0.5795947909355164,0.5049855709075928,0.519271194934845,1.2843472957611084,0.7146802544593811,-0.4502372145652771,0.9433926343917847,0.0,0.0,0.0,0.4000000059604645,0.8586177825927734,0.5853978395462036,0.8728177547454834
L,1.0,1.0,0.0,0.0,0.0,0.19778597354888916,0.42687779664993286,0.3846462666988373,0.5362918376922607,1.1288377046585083,1.89593505859375,0.5617985129356384,0.48911407589912415,0.4994276165962219,1.2845237255096436,0.7306684851646423,-0.45123034715652466,0.9437411427497864,0.0,0.0,0.0,0.4000000059604645,0.869581401348114,0.5920495986938477,0.861568808555603
L,1.0,1.0,0.0,0.0,0.0,0.19661128520965576,0.42767155170440674,0.39006686210632324,0.5320783853530884,1.130635380744934,1.8851318359375,0.5668638348579407,0.4951271712779999,0.5023794770240784,1.2821457386016846,0.7398487329483032,-0.45151054859161377,0.9491347670555115,0.0,0.0,0.0,0.4000000059604645,0.8694617748260498,0.5839939713478088,0.8623756170272827
L,1.0,1.0,0.0,0.0,0.0,0.19781263172626495,0.4281853139400482,0.39048969745635986,0.5306310653686523,1.1343584060668945,1.8897064924240112,0.5669994950294495,0.49844568967819214,0.5065351724624634,1.2826528549194336,0.7419241070747375,-0.45140284299850464,0.9511416554450989,0.0,0.0,0.0,0.4000000059604645,0.8707160353660583,0.5886852741241455,0.865421712398529
L,1.0,1.0,0.0,0.0,0.0,0.1996641606092453,0.42765888571739197,0.3926369547843933,0.5314344167709351,1.1357355117797852,1.8903229236602783,0.5793959498405457,0.5050885081291199,0.506106436252594,1.2745798826217651,0.7375946044921875,-0.4515884816646576,0.9483623504638672,0.0,0.0,0.0,0.4000000059604645,0.8674518465995789,0.5876858830451965,0.8702284693717957
L,1.0,1.0,0.0,0.0,0.0,0.20072273910045624,0.42666488885879517,0.3930434286594391,0.5303043127059937,1.136357307434082,1.8914836645126343,0.5786470174789429,0.5030063390731812,0.5061889886856079,1.2682511806488037,0.7374721169471741,-0.45151379704475403,0.9472278356552124,0.0,0.0,0.0,0.4000000059604645,0.8668787479400635,0.5886327028274536,0.8698315024375916
L,1.0,1.0,0.0,0.0,0.0,0.20167803764343262,0.42599350214004517,0.39290353655815125,0.5292372107505798,1.1429935693740845,1.8963035345077515,0.5763181447982788,0.499627947807312,0.5056924223899841,1.2649314403533936,0.7428282499313354,-0.45109716057777405,0.9477406144142151,0.0,0.0,0.0,0.4000000059604645,0.871378481388092,0.5900239944458008,0.8694854974746704
L,1.0,1.0,0.0,0.0,0.0,0.20208284258842468,0.42601004242897034,0.39349105954170227,0.529032289981842,1.1404776573181152,1.8942906856536865,0.5774742364883423,0.504477858543396,0.5065883994102478,1.2625495195388794,0.7402885556221008,-0.45196086168289185,0.9455382823944092,0.0,0.0,0.0,0.4000000059604645,0.8681627511978149,0.591160774230957,0.8707078099250793
M,1.0,0.0,0.0,0.0,0.0,0.6149514317512512,0.3797704577445984,0.5388761758804321,0.45409882068634033,1.0537482500076294,0.6602115035057068,0.6319323778152466,0.6786823272705078,0.4518001079559326,0.7194993495941162,0.5748406052589417,-0.5241573452949524,0.021230367943644524,0.0,0.0,0.22763997316360474,0.20000000298023224,0.40655872225761414,0.6254866123199463,0.6056565642356873
M,1.0,0.0,0.0,0.0,0.0,0.6105695366859436,0.37776124477386475,0.5437335968017578,0.4582981765270233,1.0568435192108154,0.6599003076553345,0.6260868906974792,0.672536313533783,0.4525078535079956,0.7171424627304077,0.5813926458358765,-0.5216224193572998,0.02127557061612606,0.0,0.0,0.23806104063987732,0.20000000298023224,0.404931902885437,0.6137132048606873,0.6027578711509705
M,1.0,0.0,0.0,0.0,0.0,0.6078965663909912,0.3738388121128082,0.54768967628479,0.4607316255569458,1.058065414428711,0.6602953672409058,0.6250055432319641,0.6713950037956238,0.4382171332836151,0.7205885648727417,0.585161030292511,-0.5200241804122925,0.01994139701128006,0.0,0.0,0.24469037353992462,0.20000000298023224,0.4119454324245453,0.6117536425590515,0.5987282395362854
M,1.0,0.0,0.0,0.0,0.0,0.6099475622177124,0.3765040636062622,0.543567955493927,0.46030786633491516,1.0728269815444946,0.6652625203132629,0.6369138956069946,0.6777278184890747,0.4606427848339081,0.7301235795021057,0.5881297588348389,-0.5211844444274902,0.021667933091521263,0.0,0.0,0.22812235355377197,0.20000000298023224,0.41016003489494324,0.619667112827301,0.6101367473602295
M,1.0,0.0,0.0,0.0,0.0,0.6005423069000244,0.3746218681335449,0.544456422328949,0.4615058898925781,1.0582607984542847,0.6658329963684082,0.6515797972679138,0.6949676871299744,0.463069885969162,0.7030636072158813,0.5531865358352661,-0.5185294151306152,0.02140096202492714,0.0,0.0,0.28371748328208923,0.20000000298023224,0.40648940205574036,0.6148340106010437,0.6188625693321228
M,1.0,0.0,0.0,0.0,0.0,0.6043538451194763,0.37301602959632874,0.5466955304145813,0.4654482901096344,1.0446431636810303,0.6681646108627319,0.6474654674530029,0.6738370060920715,0.46350720524787903,0.7031835317611694,0.554275393486023,-0.5205456614494324,0.028472159057855606,0.0,0.0,0.2721759080886841,0.20000000298023224,0.40156224370002747,0.6368091702461243,0.613243579864502
M,1.0,0.0,0.0,0.0,0.0,0.5927935242652893,0.35962796211242676,0.5589281916618347,0.4734106957912445,0.9614835381507874,0.6428861618041992,0.6216479539871216,0.6422774195671082,0.42879632115364075,0.6469972729682922,0.4987294375896454,-0.518449604511261,0.029637141153216362,0.0,0.0,0.377715140581131,0.20000000298023224,0.3774137794971466,0.6161780953407288,0.5839019417762756
M,1.0,0.0,0.0,0.0,0.0,0.5107325911521912,0.34788668155670166,0.418682336807251,0.5022503137588501,0.9027330279350281,0.7208014726638794,0.6877046823501587,0.651490330696106,0.5272673964500427,0.4469029903411865,0.3127196729183197,-0.502951443195343,0.01929185353219509,0.0,0.0,1.0,0.20000000298023224,0.30859455466270447,0.5945824384689331,0.6468159556388855
M,1.0,0.0,0.0,0.0,0.0,0.5773456692695618,0.3507099449634552,0.42123791575431824,0.5026140809059143,1.032061219215393,0.6847398281097412,0.6734318137168884,0.6580954194068909,0.4526727795600891,0.6811771988868713,0.5407931208610535,-0.5103270411491394,0.03762378171086311,0.0,0.0,0.39024657011032104,0.20000000298023224,0.3946440517902374,0.6022579073905945,0.6172349452972412
M,1.0,0.0,0.0,0.0,0.0,0.5801845788955688,0.35832610726356506,0.5717210173606873,0.49270156025886536,0.99908447265625,0.6916357278823853,0.6514441967010498,0.6360471248626709,0.48149287700653076,0.6456300020217896,0.5160316824913025,-0.5136362314224243,0.022549642249941826,0.0,0.0,0.4117003381252289,0.20000000298023224,0.3717409670352936,0.5974451303482056,0.6151549816131592
M,1.0,0.0,0.0,0.0,0.0,0.5905873775482178,0.359600305557251,0.5717198252677917,0.49067309498786926,1.022956132888794,0.6844921112060547,0.6403927803039551,0.6261958479881287,0.44762954115867615,0.6836532950401306,0.5594829320907593,-0.5138295888900757,0.023278366774320602,0.0,0.0,0.3367955684661865,0.20000000298023224,0.3921634554862976,0.5974257588386536,0.599677562713623
M,1.0,0.0,0.0,0.0,0.0,0.5909900665283203,0.36264705657958984,0.568048357963562,0.4872573912143707,1.0353814363479614,0.6808503270149231,0.6456394791603088,0.629612386226654,0.43478184938430786,0.6878709197044373,0.5615445375442505,-0.5166188478469849,0.027237582951784134,0.0,0.0,0.3429550230503082,0.20000000298023224,0.3998514711856842,0.5983846187591553,0.5977210402488708
M,1.0,0.0,0.0,0.0,0.0,0.5902718305587769,0.36375564336776733,0.567042350769043,0.4857185482978821,1.0399037599563599,0.6943311095237732,0.6531033515930176,0.6401962041854858,0.4418112635612488,0.6854866743087769,0.5587054491043091,-0.5160621404647827,0.024375049397349358,0.0,0.0,0.34074750542640686,0.20000000298023224,0.40200719237327576,0.602604329586029,0.6073604822158813
M,1.0,0.0,0.0,0.0,0.0,0.591733992099762,0.36646074056625366,0.5651524066925049,0.483860582113266,1.0192092657089233,0.6822366118431091,0.6393861770629883,0.6284613609313965,0.43072330951690674,0.6689737439155579,0.5471677780151367,-0.5163708925247192,0.026807820424437523,0.0,0.0,0.3425278961658478,0.20000000298023224,0.3933780789375305,0.600726306438446,0.595201849937439
M,1.0,0.0,0.0,0.0,0.0,0.5929715633392334,0.36751970648765564,0.5633320212364197,0.48077380657196045,1.0120463371276855,0.6817206740379333,0.6406455039978027,0.6343590021133423,0.4248034954071045,0.6640751957893372,0.5395899415016174,-0.515703022480011,0.02739746868610382,0.0,0.0,0.33315902948379517,0.20000000298023224,0.39275893568992615,0.5956700444221497,0.5953821539878845
M,1.0,0.0,0.0,0.0,0.0,0.5903575420379639,0.3674848973751068,0.5646904110908508,0.48180562257766724,1.0125936269760132,0.676476001739502,0.6359474658966064,0.6294130682945251,0.42601048946380615,0.6597678661346436,0.5400488972663879,-0.5164694786071777,0.02901948243379593,0.0,0.0,0.35424190759658813,0.20000000298023224,0.39037394523620605,0.59242182970047,0.5919617414474487
M,1.0,0.0,0.0,0.0,0.0,0.588037371635437,0.36722928285598755,0.5638619661331177,0.4815926253795624,0.9988834857940674,0.6706159710884094,0.6332211494445801,0.6272631883621216,0.42612800002098083,0.6460512280464172,0.5244385004043579,-0.5160859823226929,0.02909936010837555,0.0,0.0,0.37362849712371826,0.20000000298023224,0.3831861913204193,0.5914534330368042,0.5893070697784424
M,1.0,0.0,0.0,0.0,0.0,0.579237163066864,0.36643460392951965,0.5659539103507996,0.4826117753982544,0.9868842959403992,0.6857884526252747,0.643086314201355,0.6292568445205688,0.4496403932571411,0.6181002855300903,0.49796220660209656,-0.5148614048957825,0.027217138558626175,0.0,0.0,0.42473700642585754,0.20000000298023224,0.37098848819732666,0.5914686322212219,0.6019430160522461
M,1.0,0.0,0.0,0.0,0.0,0.5807221531867981,0.36607757210731506,0.5656723976135254,0.4836658537387848,0.9887670874595642,0.68376225233078,0.6418793797492981,0.6330657601356506,0.44843921065330505,0.6236814856529236,0.5022211670875549,-0.5140634775161743,0.02916630357503891,0.0,0.0,0.4070879817008972,0.20000000298023224,0.37252986431121826,0.5973883867263794,0.6017866730690002
M,1.0,0.0,0.0,0.0,0.0,0.5903386473655701,0.3662084937095642,0.5657110810279846,0.4825179874897003,1.0054134130477905,0.6834598183631897,0.6452525854110718,0.6360097527503967,0.42770665884017944,0.6561232209205627,0.5315424799919128,-0.5144462585449219,0.03007419966161251,0.0,0.0,0.3448012173175812,0.20000000298023224,0.3880574107170105,0.5982018709182739,0.5981072187423706
M,1.0,0.0,0.0,0.0,0.0,0.5972570180892944,0.36862504482269287,0.5624467730522156,0.4794681966304779,1.0280832052230835,0.6817243099212646,0.6420615911483765,0.6378265619277954,0.42465344071388245,0.682839035987854,0.5583183765411377,-0.5157375335693359,0.028086980804800987,0.0,0.0,0.29818764328956604,0.20000000298023224,0.40021663904190063,0.597981333732605,0.5965664982795715
M,1.0,0.0,0.0,0.0,0.0,0.5928010940551758,0.3685345947742462,0.5634859204292297,0.4811403155326843,1.0078983306884766,0.6827777028083801,0.6447250843048096,0.6339467763900757,0.4281395673751831,0.6583383679389954,0.5342519879341125,-0.5147916674613953,0.031206520274281502,0.0,0.0,0.329387366771698,0.20000000298023224,0.3890587389469147,0.5960438251495361,0.5973972678184509
M,1.0,0.0,0.0,0.0,0.0,0.5916409492492676,0.3700316846370697,0.5618606209754944,0.4788849353790283,1.0098737478256226,0.6890698075294495,0.6460005640983582,0.6427939534187317,0.44637924432754517,0.6533003449440002,0.5302830934524536,-0.5158773064613342,0.028593759983778,0.0,0.0,0.3417907655239105,0.20000000298023224,0.3850381672382355,0.5982354283332825,0.6060608625411987
M,1.0,0.0,0.0,0.0,0.0,0.5930479168891907,0.3641287088394165,0.5668529272079468,0.4820684492588043,1.0192142724990845,0.6797842979431152,0.6365445256233215,0.6310065388679504,0.4209253489971161,0.677034854888916,0.5538409352302551,-0.515519917011261,0.025090310722589493,0.0,0.0,0.3305337131023407,0.20000000298023224,0.400682270526886,0.5934152603149414,0.592065155506134
M,1.0,0.0,0.0,0.0,0.0,0.5912561416625977,0.3651333749294281,0.5617762207984924,0.4821721017360687,1.0490342378616333,0.6891641020774841,0.66283118724823,0.6564592123031616,0.43116578459739685,0.6922845840454102,0.5538924932479858,-0.5161886811256409,0.029689641669392586,0.0,0.0,0.3264046907424927,0.20000000298023224,0.4088198244571686,0.6111036539077759,0.6099050641059875
M,1.0,0.0,0.0,0.0,0.0,0.5927783250808716,0.3657510280609131,0.563471794128418,0.4814022183418274,1.0326600074768066,0.6841472387313843,0.6465615034103394,0.6490099430084229,0.42963650822639465,0.6825464367866516,0.5538495779037476,-0.517656147480011,0.026409603655338287,0.0,0.0,0.33664271235466003,0.20000000298023224,0.40267327427864075,0.6060231924057007,0.6023387908935547
M,1.0,0.0,0.0,0.0,0.0,0.5935959815979004,0.36415717005729675,0.563265860080719,0.4806786775588989,1.0332317352294922,0.6871805191040039,0.6470053791999817,0.6497092843055725,0.42544791102409363,0.6877122521400452,0.5552092790603638,-0.5162709355354309,0.02340810000896454,0.0,0.0,0.3210647404193878,0.20000000298023224,0.40473130345344543,0.6093151569366455,0.6023357510566711
M,1.0,0.0,0.0,0.0,0.0,0.5954286456108093,0.3651143014431,0.5644664168357849,0.4808034300804138,1.0276950597763062,0.688018262386322,0.6470953226089478,0.6539040207862854,0.42494818568229675,0.6853348016738892,0.5560226440429688,-0.5167757868766785,0.026042312383651733,0.0,0.0,0.31510645151138306,0.20000000298023224,0.40459299087524414,0.6056519150733948,0.6034914255142212
M,1.0,0.0,0.0,0.0,0.0,0.5971428751945496,0.36614641547203064,0.5615697503089905,0.48044565320014954,1.0340880155563354,0.6924191117286682,0.6504611372947693,0.6578877568244934,0.4300338625907898,0.6910567879676819,0.5576366782188416,-0.5172156691551208,0.023532388731837273,0.0,0.0,0.30395200848579407,0.20000000298023224,0.40584978461265564,0.6119409203529358,0.6077004671096802
M,1.0,0.0,0.0,0.0,0.0,0.598106861114502,0.3678344190120697,0.5594878196716309,0.47929656505584717,1.0461020469665527,0.6899314522743225,0.6528631448745728,0.6618363857269287,0.4422367811203003,0.6988447308540344,0.5644945502281189,-0.5186218023300171,0.02314894273877144,0.0,0.0,0.30271103978157043,0.20000000298023224,0.4067816138267517,0.6102043986320496,0.6117169260978699
M,1.0,0.0,0.0,0.0,0.0,0.5953210592269897,0.36603251099586487,0.5616105198860168,0.48152798414230347,1.044366717338562,0.6900217533111572,0.6520766615867615,0.6583459377288818,0.4318561255931854,0.6954067349433899,0.5622223019599915,-0.5156327486038208,0.02406068705022335,0.0,0.0,0.3010042905807495,0.20000000298023224,0.40678367018699646,0.6066180467605591,0.6080751419067383
M,1.0,0.0,0.0,0.0,0.0,0.5964009761810303,0.3645258843898773,0.5641350150108337,0.48310935497283936,1.045122504234314,0.6928932070732117,0.6534726619720459,0.6570229530334473,0.43102186918258667,0.7011738419532776,0.5687304139137268,-0.5161256790161133,0.0256427563726902,0.0,0.0,0.29612842202186584,0.20000000298023224,0.4102083146572113,0.6101718544960022,0.6086027026176453
M,1.0,0.0,0.0,0.0,0.0,0.5951573252677917,0.366172730922699,0.5622560977935791,0.4817342162132263,1.0503560304641724,0.6906257271766663,0.6566012501716614,0.6560925245285034,0.4315930902957916,0.6992075443267822,0.565947949886322,-0.5168439745903015,0.02645653486251831,0.0,0.0,0.3072774112224579,0.20000000298023224,0.4097961485385895,0.608838677406311,0.6087281107902527
M,1.0,0.0,0.0,0.0,0.0,0.594383180141449,0.3651944696903229,0.5637814402580261,0.4822024405002594,1.0528366565704346,0.6911588311195374,0.6545276045799255,0.6591127514839172,0.43860164284706116,0.7014545202255249,0.5703670382499695,-0.5173686742782593,0.02584734931588173,0.0,0.0,0.31444621086120605,0.20000000298023224,0.4093042016029358,0.6070115566253662,0.6108502149581909
M,1.0,0.0,0.0,0.0,0.0,0.5950391292572021,0.3636877238750458,0.5633728504180908,0.48066845536231995,1.0395405292510986,0.6831411123275757,0.6434990167617798,0.6476879119873047,0.4269293248653412,0.6970914602279663,0.5649208426475525,-0.5175631046295166,0.02465798147022724,0.0,0.0,0.3172887861728668,0.20000000298023224,0.4092119038105011,0.6127869486808777,0.6003143787384033
M,1.0,0.0,0.0,0.0,0.0,0.5941895842552185,0.3644144833087921,0.5628626942634583,0.47891464829444885,1.037121295928955,0.67774498462677,0.6442821025848389,0.6550400853157043,0.44462916254997253,0.6926690936088562,0.5601020455360413,-0.5162009596824646,0.02721010334789753,0.0,0.0,0.3145798146724701,0.20000000298023224,0.4026276171207428,0.6059907078742981,0.6054241061210632
M,1.0,0.0,0.0,0.0,0.0,0.5953811407089233,0.36407798528671265,0.5633941292762756,0.48009932041168213,1.0485997200012207,0.6844569444656372,0.6468378305435181,0.6597095131874084,0.4401129484176636,0.7037020325660706,0.5715792775154114,-0.5196607708930969,0.02661081589758396,0.0,0.0,0.32390353083610535,0.20000000298023224,0.4089127480983734,0.6233305931091309,0.607779324054718
M,1.0,0.0,0.0,0.0,0.0,0.5975647568702698,0.3736110329627991,0.5530409812927246,0.47802260518074036,1.0690780878067017,0.6970840692520142,0.6730927228927612,0.6826744079589844,0.4724002480506897,0.7016500234603882,0.5611693263053894,-0.5247986912727356,0.03037179447710514,0.0,0.0,0.3349350392818451,0.20000000298023224,0.40767428278923035,0.6368194222450256,0.6313128471374512
M,1.0,0.0,0.0,0.0,0.0,0.6015442609786987,0.3749179542064667,0.5495032072067261,0.47019368410110474,1.0697687864303589,0.6921732425689697,0.660059928894043,0.6794326305389404,0.4802998900413513,0.7087518572807312,0.5691230893135071,-0.5261588096618652,0.02417062595486641,0.0,0.0,0.31739306449890137,0.20000000298023224,0.40727484226226807,0.6411223411560059,0.6279914379119873
M,1.0,0.0,0.0,0.0,0.0,0.6042268872261047,0.37740659713745117,0.5475451946258545,0.4700506329536438,1.0651354789733887,0.6897415518760681,0.6613872051239014,0.676461935043335,0.46862271428108215,0.7060030102729797,0.5658249258995056,-0.5285974144935608,0.028676485642790794,0.0,0.0,0.3166184425354004,0.20000000298023224,0.40838897228240967,0.6432398557662964,0.6240533590316772
M,1.0,0.0,0.0,0.0,0.0,0.6028646230697632,0.3751981854438782,0.5491560697555542,0.4713483452796936,1.0702382326126099,0.682121753692627,0.6565181016921997,0.6710522770881653,0.46303001046180725,0.7130494713783264,0.5730654001235962,-0.5269643664360046,0.029684176668524742,0.0,0.0,0.31155291199684143,0.20000000298023224,0.410094290971756,0.6411935091018677,0.618180513381958
M,1.0,0.0,0.0,0.0,0.0,0.6031927466392517,0.37481212615966797,0.5513395667076111,0.47148603200912476,1.067659854888916,0.681784451007843,0.6541303992271423,0.6732328534126282,0.4654086232185364,0.7126087546348572,0.5765424370765686,-0.5279617309570312,0.030030278488993645,0.0,0.0,0.3193431496620178,0.20000000298023224,0.41029092669487,0.6396426558494568,0.6186390519142151
M,1.0,0.0,0.0,0.0,0.0,0.6003182530403137,0.3760393261909485,0.550529956817627,0.47179049253463745,1.0685611963272095,0.6854739189147949,0.6604452729225159,0.6742574572563171,0.47217974066734314,0.7039849162101746,0.567547082901001,-0.5274897813796997,0.03051924891769886,0.0,0.0,0.33483049273490906,0.20000000298023224,0.4070184528827667,0.6348555088043213,0.623089075088501
M,1.0,0.0,0.0,0.0,0.0,0.6020289063453674,0.37581267952919006,0.5492094159126282,0.47178375720977783,1.0696923732757568,0.6811185479164124,0.6601337194442749,0.6751761436462402,0.471437007188797,0.7097492218017578,0.5693604946136475,-0.527125358581543,0.030674321576952934,0.0,0.0,0.3214261829853058,0.20000000298023224,0.4076334238052368,0.6376897692680359,0.6219663619995117
M,1.0,0.0,0.0,0.0,0.0,0.6020582914352417,0.3766181170940399,0.5512326955795288,0.47333621978759766,1.0695096254348755,0.691563606262207,0.662477433681488,0.6827024817466736,0.4777180552482605,0.7061137557029724,0.5717021822929382,-0.5277637839317322,0.03069337271153927,0.0,0.0,0.3248978555202484,0.20000000298023224,0.4064568877220154,0.6391086578369141,0.6286153793334961
M,1.0,0.0,0.0,0.0,0.0,0.6008647084236145,0.37443435192108154,0.5519134998321533,0.47431495785713196,1.0668323040008545,0.6844596266746521,0.657771110534668,0.6725582480430603,0.4699581265449524,0.7073802947998047,0.570883572101593,-0.5272551774978638,0.02916058711707592,0.0,0.0,0.3324217200279236,0.20000000298023224,0.40691375732421875,0.6323992609977722,0.6211867928504944
M,1.0,0.0,0.0,0.0,0.0,0.6010971665382385,0.3770351707935333,0.5506782531738281,0.4746377766132355,1.07217538356781,0.6917382478713989,0.6628199815750122,0.6798746585845947,0.4688989520072937,0.7051917910575867,0.571056067943573,-0.5272022485733032,0.031188493594527245,0.0,0.0,0.3248448967933655,0.20000000298023224,0.4086902141571045,0.6411111354827881,0.6258329749107361
M,1.0,0.0,0.0,0.0,0.0,0.6021263003349304,0.37517648935317993,0.550835371017456,0.47413086891174316,1.0689268112182617,0.6887781023979187,0.6606183648109436,0.6793034672737122,0.4760638475418091,0.7093629837036133,0.5715487003326416,-0.5256800651550293,0.028620576485991478,0.0,0.0,0.3118424415588379,0.20000000298023224,0.4058040976524353,0.639801561832428,0.6261909604072571
M,1.0,0.0,0.0,0.0,0.0,0.6005904674530029,0.3746795654296875,0.552086353302002,0.47666728496551514,1.0647530555725098,0.685809314250946,0.6609469056129456,0.6793554425239563,0.4677273631095886,0.7044350504875183,0.5673486590385437,-0.5265376567840576,0.030726909637451172,0.0,0.0,0.33057352900505066,0.20000000298023224,0.4051888585090637,0.6350321173667908,0.6234597563743591
M,1.0,0.0,0.0,0.0,0.0,0.5984982252120972,0.3761153817176819,0.5519362688064575,0.4778754711151123,1.0762073993682861,0.6984905004501343,0.6753700971603394,0.689182460308075,0.4810420572757721,0.7034886479377747,0.5656976699829102,-0.5248832702636719,0.0332002229988575,0.0,0.0,0.3255937695503235,0.20000000298023224,0.40492111444473267,0.6403995156288147,0.6360212564468384
M,1.0,0.0,0.0,0.0,0.0,0.6001709699630737,0.37576189637184143,0.5517721176147461,0.47625717520713806,1.0714077949523926,0.6993913650512695,0.6714014410972595,0.687496542930603,0.4717317223548889,0.7040333151817322,0.5664130449295044,-0.5262815952301025,0.03144404664635658,0.0,0.0,0.3248247802257538,0.20000000298023224,0.40809956192970276,0.6441649794578552,0.6325052380561829
M,1.0,0.0,0.0,0.0,0.0,0.5996299982070923,0.375871866941452,0.5524726510047913,0.47700589895248413,1.0767794847488403,0.7022497653961182,0.6741889119148254,0.686331570148468,0.4721437096595764,0.7062550187110901,0.5698330998420715,-0.5258591175079346,0.031191689893603325,0.0,0.0,0.3234618902206421,0.20000000298023224,0.40985536575317383,0.6398899555206299,0.6337285041809082
M,1.0,0.0,0.0,0.0,0.0,0.6006077527999878,0.3759922683238983,0.551140546798706,0.4753546416759491,1.0801527500152588,0.7015830874443054,0.6746360659599304,0.6884543299674988,0.4813905656337738,0.7108189463615417,0.5717925429344177,-0.5269336104393005,0.03066902607679367,0.0,0.0,0.3217703700065613,0.20000000298023224,0.40980634093284607,0.6424515843391418,0.6365159749984741
M,1.0,0.0,0.0,0.0,0.0,0.6005896925926208,0.3762055039405823,0.5518927574157715,0.47715431451797485,1.0703396797180176,0.7003562450408936,0.6736366748809814,0.6865606307983398,0.4742099642753601,0.7030041217803955,0.5654122233390808,-0.5262428522109985,0.03079218976199627,0.0,0.0,0.32482773065567017,0.20000000298023224,0.4061616063117981,0.6382617950439453,0.6336908936500549
M,1.0,0.0,0.0,0.0,0.0,0.6019450426101685,0.3775644600391388,0.55000901222229,0.47481444478034973,1.0691373348236084,0.7061171531677246,0.6758230328559875,0.6866103410720825,0.47927623987197876,0.7011662125587463,0.5623644590377808,-0.527275025844574,0.030005984008312225,0.0,0.0,0.32079219818115234,0.20000000298023224,0.40622612833976746,0.6468687057495117,0.6369566917419434
M,1.0,0.0,0.0,0.0,0.0,0.6013172268867493,0.3764185607433319,0.5525649189949036,0.47658267617225647,1.08090078830719,0.7002254724502563,0.6722209453582764,0.6906731724739075,0.4826831519603729,0.7122400403022766,0.5775395035743713,-0.5274307727813721,0.031931307166814804,0.0,0.0,0.32201334834098816,0.20000000298023224,0.409121572971344,0.641094982624054,0.6364506483078003
M,1.0,0.0,0.0,0.0,0.0,0.6000500917434692,0.3769172430038452,0.5503644943237305,0.4753898084163666,1.0754729509353638,0.6990285515785217,0.676338791847229,0.687705397605896,0.4750414788722992,0.7044495344161987,0.5645614862442017,-0.5273517966270447,0.03424878790974617,0.0,0.0,0.3296191096305847,0.20000000298023224,0.40793082118034363,0.6449757814407349,0.6345285773277283
M,1.0,0.0,0.0,0.0,0.0,0.6012219786643982,0.3760547637939453,0.5509746670722961,0.4761468172073364,1.072816014289856,0.696439266204834,0.6712476015090942,0.6850107312202454,0.4716067314147949,0.7072449326515198,0.5681354999542236,-0.5261948704719543,0.029604149982333183,0.0,0.0,0.31997448205947876,0.20000000298023224,0.40835270285606384,0.6374245285987854,0.6310760974884033
M,1.0,0.0,0.0,0.0,0.0,0.600430965423584,0.37717339396476746,0.5508953332901001,0.47703123092651367,1.079695463180542,0.7055450677871704,0.6809377074241638,0.6891300082206726,0.477007120847702,0.7068397402763367,0.5675082802772522,-0.526401162147522,0.03340582549571991,0.0,0.0,0.3196367621421814,0.20000000298023224,0.4099402129650116,0.6429047584533691,0.6381549835205078
M,1.0,0.0,0.0,0.0,0.0,0.5989453792572021,0.3759235143661499,0.5533825159072876,0.47722598910331726,1.073657512664795,0.7039567232131958,0.6752015352249146,0.6878306865692139,0.4763449728488922,0.7019789218902588,0.5671348571777344,-0.5260925889015198,0.031594887375831604,0.0,0.0,0.3322230577468872,0.20000000298023224,0.40844041109085083,0.6390777230262756,0.6358334422111511
N,1.0,0.0,0.0,0.0,0.0,0.46431097388267517,0.3140961229801178,0.3712576925754547,0.5787989497184753,1.2932119369506836,0.7987646460533142,0.7625316381454468,0.43164804577827454,0.5209074020385742,0.685774028301239,0.6043975949287415,-0.44097137451171875,0.06553040444850922,0.0,0.0,1.0,0.20000000298023224,0.499089777469635,0.6417657136917114,0.6284629702568054
N,1.0,0.0,0.0,0.0,0.0,0.4649433493614197,0.3126338720321655,0.3666911721229553,0.5853044986724854,1.2922885417938232,0.805243194103241,0.775422215461731,0.4248739182949066,0.5034451484680176,0.6862622499465942,0.6015549898147583,-0.4431130588054657,0.0702299177646637,0.0,0.0,1.0,0.20000000298023224,0.5043195486068726,0.6318025588989258,0.627246081829071
N,1.0,0.0,0.0,0.0,0.0,0.4657842814922333,0.3117566406726837,0.37137290835380554,0.5818189382553101,1.2804834842681885,0.7969027161598206,0.7865172028541565,0.42687827348709106,0.5098098516464233,0.6842203140258789,0.5761548280715942,-0.4432937800884247,0.07580587267875671,0.0,0.0,1.0,0.20000000298023224,0.4997345507144928,0.6314893960952759,0.6300269961357117
N,1.0,0.0,0.0,0.0,0.0,0.465329110622406,0.3133682310581207,0.3630979061126709,0.5882908701896667,1.28116774559021,0.8161730766296387,0.7890595197677612,0.43232226371765137,0.5037572979927063,0.6708526015281677,0.5878373980522156,-0.44331905245780945,0.07811173051595688,0.0,0.0,1.0,0.20000000298023224,0.5032461285591125,0.6357859969139099,0.6353279948234558
N,1.0,0.0,0.0,0.0,0.0,0.4679848253726959,0.3151431083679199,0.36718183755874634,0.587031900882721,1.271072268486023,0.8080247044563293,0.7808627486228943,0.4239395260810852,0.4889730215072632,0.6683534979820251,0.5822498202323914,-0.45005255937576294,0.06984639912843704,0.0,0.0,1.0,0.20000000298023224,0.4990425109863281,0.6257013082504272,0.6254500150680542
N,1.0,0.0,0.0,0.0,0.0,0.46888235211372375,0.3143540024757385,0.3674059510231018,0.5875495672225952,1.2727558612823486,0.8138183355331421,0.7928798198699951,0.42909830808639526,0.4877432584762573,0.6708044409751892,0.5761739015579224,-0.44902917742729187,0.07405535131692886,0.0,0.0,1.0,0.20000000298023224,0.5022729635238647,0.627133846282959,0.6308849453926086
N,1.0,0.0,0.0,0.0,0.0,0.470386803150177,0.3169291317462921,0.36859017610549927,0.584733247756958,1.2782384157180786,0.8140383362770081,0.7893884778022766,0.4371495246887207,0.4987846612930298,0.6728125214576721,0.5842046737670898,-0.4510951340198517,0.06979957222938538,0.0,0.0,1.0,0.20000000298023224,0.49961617588996887,0.6207395792007446,0.6348402500152588
N,1.0,0.0,0.0,0.0,0.0,0.4685323238372803,0.3157215416431427,0.36657124757766724,0.5880329608917236,1.283345341682434,0.8197299838066101,0.794060468673706,0.4333871603012085,0.49167534708976746,0.6728806495666504,0.5857207179069519,-0.45095857977867126,0.0697862058877945,0.0,0.0,1.0,0.20000000298023224,0.5041761994361877,0.6212763786315918,0.6347132325172424
N,1.0,0.0,0.0,0.0,0.0,0.4687412679195404,0.3156011402606964,0.36586740612983704,0.5897751450538635,1.2730039358139038,0.812208354473114,0.7837609052658081,0.4279549717903137,0.4823208749294281,0.6686328053474426,0.5853786468505859,-0.45143577456474304,0.0685553178191185,0.0,0.0,1.0,0.20000000298023224,0.5009163618087769,0.6211355924606323,0.6265612840652466
N,1.0,0.0,0.0,0.0,0.0,0.46950286626815796,0.3147185444831848,0.3646427392959595,0.5896971225738525,1.2692595720291138,0.814935564994812,0.7870370745658875,0.42581966519355774,0.4840375781059265,0.6679912209510803,0.5830701589584351,-0.4519639313220978,0.06791296601295471,0.0,0.0,1.0,0.20000000298023224,0.5023365616798401,0.6188738346099854,0.6279574632644653
N,1.0,0.0,0.0,0.0,0.0,0.4690869152545929,0.31495845317840576,0.36483463644981384,0.5914623737335205,1.2752399444580078,0.8125168085098267,0.7847776412963867,0.4289116859436035,0.4844103157520294,0.6725606918334961,0.5890236496925354,-0.45076656341552734,0.06902942061424255,0.0,0.0,1.0,0.20000000298023224,0.5010170340538025,0.6194693446159363,0.6276541352272034
N,1.0,0.0,0.0,0.0,0.0,0.4694131314754486,0.3143189549446106,0.3641696274280548,0.5891696810722351,1.2686489820480347,0.8088990449905396,0.7800015211105347,0.42835572361946106,0.4864511787891388,0.670981228351593,0.58819180727005,-0.45307818055152893,0.06671235710382462,0.0,0.0,1.0,0.20000000298023224,0.4994535446166992,0.614660918712616,0.6259268522262573
N,1.0,0.0,0.0,0.0,0.0,0.470406711101532,0.31498968601226807,0.36648908257484436,0.5862867832183838,1.261858344078064,0.8051907420158386,0.778389573097229,0.42579129338264465,0.48665809631347656,0.667824387550354,0.5809482932090759,-0.45404207706451416,0.06392761319875717,0.0,0.0,1.0,0.20000000298023224,0.4976900517940521,0.6132791638374329,0.6240074038505554
N,1.0,0.0,0.0,0.0,0.0,0.46912285685539246,0.3131196200847626,0.3634497821331024,0.5886742472648621,1.2569435834884644,0.8067904710769653,0.777474582195282,0.4236944615840912,0.48459357023239136,0.6643660068511963,0.5801798701286316,-0.4534398317337036,0.06334865093231201,0.0,0.0,1.0,0.20000000298023224,0.49744144082069397,0.6128297448158264,0.6231382489204407
N,1.0,0.0,0.0,0.0,0.0,0.46664780378341675,0.3105313181877136,0.36033496260643005,0.5950884819030762,1.2657297849655151,0.8098647594451904,0.7771378755569458,0.42629244923591614,0.4803925156593323,0.6704369783401489,0.5894336700439453,-0.4511103332042694,0.0612434521317482,0.0,0.0,1.0,0.20000000298023224,0.49892541766166687,0.6147107481956482,0.6234219074249268
N,1.0,0.0,0.0,0.0,0.0,0.46803078055381775,0.31245261430740356,0.36237064003944397,0.5922212600708008,1.2587722539901733,0.8046081066131592,0.7753505110740662,0.42828989028930664,0.48295992612838745,0.6659116148948669,0.5833113193511963,-0.45308157801628113,0.06260788440704346,0.0,0.0,1.0,0.20000000298023224,0.4950883090496063,0.6097418069839478,0.6228020787239075
N,1.0,0.0,0.0,0.0,0.0,0.46814289689064026,0.3121129870414734,0.36169302463531494,0.5924789905548096,1.2534488439559937,0.7995938658714294,0.7666988372802734,0.4276014566421509,0.4766070544719696,0.6648460626602173,0.586008608341217,-0.4534931778907776,0.06112893670797348,0.0,0.0,1.0,0.20000000298023224,0.4922946095466614,0.6117326021194458,0.6176252961158752
N,1.0,0.0,0.0,0.0,0.0,0.46852201223373413,0.3125916123390198,0.3625577688217163,0.5918375253677368,1.2634410858154297,0.8058956265449524,0.7762196660041809,0.4274374544620514,0.48427966237068176,0.669955849647522,0.5874238610267639,-0.4531967043876648,0.06385043263435364,0.0,0.0,1.0,0.20000000298023224,0.4975415766239166,0.6118407249450684,0.6234580874443054
N,1.0,0.0,0.0,0.0,0.0,0.46971631050109863,0.3138017952442169,0.3633270263671875,0.589170515537262,1.2582499980926514,0.8087787628173828,0.7736507654190063,0.42588192224502563,0.48444780707359314,0.6643334031105042,0.5852968096733093,-0.4541747570037842,0.05861227214336395,0.0,0.0,1.0,0.20000000298023224,0.49634239077568054,0.612754225730896,0.6231898069381714
N,1.0,0.0,0.0,0.0,0.0,0.471128910779953,0.31449124217033386,0.364661306142807,0.5889168381690979,1.255235195159912,0.8004927039146423,0.775052547454834,0.4265655279159546,0.4754660725593567,0.6672617793083191,0.5817258954048157,-0.4554525315761566,0.06380631774663925,0.0,0.0,1.0,0.20000000298023224,0.49423298239707947,0.6073479056358337,0.6193941831588745
N,1.0,0.0,0.0,0.0,0.0,0.47222667932510376,0.31639552116394043,0.3669501841068268,0.5869112610816956,1.254867434501648,0.7984815239906311,0.7774781584739685,0.42903709411621094,0.48582664132118225,0.666088342666626,0.5776261687278748,-0.45688873529434204,0.06706869602203369,0.0,0.0,1.0,0.20000000298023224,0.4919697344303131,0.604830265045166,0.62270587682724
N,1.0,0.0,0.0,0.0,0.0,0.4707178473472595,0.3139069080352783,0.3634409010410309,0.5898190140724182,1.257920742034912,0.8059934973716736,0.7751815319061279,0.42857450246810913,0.48318272829055786,0.6673528552055359,0.5854479074478149,-0.45490050315856934,0.06135996803641319,0.0,0.0,1.0,0.20000000298023224,0.49530312418937683,0.6075774431228638,0.6232330799102783
N,1.0,0.0,0.0,0.0,0.0,0.4716529846191406,0.31510311365127563,0.36451151967048645,0.5888294577598572,1.249624252319336,0.7988035678863525,0.7702623009681702,0.42517971992492676,0.4768313765525818,0.6632195115089417,0.5812177062034607,-0.45758286118507385,0.06185264140367508,0.0,0.0,1.0,0.20000000298023224,0.4915863871574402,0.6038615703582764,0.6177692413330078
N,1.0,0.0,0.0,0.0,0.0,0.47132301330566406,0.3143380582332611,0.3642684817314148,0.5864427089691162,1.2516593933105469,0.8038129210472107,0.7708010673522949,0.42175179719924927,0.48161810636520386,0.6635957956314087,0.5825191140174866,-0.456953763961792,0.05867032706737518,0.0,0.0,1.0,0.20000000298023224,0.4951750934123993,0.6063625812530518,0.6194959878921509
N,1.0,0.0,0.0,0.0,0.0,0.46986865997314453,0.3141530454158783,0.3628310263156891,0.5898702144622803,1.2508465051651,0.8043548464775085,0.7708026170730591,0.421690434217453,0.48213860392570496,0.6598247289657593,0.5817577838897705,-0.4558863639831543,0.05926923081278801,0.0,0.0,1.0,0.20000000298023224,0.4941229224205017,0.6055529117584229,0.6197466254234314
N,1.0,0.0,0.0,0.0,0.0,0.4688144624233246,0.31205523014068604,0.3617355227470398,0.5904971361160278,1.2433409690856934,0.7997310757637024,0.7670658826828003,0.4203404486179352,0.47507402300834656,0.658112645149231,0.5777120590209961,-0.4553236663341522,0.05850331112742424,0.0,0.0,1.0,0.20000000298023224,0.49235889315605164,0.6033112406730652,0.6155528426170349
N,1.0,0.0,0.0,0.0,0.0,0.4690079391002655,0.31254464387893677,0.36108389496803284,0.5947386622428894,1.2451609373092651,0.7998539209365845,0.767763078212738,0.4221830368041992,0.47173941135406494,0.6588840484619141,0.5803082585334778,-0.45509546995162964,0.06171971559524536,0.0,0.0,1.0,0.20000000298023224,0.4914011061191559,0.6050146222114563,0.6153848767280579
N,1.0,0.0,0.0,0.0,0.0,0.4686078429222107,0.3136759102344513,0.36243894696235657,0.5904498100280762,1.2514384984970093,0.797783374786377,0.7679962515830994,0.4226199984550476,0.48061230778694153,0.6615849733352661,0.5827948451042175,-0.45589494705200195,0.0626322329044342,0.0,0.0,1.0,0.20000000298023224,0.4917747676372528,0.6076599359512329,0.6172530055046082
N,1.0,0.0,0.0,0.0,0.0,0.47014233469963074,0.31271129846572876,0.3631094694137573,0.5913338661193848,1.2446807622909546,0.7857251167297363,0.7618143558502197,0.40647023916244507,0.4769490659236908,0.6671054363250732,0.5825504064559937,-0.4569525122642517,0.06383638083934784,0.0,0.0,1.0,0.20000000298023224,0.4943280816078186,0.6032880544662476,0.6077396869659424
N,1.0,0.0,0.0,0.0,0.0,0.46894699335098267,0.3129585087299347,0.3639701008796692,0.5906668305397034,1.2433134317398071,0.7792694568634033,0.7618886232376099,0.4102206528186798,0.4761147201061249,0.6658785939216614,0.5778135061264038,-0.4558474123477936,0.06953582912683487,0.0,0.0,1.0,0.20000000298023224,0.49032875895500183,0.6000855565071106,0.6068733334541321
N,1.0,0.0,0.0,0.0,0.0,0.4676688313484192,0.31228047609329224,0.36229559779167175,0.5918981432914734,1.2469195127487183,0.7876940369606018,0.7636250853538513,0.40894195437431335,0.47544148564338684,0.6635808944702148,0.580491840839386,-0.45592108368873596,0.06395627558231354,0.0,0.0,1.0,0.20000000298023224,0.4925509989261627,0.6033632755279541,0.6089256405830383
N,1.0,0.0,0.0,0.0,0.0,0.46890896558761597,0.31338274478912354,0.3635283410549164,0.5917530655860901,1.251136302947998,0.7918626070022583,0.7675076723098755,0.4166114330291748,0.47355917096138,0.6654178500175476,0.5815373063087463,-0.455755352973938,0.0654049664735794,0.0,0.0,1.0,0.20000000298023224,0.49277782440185547,0.6073561906814575,0.6123852133750916
N,1.0,0.0,0.0,0.0,0.0,0.4685293436050415,0.3129824697971344,0.3624604642391205,0.5910160541534424,1.2375407218933105,0.790827214717865,0.7618599534034729,0.41104814410209656,0.473550021648407,0.6547073721885681,0.5744547843933105,-0.45656833052635193,0.060192231088876724,0.0,0.0,1.0,0.20000000298023224,0.49063563346862793,0.5997029542922974,0.6093213558197021
N,1.0,0.0,0.0,0.0,0.0,0.47100168466567993,0.3161008656024933,0.3661600649356842,0.5857565402984619,1.2491681575775146,0.7854743003845215,0.7635131478309631,0.41231200098991394,0.4761953353881836,0.6654485464096069,0.5817184448242188,-0.4586789608001709,0.06641969084739685,0.0,0.0,1.0,0.20000000298023224,0.49289223551750183,0.6045382022857666,0.6093736886978149
N,1.0,0.0,0.0,0.0,0.0,0.46988964080810547,0.31380176544189453,0.3638247847557068,0.5909168124198914,1.2487659454345703,0.7888042330741882,0.7688467502593994,0.4156653583049774,0.475996732711792,0.6661190390586853,0.5796043872833252,-0.4560202658176422,0.06813792139291763,0.0,0.0,1.0,0.20000000298023224,0.49286937713623047,0.6026296615600586,0.612328290939331
N,1.0,0.0,0.0,0.0,0.0,0.47045499086380005,0.3149171769618988,0.3653492033481598,0.5873900055885315,1.2470324039459229,0.7939943075180054,0.768832266330719,0.4174724519252777,0.47341233491897583,0.6610502600669861,0.5764235854148865,-0.45672038197517395,0.06382525712251663,0.0,0.0,1.0,0.20000000298023224,0.4924969971179962,0.6038631200790405,0.6134278178215027
N,1.0,0.0,0.0,0.0,0.0,0.47158992290496826,0.3165019452571869,0.3660169839859009,0.5866788625717163,1.2453525066375732,0.7897731065750122,0.7670997977256775,0.4139899015426636,0.47090160846710205,0.6606441140174866,0.5769340395927429,-0.4586924612522125,0.06600278615951538,0.0,0.0,1.0,0.20000000298023224,0.4912897050380707,0.6054868102073669,0.6104410886764526
N,1.0,0.0,0.0,0.0,0.0,0.4697284400463104,0.3125017285346985,0.3633866608142853,0.5896065831184387,1.244870662689209,0.787344217300415,0.7647365927696228,0.41176047921180725,0.4740828275680542,0.666064441204071,0.5794806480407715,-0.4564015865325928,0.06421667337417603,0.0,0.0,1.0,0.20000000298023224,0.4939108192920685,0.6022897958755493,0.6094810366630554
N,1.0,0.0,0.0,0.0,0.0,0.46835631132125854,0.3129563629627228,0.36334964632987976,0.5905924439430237,1.242483139038086,0.7920829057693481,0.7650253772735596,0.41502508521080017,0.4716883599758148,0.6578776836395264,0.5748686194419861,-0.45570722222328186,0.061279669404029846,0.0,0.0,1.0,0.20000000298023224,0.4912117123603821,0.6008758544921875,0.6109554171562195
N,1.0,0.0,0.0,0.0,0.0,0.47054287791252136,0.3137698173522949,0.3633570373058319,0.5915117859840393,1.2475574016571045,0.7899925708770752,0.7654848694801331,0.4129602313041687,0.4693145453929901,0.6660648584365845,0.5828039050102234,-0.45666348934173584,0.06480056047439575,0.0,0.0,1.0,0.20000000298023224,0.4938921630382538,0.6046165823936462,0.6094380617141724
N,1.0,0.0,0.0,0.0,0.0,0.4701079726219177,0.3140775263309479,0.3649413585662842,0.5886897444725037,1.2455525398254395,0.7890133261680603,0.7667899131774902,0.41404667496681213,0.47419267892837524,0.6632306575775146,0.5766481161117554,-0.45657220482826233,0.06444630771875381,0.0,0.0,1.0,0.20000000298023224,0.49251797795295715,0.602668285369873,0.6110106706619263
N,1.0,0.0,0.0,0.0,0.0,0.4702015817165375,0.31320589780807495,0.36338263750076294,0.5894268155097961,1.246941089630127,0.7940070629119873,0.7681597471237183,0.4162677228450775,0.4702841341495514,0.6641954183578491,0.5797338485717773,-0.457236647605896,0.06271783262491226,0.0,0.0,1.0,0.20000000298023224,0.49446308612823486,0.6074923872947693,0.6121796369552612
N,1.0,0.0,0.0,0.0,0.0,0.46821409463882446,0.31043800711631775,0.3598954379558563,0.5931684970855713,1.240560531616211,0.7893220782279968,0.7613992691040039,0.4133439362049103,0.4636213183403015,0.662803053855896,0.5813121199607849,-0.4559580683708191,0.06065065413713455,0.0,0.0,1.0,0.20000000298023224,0.4918907582759857,0.5984645485877991,0.6069216132164001
N,1.0,0.0,0.0,0.0,0.0,0.4698677361011505,0.3138723373413086,0.3640632629394531,0.5888572931289673,1.2482908964157104,0.791036069393158,0.7643893361091614,0.4158474802970886,0.479107528924942,0.6644772291183472,0.5819083452224731,-0.4563223123550415,0.06192249059677124,0.0,0.0,1.0,0.20000000298023224,0.493308961391449,0.6027402281761169,0.6125950813293457
N,1.0,0.0,0.0,0.0,0.0,0.46945005655288696,0.31320345401763916,0.363651305437088,0.5925461649894714,1.252475380897522,0.8001807332038879,0.781085193157196,0.42351895570755005,0.4765675365924835,0.6642581820487976,0.5738407969474792,-0.45568573474884033,0.06717958301305771,0.0,0.0,1.0,0.20000000298023224,0.4937434792518616,0.6023560762405396,0.6203380823135376
N,1.0,0.0,0.0,0.0,0.0,0.4703845679759979,0.3143547475337982,0.3649114668369293,0.5902711749076843,1.254015564918518,0.8014919757843018,0.7771005630493164,0.42302626371383667,0.47977104783058167,0.6644399762153625,0.5774664282798767,-0.45584625005722046,0.06300844252109528,0.0,0.0,1.0,0.20000000298023224,0.4948705732822418,0.6032271385192871,0.6203474402427673
N,1.0,0.0,0.0,0.0,0.0,0.4713640809059143,0.317107230424881,0.3669637441635132,0.5874128341674805,1.2554545402526855,0.8008835911750793,0.7770482301712036,0.4215203821659088,0.47911885380744934,0.6619545221328735,0.5769557952880859,-0.4577789306640625,0.06464308500289917,0.0,0.0,1.0,0.20000000298023224,0.4934760332107544,0.6046356558799744,0.6196427941322327
N,1.0,0.0,0.0,0.0,0.0,0.4722203016281128,0.3172043561935425,0.3676528036594391,0.5851293206214905,1.2494019269943237,0.7942237257957458,0.771633505821228,0.41849952936172485,0.47754767537117004,0.6617503762245178,0.5756490230560303,-0.4584263563156128,0.06550130993127823,0.0,0.0,1.0,0.20000000298023224,0.4927530288696289,0.6047949194908142,0.615476131439209
N,1.0,0.0,0.0,0.0,0.0,0.4706546366214752,0.3159711956977844,0.36594220995903015,0.5870672464370728,1.2608346939086914,0.8066695332527161,0.7766029238700867,0.42208045721054077,0.4760769307613373,0.6646494269371033,0.582658588886261,-0.45621585845947266,0.06160298362374306,0.0,0.0,1.0,0.20000000298023224,0.49794068932533264,0.6092599630355835,0.6203574538230896
N,1.0,0.0,0.0,0.0,0.0,0.4738532304763794,0.3195880651473999,0.36809834837913513,0.5837157368659973,1.2506250143051147,0.7924786806106567,0.7685861587524414,0.4145105481147766,0.4789690375328064,0.6619364023208618,0.5809391736984253,-0.4593636095523834,0.0659698024392128,0.0,0.0,1.0,0.20000000298023224,0.49360477924346924,0.6052812933921814,0.6136361360549927
N,1.0,0.0,0.0,0.0,0.0,0.4702955484390259,0.3149472177028656,0.364295095205307,0.5918309688568115,1.2500836849212646,0.8013764023780823,0.7707309126853943,0.4181286692619324,0.4649808406829834,0.6597344279289246,0.5793453454971313,-0.4572933614253998,0.06019273400306702,0.0,0.0,1.0,0.20000000298023224,0.49432361125946045,0.6036474704742432,0.6138042211532593
N,1.0,0.0,0.0,0.0,0.0,0.46991780400276184,0.3135165870189667,0.3636467456817627,0.591564416885376,1.2526644468307495,0.8003824949264526,0.7705105543136597,0.42192962765693665,0.4637581408023834,0.6646670699119568,0.5822883248329163,-0.4566931426525116,0.06076031178236008,0.0,0.0,1.0,0.20000000298023224,0.4949939250946045,0.6021281480789185,0.6141452193260193
N,1.0,0.0,0.0,0.0,0.0,0.47031283378601074,0.3143879175186157,0.36225566267967224,0.5934749245643616,1.2537609338760376,0.802968442440033,0.7738165855407715,0.42140457034111023,0.47063979506492615,0.6633192300796509,0.5840218663215637,-0.45526477694511414,0.06376424431800842,0.0,0.0,1.0,0.20000000298023224,0.49634915590286255,0.6055970788002014,0.6172073483467102
N,1.0,0.0,0.0,0.0,0.0,0.47060513496398926,0.3150695562362671,0.36423343420028687,0.5923063158988953,1.2564501762390137,0.8031021356582642,0.772963285446167,0.41726982593536377,0.4687099754810333,0.6645978689193726,0.5841324329376221,-0.45613908767700195,0.06276290863752365,0.0,0.0,1.0,0.20000000298023224,0.4982469975948334,0.6074120402336121,0.6155112981796265
N,1.0,0.0,0.0,0.0,0.0,0.4705754816532135,0.31434911489486694,0.36236560344696045,0.5956472158432007,1.2614598274230957,0.8139461874961853,0.7846997380256653,0.4248700737953186,0.46549874544143677,0.6653372645378113,0.5836082696914673,-0.45437386631965637,0.06585446000099182,0.0,0.0,1.0,0.20000000298023224,0.5017035603523254,0.6086147427558899,0.6222537159919739
N,1.0,0.0,0.0,0.0,0.0,0.4715051054954529,0.3168451189994812,0.3659611642360687,0.5894469618797302,1.2760367393493652,0.8159849643707275,0.7864552736282349,0.4294060468673706,0.4806036949157715,0.6728004813194275,0.5907752513885498,-0.45523977279663086,0.06383498758077621,0.0,0.0,1.0,0.20000000298023224,0.5029516220092773,0.6127870678901672,0.6281124949455261
N,1.0,0.0,0.0,0.0,0.0,0.4698035418987274,0.31778958439826965,0.36759427189826965,0.5880094766616821,1.2609604597091675,0.8135002255439758,0.7884255051612854,0.42828497290611267,0.48155027627944946,0.6555603742599487,0.5700140595436096,-0.45608624815940857,0.06481396406888962,0.0,0.0,1.0,0.20000000298023224,0.49533870816230774,0.6044740080833435,0.6279402375221252
N,1.0,0.0,0.0,0.0,0.0,0.4739813506603241,0.3197198510169983,0.3753851056098938,0.5820179581642151,1.274953007698059,0.8135302662849426,0.8035359382629395,0.4388129413127899,0.4933502972126007,0.6721483469009399,0.5654582381248474,-0.4565366506576538,0.07307127118110657,0.0,0.0,1.0,0.20000000298023224,0.49891191720962524,0.6127951741218567,0.637307345867157
N,1.0,0.0,0.0,0.0,0.0,0.4751971364021301,0.3223336338996887,0.37478336691856384,0.5808171033859253,1.2921898365020752,0.8242378234863281,0.8038201332092285,0.4476321339607239,0.4881240129470825,0.6781793832778931,0.5839650630950928,-0.4577712416648865,0.07051044702529907,0.0,0.0,1.0,0.20000000298023224,0.5040838718414307,0.6117423176765442,0.640953540802002
N,1.0,0.0,0.0,0.0,0.0,0.4736550450325012,0.31981346011161804,0.37397539615631104,0.586698591709137,1.290507197380066,0.8282924294471741,0.804535448551178,0.4471557140350342,0.48292192816734314,0.6771294474601746,0.5806511044502258,-0.45588070154190063,0.06778257340192795,0.0,0.0,1.0,0.20000000298023224,0.5028170347213745,0.6146857738494873,0.6407263875007629
O,1.0,0.0,0.0,0.0,0.0,0.4642816185951233,0.48254498839378357,0.48289352655410767,0.5070006847381592,1.381519079208374,1.4492584466934204,1.4382091760635376,1.3999031782150269,1.3579633235931396,0.10572602599859238,0.10002400726079941,-0.6064949035644531,0.01733863353729248,0.5,0.0,0.10380992293357849,0.20000000298023224,0.10022218525409698,0.1983722746372223,1.4113335609436035
O,1.0,0.0,0.0,0.0,0.0,0.462240070104599,0.4802320599555969,0.4801074266433716,0.510646402835846,1.3911168575286865,1.4626333713531494,1.4570738077163696,1.4193322658538818,1.3725595474243164,0.10776614397764206,0.10361076146364212,-0.6066238284111023,0.015864748507738113,0.5,0.0,0.08287692815065384,0.20000000298023224,0.0992153063416481,0.19133678078651428,1.427899718284607
O,1.0,0.0,0.0,0.0,0.0,0.4596557319164276,0.4757058620452881,0.4762158989906311,0.4870178699493408,1.4017391204833984,1.4624290466308594,1.454880952835083,1.4291930198669434,1.3952996730804443,0.09430842101573944,0.0913379043340683,-0.6065268516540527,0.01600717566907406,0.5,0.0,0.06037403643131256,0.20000000298023224,0.09061858803033829,0.17502383887767792,1.4354506731033325
O,1.0,0.0,0.0,0.0,0.0,0.45915529131889343,0.4804816246032715,0.48265931010246277,0.5088757872581482,1.3321601152420044,1.3999722003936768,1.3887925148010254,1.3581088781356812,1.3266814947128296,0.1138724833726883,0.1152823194861412,-0.607114315032959,0.013113404624164104,0.5,0.0,0.07073519378900528,0.20000000298023224,0.10060061514377594,0.21231210231781006,1.3683887720108032
O,1.0,0.0,0.0,0.0,0.0,0.45637327432632446,0.4827654957771301,0.48089852929115295,0.48577865958213806,1.366830587387085,1.4590049982070923,1.4547088146209717,1.42172110080719,1.3828517198562622,0.1489892154932022,0.13971543312072754,-0.618675947189331,0.014637106098234653,0.25,0.0,0.0,0.20000000298023224,0.09369993209838867,0.16765186190605164,1.4295716285705566
O,1.0,0.0,0.0,0.0,0.0,0.45297032594680786,0.4786365330219269,0.47422468662261963,0.4815156161785126,1.342979907989502,1.4454433917999268,1.4341793060302734,1.4039885997772217,1.3737173080444336,0.15202943980693817,0.13000641763210297,-0.6159245371818542,0.021219823509454727,0.25,0.0,0.0,0.20000000298023224,0.09556878358125687,0.16310089826583862,1.4143321514129639
O,1.0,0.0,0.0,0.0,0.0,0.4565625786781311,0.47826939821243286,0.47741955518722534,0.48646607995033264,1.3645609617233276,1.448386549949646,1.4407095909118652,1.4080009460449219,1.3774807453155518,0.12733539938926697,0.11931541562080383,-0.6119434833526611,0.013939447700977325,0.5,0.0,0.005942127201706171,0.20000000298023224,0.09377467632293701,0.17140457034111023,1.4186444282531738
O,1.0,0.0,0.0,0.0,0.0,0.4616081416606903,0.4828999936580658,0.4835238456726074,0.5092871189117432,1.3737319707870483,1.4517099857330322,1.4501335620880127,1.4148685932159424,1.370687484741211,0.12247537821531296,0.12359903007745743,-0.61616051197052,0.010714353993535042,0.5,0.0,0.02343881130218506,0.20000000298023224,0.09428311139345169,0.180982768535614,1.4218499660491943
O,1.0,0.0,0.0,0.0,0.0,0.4617750346660614,0.4786960780620575,0.47955358028411865,0.509585976600647,1.3666255474090576,1.4327586889266968,1.4254121780395508,1.3985369205474854,1.3644577264785767,0.0995263010263443,0.09762781113386154,-0.6049634218215942,0.01549755409359932,0.5,0.0,0.09612532705068588,0.20000000298023224,0.09523814171552658,0.1895432025194168,1.4052913188934326
O,1.0,0.0,0.0,0.0,0.0,0.4540922939777374,0.4741359353065491,0.47487273812294006,0.4856376647949219,1.3452359437942505,1.425934076309204,1.4130102396011353,1.4062384366989136,1.3911991119384766,0.11880906671285629,0.11265767365694046,-0.6038936972618103,0.019595399498939514,0.5,0.0,0.04655105620622635,0.20000000298023224,0.0934811532497406,0.1669318825006485,1.4090954065322876
O,1.0,0.0,0.0,0.0,0.0,0.4356866180896759,0.4565187096595764,0.46030083298683167,0.4743136167526245,1.3205335140228271,1.3771389722824097,1.370603322982788,1.384359359741211,1.3864014148712158,0.10483608394861221,0.11543063819408417,-0.575843334197998,0.017597541213035583,0.5,0.0,0.08092697709798813,0.20000000298023224,0.10692213475704193,0.21142837405204773,1.3796257972717285
O,1.0,0.0,0.0,0.0,0.0,0.4406871795654297,0.46054208278656006,0.46518197655677795,0.4793861210346222,1.3184959888458252,1.3733973503112793,1.3710048198699951,1.3802028894424438,1.3779398202896118,0.10028629004955292,0.11600153893232346,-0.5732851624488831,0.01526555884629488,0.5,0.0,0.13651564717292786,0.20000000298023224,0.1099318265914917,0.23120006918907166,1.3756362199783325
O,1.0,0.0,0.0,0.0,0.0,0.43546047806739807,0.4576911926269531,0.46539685130119324,0.48218226432800293,1.2888798713684082,1.3188306093215942,1.3330388069152832,1.3513939380645752,1.3478214740753174,0.09583687037229538,0.13090330362319946,-0.5600609183311462,0.005633007735013962,0.25,0.0,0.1876964420080185,0.20000000298023224,0.12962186336517334,0.2587587833404541,1.3377711772918701
O,1.0,0.0,0.0,0.0,0.0,0.4410783350467682,0.46247413754463196,0.4673309326171875,0.4812372624874115,1.2973190546035767,1.3407533168792725,1.3330763578414917,1.344653606414795,1.3401947021484375,0.09870318323373795,0.11417391151189804,-0.5657467246055603,0.016933776438236237,0.25,0.0,0.1908840835094452,0.20000000298023224,0.10901070386171341,0.2520691752433777,1.3396694660186768
O,1.0,0.0,0.0,0.0,0.0,0.44293835759162903,0.461477130651474,0.46540340781211853,0.47681301832199097,1.3276011943817139,1.3843777179718018,1.3659759759902954,1.3633663654327393,1.3500292301177979,0.09724224358797073,0.10247799009084702,-0.5833359360694885,0.015523218549787998,0.5,0.0,0.08717912435531616,0.20000000298023224,0.09600144624710083,0.22186563909053802,1.365937352180481
O,1.0,0.0,0.0,0.0,0.0,0.44153472781181335,0.4642358422279358,0.46481144428253174,0.47304850816726685,1.3522404432296753,1.4423353672027588,1.4410063028335571,1.4174724817276,1.3666425943374634,0.1342867761850357,0.1352575570344925,-0.5932911038398743,0.014155551791191101,0.5,0.0,0.00518096424639225,0.20000000298023224,0.09526892006397247,0.19569480419158936,1.4168641567230225
O,1.0,0.0,0.0,0.0,0.0,0.4399428367614746,0.4664327800273895,0.4654439389705658,0.4714796245098114,1.3595525026321411,1.4552216529846191,1.4538590908050537,1.4240652322769165,1.357377052307129,0.15115149319171906,0.1468784213066101,-0.5970123410224915,0.01517283171415329,0.25,0.0,0.0,0.20000000298023224,0.09759966284036636,0.19636623561382294,1.422630786895752
O,1.0,0.0,0.0,0.0,0.0,0.4408870339393616,0.4664696753025055,0.4654269516468048,0.46957868337631226,1.3504905700683594,1.4672666788101196,1.4554502964019775,1.4183846712112427,1.3548781871795654,0.16257064044475555,0.1506427675485611,-0.5979138612747192,0.013308905996382236,0.5,0.0,0.0,0.20000000298023224,0.1024528369307518,0.22598715126514435,1.4239948987960815
O,1.0,0.0,0.0,0.0,0.0,0.4415365755558014,0.4692763388156891,0.46627330780029297,0.46783483028411865,1.344128131866455,1.4904372692108154,1.480200171470642,1.4370614290237427,1.3635023832321167,0.191340833902359,0.17471449077129364,-0.6001313924789429,0.014237857423722744,0.25,0.0,0.0,0.20000000298023224,0.11112265288829803,0.22287815809249878,1.4428002834320068
O,1.0,0.0,0.0,0.0,0.0,0.4421863257884979,0.46892881393432617,0.46703436970710754,0.4677979648113251,1.340919017791748,1.4852581024169922,1.4894226789474487,1.4406359195709229,1.3632310628890991,0.18676994740962982,0.1849799007177353,-0.5978792309761047,0.009100929833948612,0.75,0.0,0.0,0.20000000298023224,0.10959260910749435,0.223394975066185,1.4446369409561157
O,1.0,0.0,0.0,0.0,0.0,0.44240736961364746,0.46895265579223633,0.46551749110221863,0.4671161472797394,1.3465139865875244,1.4985276460647583,1.4932249784469604,1.4417158365249634,1.364856481552124,0.19269923865795135,0.1792144775390625,-0.5992158055305481,0.012490419670939445,0.75,0.0,0.0,0.20000000298023224,0.11470527946949005,0.24404136836528778,1.449581265449524
O,1.0,0.0,0.0,0.0,0.0,0.4304763674736023,0.4648054242134094,0.4623132646083832,0.4659987986087799,1.3385040760040283,1.446946144104004,1.4380455017089844,1.4017722606658936,1.3436225652694702,0.1851065456867218,0.17072747647762299,-0.5979220867156982,0.012927352450788021,0.0,0.0,0.0,0.20000000298023224,0.10673073679208755,0.20800885558128357,1.4075965881347656
O,1.0,0.0,0.0,0.0,0.0,0.4300146698951721,0.4667159616947174,0.46262460947036743,0.4669995903968811,1.3287721872329712,1.4316622018814087,1.4304444789886475,1.3971081972122192,1.3501724004745483,0.18933729827404022,0.17397935688495636,-0.6038851141929626,0.01176475454121828,0.0,0.0,0.0,0.20000000298023224,0.1027987077832222,0.2095901072025299,1.4023468494415283
O,1.0,0.0,0.0,0.0,0.0,0.4393705129623413,0.47155675292015076,0.46882084012031555,0.4731079339981079,1.3317713737487793,1.4447591304779053,1.4420253038406372,1.4044026136398315,1.354676365852356,0.1800617277622223,0.16906653344631195,-0.6041256785392761,0.01378613617271185,0.0,0.0,0.0,0.20000000298023224,0.1015242338180542,0.17867214977741241,1.4114658832550049
O,1.0,0.0,0.0,0.0,0.0,0.43802928924560547,0.4706136882305145,0.46836650371551514,0.47103139758110046,1.3064154386520386,1.4147220849990845,1.4143635034561157,1.3841325044631958,1.3458912372589111,0.17629759013652802,0.16859419643878937,-0.6058269739151001,0.009786535054445267,0.0,0.0,0.0,0.20000000298023224,0.09694349020719528,0.19273819029331207,1.3897773027420044
O,1.0,0.0,0.0,0.0,0.0,0.4354480504989624,0.46961846947669983,0.46696940064430237,0.46945056319236755,1.3126356601715088,1.433371663093567,1.4342882633209229,1.4004186391830444,1.3536653518676758,0.19036436080932617,0.1823369413614273,-0.6076483130455017,0.009943662211298943,0.0,0.0,0.0,0.20000000298023224,0.10205591470003128,0.17758697271347046,1.4054360389709473
O,1.0,0.0,0.0,0.0,0.0,0.4358663558959961,0.46990320086479187,0.4668712913990021,0.4699828028678894,1.3192112445831299,1.439691424369812,1.437516689300537,1.3986567258834839,1.3532624244689941,0.1902916133403778,0.17881369590759277,-0.6057146191596985,0.012213275767862797,0.0,0.0,0.0,0.20000000298023224,0.1037265956401825,0.17280961573123932,1.407281756401062
O,1.0,0.0,0.0,0.0,0.0,0.4362737834453583,0.4698284864425659,0.4673213064670563,0.4708401560783386,1.3251935243606567,1.4434802532196045,1.442663311958313,1.4038941860198975,1.3542628288269043,0.18769346177577972,0.17881081998348236,-0.6055075526237488,0.011255205608904362,0.0,0.0,0.0,0.20000000298023224,0.10486437380313873,0.17935925722122192,1.411075234413147
O,1.0,0.0,0.0,0.0,0.0,0.4370546340942383,0.47094258666038513,0.4686206877231598,0.4720752239227295,1.314749836921692,1.4285780191421509,1.4303104877471924,1.3908236026763916,1.3430460691452026,0.18499970436096191,0.17841632664203644,-0.6045718193054199,0.010624373331665993,0.0,0.0,0.0,0.20000000298023224,0.10378845036029816,0.1801704466342926,1.3981895446777344
O,1.0,0.0,0.0,0.0,0.0,0.4386208951473236,0.4723575711250305,0.4706447720527649,0.4738943576812744,1.3257999420166016,1.440407633781433,1.442015290260315,1.3958700895309448,1.3434736728668213,0.18592169880867004,0.18121910095214844,-0.607273280620575,0.0097693195566535,0.0,0.0,0.0,0.20000000298023224,0.10674125701189041,0.17329154908657074,1.4054416418075562
O,1.0,0.0,0.0,0.0,0.0,0.4394019544124603,0.4723191261291504,0.4701162874698639,0.47341039776802063,1.3387374877929688,1.4514049291610718,1.4482002258300781,1.4049341678619385,1.3555941581726074,0.18290606141090393,0.17326074838638306,-0.6046414375305176,0.011920283548533916,0.0,0.0,0.0,0.20000000298023224,0.10358589887619019,0.18198348581790924,1.4150333404541016
O,1.0,0.0,0.0,0.0,0.0,0.4396176040172577,0.47298479080200195,0.47062548995018005,0.474041223526001,1.3399635553359985,1.4541443586349487,1.4541279077529907,1.4096020460128784,1.3576297760009766,0.18554988503456116,0.17750778794288635,-0.606011152267456,0.009663461707532406,0.0,0.0,0.0,0.20000000298023224,0.10715111345052719,0.18687057495117188,1.418876051902771
O,1.0,0.0,0.0,0.0,0.0,0.439090371131897,0.47218841314315796,0.469748318195343,0.4723238945007324,1.3355175256729126,1.4528626203536987,1.450577735900879,1.403214693069458,1.3538471460342407,0.18635901808738708,0.1766243278980255,-0.6066821813583374,0.011178038083016872,0.0,0.0,0.0,0.20000000298023224,0.1066499650478363,0.18051518499851227,1.4151256084442139
O,1.0,0.0,0.0,0.0,0.0,0.4383687376976013,0.47157999873161316,0.4694308042526245,0.4724937379360199,1.3297386169433594,1.4502249956130981,1.4444243907928467,1.3994381427764893,1.348758578300476,0.1883900910615921,0.1772812455892563,-0.6060389876365662,0.012481426820158958,0.0,0.0,0.0,0.20000000298023224,0.10687639564275742,0.18214191496372223,1.4107115268707275
O,1.0,0.0,0.0,0.0,0.0,0.4383949339389801,0.4708285629749298,0.46805885434150696,0.4714106321334839,1.3327049016952515,1.4442179203033447,1.437505841255188,1.3917511701583862,1.3452879190444946,0.18000200390815735,0.16616010665893555,-0.603485643863678,0.014776566997170448,0.0,0.0,0.0,0.20000000298023224,0.10308239609003067,0.17376454174518585,1.4046907424926758
O,1.0,0.0,0.0,0.0,0.0,0.43925896286964417,0.4712495505809784,0.46895551681518555,0.47227248549461365,1.3333187103271484,1.4484882354736328,1.44141685962677,1.3927834033966064,1.3449753522872925,0.18098269402980804,0.16852527856826782,-0.604019820690155,0.01303351391106844,0.0,0.0,0.0,0.20000000298023224,0.10586219280958176,0.1802646815776825,1.4069159030914307
O,1.0,0.0,0.0,0.0,0.0,0.43946513533592224,0.472385436296463,0.4696123003959656,0.4724199175834656,1.3352417945861816,1.45169997215271,1.4470970630645752,1.3985522985458374,1.3483256101608276,0.18514086306095123,0.17271564900875092,-0.6052761673927307,0.012680668383836746,0.0,0.0,0.0,0.20000000298023224,0.10728611797094345,0.17843803763389587,1.4114186763763428
O,1.0,0.0,0.0,0.0,0.0,0.43794646859169006,0.4715441167354584,0.4693632125854492,0.47117841243743896,1.3246240615844727,1.4435733556747437,1.438915491104126,1.3899526596069336,1.3397444486618042,0.18823538720607758,0.17780554294586182,-0.6046658754348755,0.011865818873047829,0.0,0.0,0.0,0.20000000298023224,0.10724695026874542,0.17852619290351868,1.4030464887619019
O,1.0,0.0,0.0,0.0,0.0,0.43992623686790466,0.47186538577079773,0.4701034128665924,0.4749552309513092,1.333263874053955,1.4470489025115967,1.440630316734314,1.4055513143539429,1.3660991191864014,0.17987509071826935,0.16964077949523926,-0.609012246131897,0.012670825235545635,0.0,0.0,0.0,0.20000000298023224,0.10168815404176712,0.16210317611694336,1.4148324728012085
O,1.0,0.0,0.0,0.0,0.0,0.43697261810302734,0.4732185900211334,0.46966803073883057,0.4729157090187073,1.3220192193984985,1.4589407444000244,1.4508966207504272,1.4099379777908325,1.3626160621643066,0.20911581814289093,0.1919080764055252,-0.6127755045890808,0.015109928324818611,0.0,0.0,0.0,0.20000000298023224,0.11192178726196289,0.16180889308452606,1.4205979108810425
O,1.0,0.0,0.0,0.0,0.0,0.4370502233505249,0.472135454416275,0.46858152747154236,0.4720986485481262,1.3070961236953735,1.4423028230667114,1.4383084774017334,1.4017897844314575,1.3630775213241577,0.2028835266828537,0.18881019949913025,-0.6085268259048462,0.014552337117493153,0.0,0.0,0.0,0.20000000298023224,0.10718712955713272,0.16411741077899933,1.4113696813583374
O,1.0,0.0,0.0,0.0,0.0,0.43944039940834045,0.4726336896419525,0.470215767621994,0.4724336266517639,1.3294994831085205,1.4594329595565796,1.457038402557373,1.4126334190368652,1.3616453409194946,0.194841206073761,0.18536408245563507,-0.6086142659187317,0.011144012212753296,0.0,0.0,0.0,0.20000000298023224,0.10850276052951813,0.1777041107416153,1.4226875305175781
O,1.0,0.0,0.0,0.0,0.0,0.43710094690322876,0.47155362367630005,0.4683420956134796,0.469393253326416,1.3076502084732056,1.4399967193603516,1.4334951639175415,1.3962799310684204,1.3493584394454956,0.19888126850128174,0.1840633749961853,-0.6086909770965576,0.012725998647511005,0.0,0.0,0.0,0.20000000298023224,0.10589069128036499,0.18770235776901245,1.4047826528549194
O,1.0,0.0,0.0,0.0,0.0,0.43459609150886536,0.4684326648712158,0.4644422233104706,0.465919554233551,1.2918800115585327,1.414465308189392,1.410173773765564,1.3777399063110352,1.334130883216858,0.18882842361927032,0.17320016026496887,-0.6066285371780396,0.01219518668949604,0.0,0.0,0.0,0.20000000298023224,0.1016659289598465,0.1828029304742813,1.3841274976730347
O,1.0,0.0,0.0,0.0,0.0,0.43169131875038147,0.4643339514732361,0.4605924189090729,0.46299490332603455,1.30229651927948,1.427032709121704,1.4244385957717896,1.3892167806625366,1.343982458114624,0.18731260299682617,0.17378370463848114,-0.6040129661560059,0.010753669776022434,0.0,0.0,0.0,0.20000000298023224,0.10094083845615387,0.18400830030441284,1.3961676359176636
O,1.0,0.0,0.0,0.0,0.0,0.4317851960659027,0.46376535296440125,0.46015825867652893,0.46142059564590454,1.303731083869934,1.4248112440109253,1.4226933717727661,1.3859974145889282,1.3378303050994873,0.18274252116680145,0.16993923485279083,-0.604346513748169,0.009198449552059174,0.25,0.0,0.0,0.20000000298023224,0.1000930517911911,0.18807865679264069,1.3928331136703491
O,1.0,0.0,0.0,0.0,0.0,0.4319816529750824,0.46432915329933167,0.46014997363090515,0.4616798460483551,1.3055410385131836,1.4350422620773315,1.43433678150177,1.396684169769287,1.345436692237854,0.1900051385164261,0.1767573058605194,-0.6052791476249695,0.01017424464225769,0.25,0.0,0.0,0.20000000298023224,0.10277868062257767,0.1874229609966278,1.4028749465942383
O,1.0,0.0,0.0,0.0,0.0,0.43303248286247253,0.4649604558944702,0.4601670503616333,0.46223127841949463,1.3086378574371338,1.4323580265045166,1.427581787109375,1.392308235168457,1.343895673751831,0.18479621410369873,0.1664789468050003,-0.6062682271003723,0.012255411595106125,0.25,0.0,0.0,0.20000000298023224,0.100834921002388,0.1877380907535553,1.399035930633545
O,1.0,0.0,0.0,0.0,0.0,0.43215441703796387,0.4644026458263397,0.460077166557312,0.4619012773036957,1.3031619787216187,1.4290696382522583,1.4248498678207397,1.3914506435394287,1.343653917312622,0.1869516670703888,0.1705496609210968,-0.6037137508392334,0.011400272138416767,0.25,0.0,0.0,0.20000000298023224,0.10080477595329285,0.19445644319057465,1.3972560167312622
O,1.0,0.0,0.0,0.0,0.0,0.43357139825820923,0.4659273326396942,0.4624023735523224,0.4640183448791504,1.3095899820327759,1.4375499486923218,1.430764079093933,1.3880821466445923,1.3412892818450928,0.18923282623291016,0.173333078622818,-0.6040252447128296,0.012353126890957355,0.0,0.0,0.0,0.20000000298023224,0.10347491502761841,0.1759946048259735,1.3994213342666626
O,1.0,0.0,0.0,0.0,0.0,0.4336918294429779,0.46718284487724304,0.4636428952217102,0.46425560116767883,1.311751127243042,1.4360811710357666,1.4323567152023315,1.3843787908554077,1.3315961360931396,0.19050629436969757,0.1765463799238205,-0.6051874756813049,0.011249604634940624,0.0,0.0,0.0,0.20000000298023224,0.10660097002983093,0.17865322530269623,1.3961032629013062
O,1.0,0.0,0.0,0.0,0.0,0.4349067807197571,0.46833786368370056,0.46527406573295593,0.4672277569770813,1.3234384059906006,1.4455376863479614,1.4432265758514404,1.3940153121948242,1.3457401990890503,0.18971382081508636,0.17810119688510895,-0.6062063574790955,0.010958458296954632,0.0,0.0,0.0,0.20000000298023224,0.10573019087314606,0.16770508885383606,1.4071300029754639
O,1.0,0.0,0.0,0.0,0.0,0.4320553243160248,0.46652525663375854,0.462772935628891,0.46419310569763184,1.3145442008972168,1.4432028532028198,1.4429510831832886,1.3953657150268555,1.3446022272109985,0.19692362844944,0.1847676932811737,-0.6028476357460022,0.010571555234491825,0.0,0.0,0.0,0.20000000298023224,0.10845616459846497,0.1768900454044342,1.406530499458313
O,1.0,0.0,0.0,0.0,0.0,0.4324962794780731,0.46561405062675476,0.4615650773048401,0.46321243047714233,1.319193720817566,1.4463450908660889,1.4414448738098145,1.3960578441619873,1.3518856763839722,0.1918404996395111,0.17547869682312012,-0.6047729849815369,0.011255240067839622,0.0,0.0,0.0,0.20000000298023224,0.10474685579538345,0.18099896609783173,1.408933401107788
O,1.0,0.0,0.0,0.0,0.0,0.43482711911201477,0.46812906861305237,0.46416088938713074,0.4657728374004364,1.3214309215545654,1.4425978660583496,1.4321614503860474,1.3887125253677368,1.3419535160064697,0.18848846852779388,0.16829122602939606,-0.6115846633911133,0.011885159648954868,0.0,0.0,0.0,0.20000000298023224,0.10423201322555542,0.1865726113319397,1.4013563394546509
O,1.0,0.0,0.0,0.0,0.0,0.4411391615867615,0.4720023274421692,0.4671943485736847,0.46859389543533325,1.3044788837432861,1.432760238647461,1.4072456359863281,1.3796409368515015,1.3214449882507324,0.18442656099796295,0.151174858212471,-0.6158387064933777,0.01830413192510605,0.25,0.0,0.0,0.20000000298023224,0.10249888151884079,0.20600490272045135,1.3852729797363281
O,1.0,0.0,0.0,0.0,0.0,0.44481417536735535,0.4741409420967102,0.46922412514686584,0.47165706753730774,1.3006047010421753,1.429394006729126,1.4038312435150146,1.3787050247192383,1.3158925771713257,0.1798783391714096,0.14624544978141785,-0.6155486106872559,0.020246470347046852,0.25,0.0,0.0,0.20000000298023224,0.10029536485671997,0.21149136126041412,1.3819557428359985
O,1.0,0.0,0.0,0.0,0.0,0.44630542397499084,0.4754261374473572,0.47096115350723267,0.4731530249118805,1.2982697486877441,1.4355521202087402,1.4150887727737427,1.3880488872528076,1.318948745727539,0.18556468188762665,0.1570471227169037,-0.6185566782951355,0.018337424844503403,0.25,0.0,0.0,0.20000000298023224,0.1027487963438034,0.20309805870056152,1.3894096612930298
O,1.0,0.0,0.0,0.0,0.0,0.4459322392940521,0.47544535994529724,0.4702519476413727,0.47288769483566284,1.2986581325531006,1.433169960975647,1.4020960330963135,1.3780741691589355,1.3130714893341064,0.18461328744888306,0.1460244506597519,-0.6188706755638123,0.02218230627477169,0.25,0.0,0.0,0.20000000298023224,0.10309239476919174,0.2116047739982605,1.3816028833389282
O,1.0,0.0,0.0,0.0,0.0,0.44678372144699097,0.4751396179199219,0.47035640478134155,0.47342559695243835,1.3026540279388428,1.4322530031204224,1.4066447019577026,1.3819856643676758,1.3192646503448486,0.1777414232492447,0.14442531764507294,-0.6195513606071472,0.01993951015174389,0.25,0.0,0.0,0.20000000298023224,0.10115611553192139,0.213619202375412,1.3850369453430176
P,1.0,1.0,1.0,1.0,1.0,0.18279682099819183,0.10183565318584442,0.29828211665153503,0.32897889614105225,0.8604044914245605,2.3914737701416016,1.507285475730896,1.6604863405227661,1.6700021028518677,1.970455288887024,0.7663534283638,-0.8732998371124268,0.49317169189453125,0.0,1.0,1.0,1.0,1.2856974601745605,1.236619472503662,1.8073118925094604
P,1.0,1.0,1.0,1.0,1.0,0.16974054276943207,0.10737109184265137,0.2932051718235016,0.32097017765045166,0.8673698306083679,2.4466049671173096,1.5329588651657104,1.6532790660858154,1.665682077407837,2.0008182525634766,0.8003466129302979,-0.8720695376396179,0.4985436499118805,0.0,1.0,1.0,1.0,1.2901527881622314,1.2126144170761108,1.8246312141418457
P,1.0,1.0,1.0,1.0,1.0,0.1694260984659195,0.10528682917356491,0.29829031229019165,0.323896199464798,0.8637107014656067,2.4331562519073486,1.5425540208816528,1.65646231174469,1.6311817169189453,1.9833502769470215,0.8223273158073425,-0.8741455674171448,0.49914634227752686,0.0,1.0,1.0,1.0,1.2819151878356934,1.2027533054351807,1.8158385753631592
P,1.0,1.0,1.0,1.0,1.0,0.20408456027507782,0.09225399047136307,0.31587764620780945,0.33865219354629517,0.9426913261413574,2.5267460346221924,1.6610559225082397,1.763700246810913,1.7758591175079346,2.104477643966675,0.8409610390663147,-0.8822327852249146,0.4870562255382538,0.0,1.0,1.0,1.0,1.3460041284561157,1.3326199054718018,1.9318403005599976
P,1.0,1.0,1.0,1.0,1.0,0.16159333288669586,0.10607520490884781,0.28657588362693787,0.319455087184906,0.8564043641090393,2.436901092529297,1.4895761013031006,1.647925853729248,1.6578254699707031,1.9719983339309692,0.7714036107063293,-0.866566002368927,0.4892789125442505,0.0,1.0,1.0,1.0,1.2923040390014648,1.2447454929351807,1.808057188987732
P,1.0,1.0,1.0,1.0,1.0,0.19289804995059967,0.09779905527830124,0.30715033411979675,0.3351914584636688,0.9132858514785767,2.500579833984375,1.6291252374649048,1.734238862991333,1.7865303754806519,2.0725479125976562,0.8378920555114746,-0.8675140142440796,0.4806153178215027,0.0,1.0,1.0,1.0,1.3545433282852173,1.3073302507400513,1.912618637084961
P,1.0,1.0,1.0,1.0,1.0,0.1603175401687622,0.1016325056552887,0.2864179015159607,0.3167963922023773,0.8618327975273132,2.4048280715942383,1.501288890838623,1.629543423652649,1.6204816102981567,1.9253543615341187,0.7805895805358887,-0.869342029094696,0.48526713252067566,0.0,1.0,1.0,1.0,1.2526137828826904,1.1835527420043945,1.7890355587005615
P,1.0,1.0,1.0,1.0,1.0,0.1904916763305664,0.09823733568191528,0.3060842454433441,0.3326941132545471,0.8956220149993896,2.481983184814453,1.6083459854125977,1.72835373878479,1.7569689750671387,2.055112838745117,0.8341808915138245,-0.8764516711235046,0.48833245038986206,0.0,1.0,1.0,1.0,1.3354178667068481,1.2816355228424072,1.8939129114151
P,1.0,1.0,1.0,1.0,1.0,0.1686926782131195,0.10886809229850769,0.2903411090373993,0.3239476978778839,0.8613182902336121,2.450266122817993,1.5058391094207764,1.6538983583450317,1.6772592067718506,2.0075645446777344,0.776237964630127,-0.8640455007553101,0.49260884523391724,0.0,1.0,1.0,1.0,1.3145742416381836,1.2558212280273438,1.8218156099319458
P,1.0,1.0,1.0,1.0,1.0,0.17064327001571655,0.10746543854475021,0.29533347487449646,0.32458457350730896,0.8719573020935059,2.481943368911743,1.551293969154358,1.675700068473816,1.7004203796386719,2.0350983142852783,0.8163471221923828,-0.8673824071884155,0.49251943826675415,0.0,1.0,1.0,1.0,1.3290408849716187,1.2797492742538452,1.852339506149292
P,1.0,1.0,1.0,1.0,1.0,0.1298229843378067,0.11707431823015213,0.27255475521087646,0.3059718906879425,0.8038538694381714,2.403984308242798,1.413231611251831,1.5603868961334229,1.55515718460083,1.9146573543548584,0.77198326587677,-0.8513329029083252,0.4934620261192322,0.0,1.0,1.0,1.0,1.256463646888733,1.191266417503357,1.7331899404525757
P,1.0,1.0,1.0,1.0,1.0,0.1660023033618927,0.10686321556568146,0.288674920797348,0.3177269697189331,0.8544043302536011,2.433246374130249,1.5117547512054443,1.633725881576538,1.6475931406021118,1.9822160005569458,0.7884079813957214,-0.8689932823181152,0.4919697344303131,0.0,1.0,1.0,1.0,1.2781442403793335,1.2239598035812378,1.8065800666809082
P,1.0,1.0,1.0,1.0,1.0,0.15881119668483734,0.10985743254423141,0.2853230834007263,0.316438227891922,0.8669981956481934,2.495006561279297,1.5090312957763672,1.662829875946045,1.6656218767166138,2.025373935699463,0.784965455532074,-0.8690122365951538,0.49531427025794983,0.0,1.0,1.0,1.0,1.3146450519561768,1.252112865447998,1.8331223726272583
P,1.0,1.0,1.0,1.0,1.0,0.15661214292049408,0.1066301241517067,0.2842447757720947,0.3168432116508484,0.868281900882721,2.4549121856689453,1.5010803937911987,1.6456317901611328,1.6379108428955078,1.9733251333236694,0.7792248725891113,-0.8704132437705994,0.4916992485523224,0.0,1.0,1.0,1.0,1.2836514711380005,1.2164554595947266,1.8098838329315186
P,1.0,1.0,1.0,1.0,1.0,0.15977367758750916,0.10641326010227203,0.2876196801662445,0.3172743320465088,0.8700552582740784,2.440922975540161,1.5050323009490967,1.6382719278335571,1.6229333877563477,1.9667819738388062,0.7820529937744141,-0.871907651424408,0.4937763810157776,0.0,1.0,1.0,1.0,1.2727322578430176,1.221988558769226,1.8017901182174683
P,1.0,1.0,1.0,1.0,1.0,0.18416953086853027,0.10083799809217453,0.29768505692481995,0.32195064425468445,0.9143550992012024,2.466409683227539,1.5796763896942139,1.7035317420959473,1.7006756067276,2.024658679962158,0.7901943922042847,-0.8834992051124573,0.4938408136367798,0.0,1.0,1.0,1.0,1.291074514389038,1.2509548664093018,1.8625733852386475
P,1.0,1.0,1.0,1.0,1.0,0.17098206281661987,0.10696952790021896,0.29634299874305725,0.3251066207885742,0.8700145483016968,2.4668190479278564,1.5412020683288574,1.688734531402588,1.673639178276062,2.0211026668548584,0.8098105192184448,-0.8694273233413696,0.4955456256866455,0.0,1.0,1.0,1.0,1.3191498517990112,1.2652333974838257,1.8425986766815186
P,1.0,1.0,1.0,1.0,1.0,0.10923624783754349,0.11630787700414658,0.2700086236000061,0.30174073576927185,0.738871693611145,2.2812206745147705,1.3319133520126343,1.465936541557312,1.4563440084457397,1.7861332893371582,0.7729558348655701,-0.8330492377281189,0.48331210017204285,0.0,1.0,1.0,1.0,1.1984803676605225,1.1445939540863037,1.6338536739349365
P,1.0,1.0,1.0,1.0,1.0,0.16126666963100433,0.10999740660190582,0.2938418984413147,0.3196973502635956,0.826425313949585,2.4042909145355225,1.499634027481079,1.6030864715576172,1.5995075702667236,1.9614897966384888,0.8155413866043091,-0.8497862815856934,0.4908980131149292,0.0,1.0,1.0,1.0,1.2755284309387207,1.184172511100769,1.7766296863555908
P,1.0,1.0,1.0,1.0,1.0,0.09758565574884415,0.12057236582040787,0.2776389420032501,0.30406802892684937,0.7218912243843079,2.291576385498047,1.3480364084243774,1.4343048334121704,1.4060518741607666,1.7919307947158813,0.8337939977645874,-0.8159738779067993,0.481760710477829,0.0,1.0,1.0,1.0,1.202152967453003,1.1371004581451416,1.6199923753738403
P,1.0,1.0,1.0,1.0,1.0,0.14248572289943695,0.11335828900337219,0.2875632345676422,0.3144601583480835,0.7973587512969971,2.3562750816345215,1.454372763633728,1.5823183059692383,1.5623500347137451,1.8920942544937134,0.817570686340332,-0.8430960774421692,0.48647716641426086,0.0,1.0,1.0,1.0,1.2566736936569214,1.1873319149017334,1.7388290166854858
P,1.0,1.0,1.0,1.0,1.0,0.16618570685386658,0.10960648208856583,0.2919723391532898,0.32083040475845337,0.8517411947250366,2.410787582397461,1.5047167539596558,1.6228687763214111,1.619470477104187,1.969271183013916,0.7898891568183899,-0.854263424873352,0.49036821722984314,0.0,1.0,1.0,1.0,1.2781037092208862,1.189905047416687,1.7894608974456787
P,1.0,1.0,1.0,1.0,1.0,0.15752176940441132,0.1134134829044342,0.29169535636901855,0.3170538544654846,0.8367121815681458,2.4288151264190674,1.5052841901779175,1.6069536209106445,1.5896800756454468,1.9799845218658447,0.8169934153556824,-0.856995701789856,0.4984915554523468,0.0,1.0,1.0,1.0,1.2772482633590698,1.1846415996551514,1.782683253288269
P,1.0,1.0,1.0,1.0,1.0,0.16323715448379517,0.11265953630208969,0.2928922176361084,0.32142049074172974,0.8417492508888245,2.456735610961914,1.4991916418075562,1.6271402835845947,1.6274489164352417,2.0166561603546143,0.7992019057273865,-0.8511558175086975,0.4942992329597473,0.0,1.0,1.0,1.0,1.3043804168701172,1.2181016206741333,1.8026291131973267
P,1.0,1.0,1.0,1.0,1.0,0.15956921875476837,0.11105342209339142,0.28613921999931335,0.3156847357749939,0.8624481558799744,2.4688827991485596,1.493740439414978,1.621325135231018,1.6396253108978271,2.0072896480560303,0.7743062376976013,-0.8622606992721558,0.495866596698761,0.0,1.0,1.0,1.0,1.2913131713867188,1.2249069213867188,1.8058934211730957
P,1.0,1.0,1.0,1.0,1.0,0.16913971304893494,0.109459787607193,0.29877355694770813,0.3225403130054474,0.875166118144989,2.4634530544281006,1.5624672174453735,1.684353232383728,1.6654738187789917,2.0177814960479736,0.8343037366867065,-0.8675966858863831,0.498227596282959,0.0,1.0,1.0,1.0,1.3106368780136108,1.2354042530059814,1.8439369201660156
P,1.0,1.0,1.0,1.0,1.0,0.12605831027030945,0.12031334638595581,0.27734535932540894,0.30600062012672424,0.7747551798820496,2.3311078548431396,1.3950260877609253,1.5192853212356567,1.4894496202468872,1.8577511310577393,0.7901396751403809,-0.8378744721412659,0.4928722381591797,0.0,1.0,1.0,1.0,1.2239594459533691,1.151440143585205,1.6837172508239746
P,1.0,1.0,1.0,1.0,1.0,0.15723657608032227,0.11571356654167175,0.28870898485183716,0.3165704905986786,0.8460098505020142,2.4534389972686768,1.4958553314208984,1.625688076019287,1.6087887287139893,2.0046920776367188,0.7969555258750916,-0.8556317090988159,0.49882304668426514,0.0,1.0,1.0,1.0,1.2931017875671387,1.2100459337234497,1.795942783355713
P,1.0,1.0,1.0,1.0,1.0,0.15750741958618164,0.11948492377996445,0.29247239232063293,0.31647196412086487,0.8198404312133789,2.4095165729522705,1.4847623109817505,1.588842749595642,1.5487669706344604,1.9826494455337524,0.8109887838363647,-0.8466993570327759,0.5017931461334229,0.0,1.0,1.0,1.0,1.2720659971237183,1.1821398735046387,1.7579721212387085
P,1.0,1.0,1.0,1.0,1.0,0.12884342670440674,0.12271742522716522,0.283530592918396,0.309884637594223,0.7713108658790588,2.3538131713867188,1.433571457862854,1.5358158349990845,1.5022674798965454,1.892205834388733,0.83343905210495,-0.8393215537071228,0.49928227066993713,0.0,1.0,1.0,1.0,1.25053071975708,1.150599718093872,1.706367015838623
P,1.0,1.0,1.0,1.0,1.0,0.07759477198123932,0.128536656498909,0.12058594077825546,0.29882895946502686,0.6689226031303406,2.237295150756836,1.5091164112091064,1.376341700553894,1.320637583732605,1.75093412399292,0.8510652184486389,-0.788896918296814,0.33087635040283203,0.0,1.0,1.0,1.0,1.2583812475204468,1.111796259880066,1.6108477115631104
P,1.0,1.0,1.0,1.0,1.0,0.1123972162604332,0.12181255966424942,0.2801966965198517,0.303577721118927,0.7240913510322571,2.3004353046417236,1.3419630527496338,1.4506620168685913,1.4199055433273315,1.829400897026062,0.8034933805465698,-0.8207021355628967,0.48908740282058716,0.0,1.0,1.0,1.0,1.2042381763458252,1.1422470808029175,1.6282414197921753
P,1.0,1.0,1.0,1.0,1.0,0.11489610373973846,0.12514451146125793,0.28080829977989197,0.30462440848350525,0.7274249196052551,2.3255300521850586,1.3360639810562134,1.4527658224105835,1.4230165481567383,1.8631196022033691,0.7928169369697571,-0.8188807964324951,0.49426954984664917,0.0,1.0,1.0,1.0,1.2202486991882324,1.166386604309082,1.6343441009521484
P,1.0,1.0,1.0,1.0,1.0,0.09838499128818512,0.1276155412197113,0.2679145932197571,0.30545732378959656,0.6809918284416199,2.2665510177612305,1.320287823677063,1.393225908279419,1.3675432205200195,1.8055301904678345,0.8110262155532837,-0.8015834093093872,0.4753108322620392,0.0,1.0,1.0,1.0,1.2003380060195923,1.1340243816375732,1.5869020223617554
P,1.0,1.0,1.0,1.0,1.0,0.09366051852703094,0.12730807065963745,0.27672961354255676,0.3004646897315979,0.6967567205429077,2.297636032104492,1.3153564929962158,1.4242026805877686,1.3802721500396729,1.8176369667053223,0.823133647441864,-0.8125380873680115,0.4920760989189148,0.0,1.0,1.0,1.0,1.2092314958572388,1.1175739765167236,1.6043668985366821
P,1.0,1.0,1.0,1.0,1.0,0.09436973929405212,0.12621745467185974,0.25800052285194397,0.30665674805641174,0.6979798078536987,2.297968626022339,1.3273929357528687,1.4166154861450195,1.3825515508651733,1.8165639638900757,0.79727703332901,-0.8022077083587646,0.4682627022266388,0.0,1.0,1.0,1.0,1.2211804389953613,1.1430803537368774,1.60613214969635
P,1.0,1.0,1.0,1.0,1.0,0.11947929859161377,0.128598153591156,0.2866014540195465,0.30864155292510986,0.7423235177993774,2.3644912242889404,1.4023005962371826,1.4906883239746094,1.465335726737976,1.9091002941131592,0.8461594581604004,-0.8245245814323425,0.50139319896698,0.0,1.0,1.0,1.0,1.2568639516830444,1.1825246810913086,1.6807039976119995
P,1.0,1.0,1.0,1.0,1.0,0.16140921413898468,0.1211666464805603,0.3144702911376953,0.32881274819374084,0.7789267301559448,2.416187286376953,1.559493064880371,1.6195508241653442,1.6019079685211182,2.0171589851379395,0.9406305551528931,-0.8275608420372009,0.49820905923843384,0.0,1.0,1.0,1.0,1.3264720439910889,1.2203396558761597,1.799284815788269
P,1.0,1.0,1.0,1.0,1.0,0.09731676429510117,0.12718623876571655,0.27691105008125305,0.30113306641578674,0.6943726539611816,2.3262641429901123,1.3335744142532349,1.4643819332122803,1.437204122543335,1.8530586957931519,0.8340378999710083,-0.8053895235061646,0.4865472614765167,0.0,1.0,1.0,1.0,1.237987756729126,1.1501491069793701,1.640356183052063
P,1.0,1.0,1.0,1.0,1.0,0.11272609233856201,0.12557798624038696,0.28354161977767944,0.30366918444633484,0.7079097628593445,2.3100011348724365,1.367917776107788,1.4855003356933594,1.4492689371109009,1.8550533056259155,0.8413360118865967,-0.8113468885421753,0.4866328537464142,0.0,1.0,1.0,1.0,1.2312324047088623,1.171573519706726,1.6531720161437988
P,1.0,1.0,1.0,1.0,1.0,0.08730961382389069,0.13137346506118774,0.2694884240627289,0.2971722483634949,0.6961323618888855,2.3521249294281006,1.3202177286148071,1.4428682327270508,1.366050362586975,1.8668732643127441,0.8260751366615295,-0.7967765927314758,0.48599737882614136,0.0,1.0,1.0,1.0,1.2324656248092651,1.1195399761199951,1.6203153133392334
P,1.0,1.0,1.0,1.0,1.0,0.1057310402393341,0.12829390168190002,0.2798851728439331,0.29978466033935547,0.7076744437217712,2.310549020767212,1.3705940246582031,1.4837030172348022,1.4483007192611694,1.8476860523223877,0.8500785231590271,-0.813572347164154,0.4892802834510803,0.0,1.0,1.0,1.0,1.2287167310714722,1.156550645828247,1.6532866954803467
P,1.0,1.0,1.0,1.0,1.0,0.08162979781627655,0.13124290108680725,0.26496732234954834,0.29461196064949036,0.6940307021141052,2.347072124481201,1.3099079132080078,1.4429659843444824,1.4343048334121704,1.8531922101974487,0.8201537728309631,-0.7966306805610657,0.4814792573451996,0.0,1.0,1.0,1.0,1.2434778213500977,1.1579651832580566,1.6335628032684326
P,1.0,1.0,1.0,1.0,1.0,0.09514934569597244,0.13004980981349945,0.27807408571243286,0.2960226535797119,0.6747530102729797,2.2883434295654297,1.3341224193572998,1.4387335777282715,1.3918167352676392,1.8288869857788086,0.8508636951446533,-0.7990154027938843,0.48544642329216003,0.0,1.0,1.0,1.0,1.2088093757629395,1.1214025020599365,1.6132540702819824
P,1.0,1.0,1.0,1.0,1.0,0.08792196214199066,0.13158626854419708,0.2780908942222595,0.29798322916030884,0.661336362361908,2.2808737754821777,1.3460859060287476,1.4380342960357666,1.3824748992919922,1.819961667060852,0.8816373944282532,-0.7918016314506531,0.48223093152046204,0.0,1.0,1.0,1.0,1.2174886465072632,1.0920052528381348,1.6118671894073486
P,1.0,1.0,1.0,1.0,1.0,0.10289505869150162,0.13174480199813843,0.2765015661716461,0.29753610491752625,0.6889089941978455,2.2898433208465576,1.3860752582550049,1.4895968437194824,1.4710413217544556,1.839035153388977,0.8735616207122803,-0.7963249683380127,0.479611337184906,0.0,1.0,1.0,1.0,1.236973762512207,1.1426109075546265,1.6591391563415527
P,1.0,1.0,1.0,1.0,1.0,0.09459172189235687,0.13502226769924164,0.2770809531211853,0.29583996534347534,0.6824029088020325,2.2940595149993896,1.356478214263916,1.470861792564392,1.4400279521942139,1.837747573852539,0.8662465214729309,-0.7949548959732056,0.4872439503669739,0.0,1.0,1.0,1.0,1.2327685356140137,1.126958966255188,1.6403568983078003
P,1.0,1.0,1.0,1.0,1.0,0.09319394826889038,0.14409184455871582,0.2762918770313263,0.2986568510532379,0.6757782697677612,2.3264927864074707,1.326620101928711,1.461678147315979,1.4142372608184814,1.8864823579788208,0.8438823223114014,-0.7859686017036438,0.49737051129341125,0.0,1.0,1.0,1.0,1.2611769437789917,1.1401495933532715,1.632257103919983
P,1.0,1.0,1.0,1.0,1.0,0.10135888308286667,0.14043192565441132,0.27624085545539856,0.3034762144088745,0.6947032809257507,2.344158411026001,1.3539283275604248,1.4895433187484741,1.452818751335144,1.9015861749649048,0.8434573411941528,-0.7931431531906128,0.495523601770401,0.0,1.0,1.0,1.0,1.2756304740905762,1.153995156288147,1.6601122617721558
P,1.0,1.0,1.0,1.0,1.0,0.09810493886470795,0.13857367634773254,0.2749577760696411,0.29696738719940186,0.6938255429267883,2.3937485218048096,1.3535027503967285,1.4469350576400757,1.3794159889221191,1.9407280683517456,0.8471618294715881,-0.7961565852165222,0.4986746609210968,0.0,1.0,1.0,1.0,1.2573261260986328,1.1202197074890137,1.6434005498886108
P,1.0,1.0,1.0,1.0,1.0,0.08352986723184586,0.13746213912963867,0.26788273453712463,0.29223039746284485,0.6915996670722961,2.3243842124938965,1.321874737739563,1.4597746133804321,1.4230107069015503,1.8466737270355225,0.83391934633255,-0.7985047698020935,0.49363991618156433,0.0,1.0,1.0,1.0,1.2400083541870117,1.1105481386184692,1.632261037826538
P,1.0,1.0,1.0,1.0,1.0,0.07043062895536423,0.14182794094085693,0.2625378966331482,0.29147353768348694,0.6623512506484985,2.31097149848938,1.276719093322754,1.4008649587631226,1.3633272647857666,1.836772084236145,0.8223295211791992,-0.791415810585022,0.4934147000312805,0.0,1.0,1.0,1.0,1.2258776426315308,1.1228642463684082,1.5879707336425781
P,1.0,1.0,1.0,1.0,1.0,0.0970478355884552,0.1409730315208435,0.2761710286140442,0.3005877435207367,0.6819893717765808,2.368926525115967,1.3384463787078857,1.4560692310333252,1.3987482786178589,1.9255640506744385,0.844063937664032,-0.7929727435112,0.49929481744766235,0.0,1.0,1.0,1.0,1.2668969631195068,1.1357159614562988,1.6405476331710815
P,1.0,1.0,1.0,1.0,1.0,0.07506195455789566,0.14790332317352295,0.24891826510429382,0.2958231568336487,0.655903160572052,2.3127377033233643,1.3029481172561646,1.401192545890808,1.3614760637283325,1.859959363937378,0.8169073462486267,-0.7843868136405945,0.4845033586025238,0.0,1.0,1.0,1.0,1.2440706491470337,1.1318851709365845,1.5945886373519897
P,1.0,1.0,1.0,1.0,1.0,0.09598573297262192,0.14404436945915222,0.279213547706604,0.30072522163391113,0.6762547492980957,2.412065029144287,1.3425275087356567,1.4127802848815918,1.3563883304595947,1.974194884300232,0.8582136631011963,-0.7911988496780396,0.5073468089103699,0.0,1.0,1.0,1.0,1.268933892250061,1.1239013671875,1.630940318107605
P,1.0,1.0,1.0,1.0,1.0,0.10349472612142563,0.14088881015777588,0.2640971839427948,0.3073683977127075,0.6764916181564331,2.336843252182007,1.3912307024002075,1.4619171619415283,1.4299259185791016,1.908851146697998,0.8633658289909363,-0.7915071845054626,0.48201531171798706,0.0,1.0,1.0,1.0,1.2721277475357056,1.1415401697158813,1.6549792289733887
P,1.0,1.0,1.0,1.0,1.0,0.07939892262220383,0.15058504045009613,0.27490267157554626,0.2978281080722809,0.643817663192749,2.3055500984191895,1.3025742769241333,1.3764982223510742,1.301957607269287,1.8716577291488647,0.8605201840400696,-0.7797655463218689,0.5026443600654602,0.0,1.0,1.0,1.0,1.2318685054779053,1.0956183671951294,1.5716450214385986
P,1.0,1.0,1.0,1.0,1.0,0.09260480850934982,0.14617615938186646,0.2793244421482086,0.3016098737716675,0.659450352191925,2.402717113494873,1.3347996473312378,1.4002799987792969,1.3384162187576294,1.97219979763031,0.8662537932395935,-0.7862211465835571,0.5077677369117737,0.0,1.0,1.0,1.0,1.2716293334960938,1.112027883529663,1.6190532445907593
P,1.0,1.0,1.0,1.0,1.0,0.09768947213888168,0.14485377073287964,0.28421300649642944,0.30619755387306213,0.6624621748924255,2.4325010776519775,1.3441885709762573,1.41118586063385,1.3518697023391724,2.0060513019561768,0.8728496432304382,-0.7854947447776794,0.5076060891151428,0.0,1.0,1.0,1.0,1.2891682386398315,1.1445008516311646,1.6349363327026367
P,1.0,1.0,1.0,1.0,1.0,0.10875849425792694,0.13987471163272858,0.2861526310443878,0.3060978353023529,0.6935870051383972,2.3526980876922607,1.3707215785980225,1.4594558477401733,1.3901193141937256,1.923187255859375,0.8638424873352051,-0.7988465428352356,0.5052750706672668,0.0,1.0,1.0,1.0,1.260628342628479,1.129056453704834,1.6432487964630127
Q,1.0,1.0,1.0,0.0,0.0,0.626117467880249,0.5760343670845032,0.5344673991203308,0.4576951563358307,1.9690420627593994,2.7721824645996094,1.201766014099121,1.1517834663391113,1.1900534629821777,1.6654108762741089,0.8851747512817383,0.8126553297042847,0.336841881275177,0.0,0.0,0.0,0.6000000238418579,1.060335397720337,0.7249905467033386,1.5789463520050049
Q,1.0,1.0,1.0,0.0,0.0,0.6277642250061035,0.5938469767570496,0.5422340631484985,0.46290677785873413,1.862351894378662,2.73752760887146,1.168108582496643,1.1213232278823853,1.2164125442504883,1.771690845489502,0.7988100051879883,0.8518283367156982,0.3459882438182831,0.0,0.0,0.0,0.6000000238418579,1.0573208332061768,0.8558112382888794,1.5608429908752441
Q,1.0,1.0,1.0,0.0,0.0,0.6397139430046082,0.5889699459075928,0.5498287677764893,0.462313711643219,1.8592466115951538,2.6668410301208496,1.132385492324829,1.0872001647949219,1.1801056861877441,1.7615939378738403,0.8337252140045166,0.8509851694107056,0.3510340452194214,0.0,0.0,0.0,0.6000000238418579,1.0574707984924316,0.8399366140365601,1.516633152961731
Q,1.0,1.0,1.0,0.0,0.0,0.6522108316421509,0.5838749408721924,0.5731658935546875,0.49889689683914185,1.9154694080352783,2.751509666442871,1.1963887214660645,1.1150875091552734,1.1684885025024414,1.8621817827224731,0.810968279838562,0.8305291533470154,0.3630187213420868,0.0,0.0,0.0,0.6000000238418579,1.1031794548034668,0.9083574414253235,1.5578685998916626
Q,1.0,1.0,1.0,0.0,0.0,0.6714056134223938,0.5286403298377991,0.39382293820381165,0.4383646249771118,2.4264626502990723,3.1799588203430176,1.4576058387756348,1.3489396572113037,1.370643138885498,1.8751894235610962,1.0424423217773438,0.6676738262176514,0.3742593228816986,0.0,0.0,0.0,0.6000000238418579,1.216634750366211,0.81770259141922,1.8392868041992188
Q,1.0,1.0,1.0,0.0,0.0,0.6484125852584839,0.5445427298545837,0.4174521565437317,0.5410662293434143,2.2972586154937744,3.0267186164855957,1.4487887620925903,1.3409186601638794,1.3131183385849,1.7348920106887817,0.9283831715583801,0.7115093469619751,0.35116538405418396,0.0,0.0,0.0,0.6000000238418579,1.1297216415405273,0.8080320954322815,1.782386064529419
Q,1.0,1.0,0.0,0.0,0.0,0.6404380202293396,0.5268219113349915,0.4328957796096802,0.5214593410491943,2.1511778831481934,2.6736371517181396,1.221498966217041,1.2147457599639893,1.2561057806015015,1.350852608680725,1.0015767812728882,0.6629980802536011,0.37754833698272705,0.0,0.0,0.0,0.4000000059604645,0.9881072640419006,0.6371241807937622,1.5914969444274902
Q,1.0,1.0,0.0,0.0,0.0,0.6579799652099609,0.5117172598838806,0.43031492829322815,0.5249984860420227,2.106268882751465,2.6908676624298096,1.1951287984848022,1.1643929481506348,1.152302622795105,1.3837677240371704,1.0112488269805908,0.6307432055473328,0.3852197527885437,0.0,0.0,0.0,0.4000000059604645,1.0111802816390991,0.6026581525802612,1.550673007965088
Q,1.0,1.0,0.0,0.0,0.0,0.6464571356773376,0.5326682329177856,0.4409632086753845,0.5158154368400574,2.176469326019287,2.752647638320923,1.2161048650741577,1.2046090364456177,1.2148488759994507,1.4763662815093994,1.0586256980895996,0.648586630821228,0.3906727135181427,0.0,0.0,0.0,0.4000000059604645,1.0367320775985718,0.5753486156463623,1.5970525741577148
Q,1.0,1.0,1.0,0.0,0.0,0.5750362277030945,0.3913032114505768,0.49362125992774963,0.4510999619960785,2.599456310272217,2.952007532119751,1.3505834341049194,1.3688138723373413,1.3995141983032227,1.615783929824829,1.3372015953063965,0.7679058313369751,0.3493851125240326,0.0,0.0,0.0,0.6000000238418579,1.1591378450393677,0.703324019908905,1.7677297592163086
Q,1.0,1.0,1.0,0.0,0.0,0.5552714467048645,0.37257638573646545,0.45250070095062256,0.401915580034256,2.4826583862304688,2.8567869663238525,1.425732135772705,1.3810276985168457,1.393369436264038,1.5533639192581177,1.2177319526672363,0.7949517369270325,0.31049275398254395,0.0,0.0,0.0,0.6000000238418579,1.1171164512634277,0.7510289549827576,1.7642290592193604
Q,1.0,1.0,1.0,0.0,0.0,0.5528856515884399,0.3809707760810852,0.4712110757827759,0.43012645840644836,2.650207996368408,3.023076057434082,1.4344254732131958,1.4170863628387451,1.4116672277450562,1.5555567741394043,1.3141688108444214,0.7685502767562866,0.31615501642227173,0.0,0.0,0.0,0.6000000238418579,1.1559032201766968,0.5641969442367554,1.8215638399124146
Q,1.0,1.0,1.0,0.0,0.0,0.5478989481925964,0.39329642057418823,0.4733723998069763,0.4397946000099182,2.527026653289795,3.085763454437256,1.4497623443603516,1.4138065576553345,1.4436877965927124,1.4545897245407104,1.1663671731948853,0.775584876537323,0.294286847114563,0.0,0.0,0.0,0.6000000238418579,1.0972445011138916,0.5430570840835571,1.8482550382614136
Q,1.0,1.0,1.0,0.0,0.0,0.5542905330657959,0.3983404338359833,0.4818798005580902,0.4493112564086914,2.5124294757843018,2.973191738128662,1.5025626420974731,1.399187445640564,1.3301817178726196,1.403478980064392,1.1019749641418457,0.7599213123321533,0.2903684973716736,0.0,0.0,0.0,0.6000000238418579,1.0816607475280762,0.48402130603790283,1.8012808561325073
Q,1.0,1.0,1.0,0.0,0.0,0.5678232908248901,0.3876744508743286,0.4821442663669586,0.4528457522392273,2.5733983516693115,3.0856120586395264,1.4778972864151,1.4059157371520996,1.3843004703521729,1.654863953590393,1.2140893936157227,0.760808527469635,0.31097590923309326,0.0,0.0,0.0,0.6000000238418579,1.1524969339370728,0.5063485503196716,1.8384313583374023
Q,1.0,1.0,1.0,1.0,0.0,0.5670337677001953,0.38573166728019714,0.4626345932483673,0.44733065366744995,2.395937442779541,2.906891107559204,1.7438485622406006,1.4230153560638428,1.3249132633209229,1.568480372428894,0.9330872893333435,0.7723197340965271,0.24031659960746765,0.0,0.0,0.0,0.800000011920929,1.055353045463562,0.473236620426178,1.8496670722961426
Q,1.0,1.0,1.0,0.0,0.0,0.5582959651947021,0.39164409041404724,0.47270604968070984,0.44840696454048157,2.4895002841949463,2.888230562210083,1.473587155342102,1.3680285215377808,1.3060309886932373,1.444047451019287,1.1382976770401,0.7590416073799133,0.29305896162986755,0.0,0.0,0.0,0.6000000238418579,1.0622080564498901,0.4636468291282654,1.7589693069458008
Q,1.0,1.0,1.0,0.0,0.0,0.558089554309845,0.3842441141605377,0.46788379549980164,0.4469248354434967,2.344158887863159,2.88608455657959,1.5397632122039795,1.3766098022460938,1.2908426523208618,1.5040029287338257,0.9669497013092041,0.7739558219909668,0.2794998586177826,0.0,0.0,0.0,0.6000000238418579,1.0351065397262573,0.4781099855899811,1.7733250856399536
Q,1.0,1.0,1.0,0.0,0.0,0.5579352378845215,0.3893422484397888,0.47285306453704834,0.45481327176094055,2.4558351039886475,2.878009557723999,1.5187578201293945,1.3763378858566284,1.3032660484313965,1.454328179359436,1.0691168308258057,0.7652254104614258,0.2851962745189667,0.0,0.0,0.0,0.6000000238418579,1.0448112487792969,0.4981882870197296,1.7690927982330322
Q,1.0,1.0,1.0,0.0,0.0,0.5484335422515869,0.3780568540096283,0.45349565148353577,0.44868096709251404,2.402764320373535,2.8113856315612793,1.5081548690795898,1.3524284362792969,1.2572776079177856,1.434057354927063,1.058442234992981,0.7834609150886536,0.2711818516254425,0.0,0.0,0.0,0.6000000238418579,1.022835612297058,0.43429017066955566,1.7323116064071655
Q,1.0,1.0,1.0,0.0,0.0,0.5511163473129272,0.3770733177661896,0.4396306872367859,0.4282410442829132,2.491004705429077,2.9637110233306885,1.4367177486419678,1.3087108135223389,1.2555840015411377,1.5414661169052124,1.2434110641479492,0.8058128952980042,0.27300456166267395,0.0,0.0,0.0,0.6000000238418579,1.1259621381759644,0.5002354979515076,1.7411808967590332
Q,1.0,1.0,1.0,0.0,0.0,0.5570364594459534,0.38329267501831055,0.46431928873062134,0.4446134567260742,2.4452407360076904,2.9386346340179443,1.3536113500595093,1.3264031410217285,1.245320439338684,1.5269765853881836,1.212641716003418,0.775734543800354,0.3188987076282501,0.0,0.0,0.0,0.6000000238418579,1.1096436977386475,0.51368248462677,1.7159924507141113
Q,1.0,1.0,1.0,0.0,0.0,0.554060697555542,0.383928120136261,0.4669328033924103,0.4525720775127411,2.475614547729492,2.955986976623535,1.3748033046722412,1.3688368797302246,1.2864718437194824,1.5073186159133911,1.210452675819397,0.7801234126091003,0.3140401244163513,0.0,0.0,0.0,0.6000000238418579,1.0981546640396118,0.5189079642295837,1.746524691581726
Q,1.0,1.0,1.0,1.0,0.0,0.5576989054679871,0.3882102966308594,0.42836686968803406,0.47303667664527893,2.6193928718566895,3.080167531967163,2.559326171875,1.4257597923278809,1.344386100769043,1.5640486478805542,1.0465121269226074,0.7585843801498413,0.1194150522351265,0.0,0.0,0.0,0.800000011920929,1.2094428539276123,0.5124322772026062,2.102409839630127
Q,1.0,1.0,1.0,0.0,0.0,0.5584659576416016,0.3858579993247986,0.4894367456436157,0.4647316336631775,2.5160067081451416,2.961547374725342,1.393646478652954,1.4043011665344238,1.3303605318069458,1.52852463722229,1.1932941675186157,0.7647973895072937,0.336332768201828,0.0,0.0,0.0,0.6000000238418579,1.1029778718948364,0.559518039226532,1.7724639177322388
Q,1.0,1.0,1.0,1.0,0.0,0.5496714115142822,0.3765614628791809,0.43232908844947815,0.4602765440940857,2.4473378658294678,3.014509916305542,1.9039357900619507,1.3754827976226807,1.2775129079818726,1.565384864807129,0.9598792195320129,0.8003147840499878,0.188134104013443,0.0,0.0,0.0,0.800000011920929,1.1199177503585815,0.501572847366333,1.8928604125976562
Q,1.0,1.0,1.0,1.0,0.0,0.5664323568344116,0.6001449227333069,0.5104767680168152,0.482424259185791,2.710761070251465,3.144968271255493,1.5114189386367798,1.491960883140564,1.4683668613433838,1.5717755556106567,1.250881314277649,0.7557834386825562,0.3231630027294159,0.0,0.0,0.0,0.800000011920929,1.1549971103668213,0.6445796489715576,1.9041787385940552
Q,1.0,1.0,1.0,0.0,0.0,0.5886855721473694,0.5866307020187378,0.5348593592643738,0.491786926984787,2.731252670288086,3.18422794342041,1.5463799238204956,1.4803662300109863,1.492774248123169,1.6665476560592651,1.2346692085266113,0.7480229735374451,0.3330352306365967,0.0,0.0,0.0,0.6000000238418579,1.2054957151412964,0.8202052712440491,1.9259370565414429
Q,1.0,1.0,1.0,0.0,0.0,0.5799993276596069,0.39842215180397034,0.49518296122550964,0.4513500928878784,2.5231685638427734,2.9933481216430664,1.379697561264038,1.3415828943252563,1.3459495306015015,1.616423487663269,1.2462878227233887,0.7818244695663452,0.32695138454437256,0.0,0.0,0.0,0.6000000238418579,1.1651337146759033,0.6624073386192322,1.7651444673538208
Q,1.0,1.0,1.0,0.0,0.0,0.5847557187080383,0.41193687915802,0.48048093914985657,0.4226456582546234,2.6496057510375977,3.1935131549835205,1.41010582447052,1.3404872417449951,1.3171764612197876,1.6520805358886719,1.3905891180038452,0.7667111158370972,0.3047991096973419,0.0,0.0,0.0,0.6000000238418579,1.2729644775390625,0.6717255115509033,1.8153207302093506
Q,1.0,1.0,1.0,0.0,0.0,0.6028091311454773,0.568506121635437,0.5140755772590637,0.4662843942642212,2.618527412414551,3.238251209259033,1.505753517150879,1.4216262102127075,1.4344264268875122,1.6677873134613037,1.2420488595962524,0.7208285331726074,0.3069247603416443,0.0,0.0,0.0,0.6000000238418579,1.2133232355117798,0.6704216599464417,1.9000144004821777
Q,1.0,1.0,1.0,0.0,0.0,0.6143085956573486,0.565338671207428,0.5414217710494995,0.49539321660995483,2.2443253993988037,2.8893344402313232,1.3836196660995483,1.235019564628601,1.2095147371292114,1.5579750537872314,0.950221598148346,0.731676459312439,0.34046024084091187,0.0,0.0,0.0,0.6000000238418579,1.0907180309295654,0.6165711283683777,1.6793720722198486
Q,1.0,1.0,1.0,0.0,0.0,0.5919101238250732,0.5809390544891357,0.5061349868774414,0.45345744490623474,2.2690913677215576,2.8431308269500732,1.267894983291626,1.2030521631240845,1.2053653001785278,1.4783612489700317,1.1000194549560547,0.7595663666725159,0.341012567281723,0.0,0.0,0.0,0.6000000238418579,1.0968828201293945,0.5712997913360596,1.629860758781433
Q,1.0,1.0,1.0,0.0,0.0,0.5591723322868347,0.38039630651474,0.47510939836502075,0.4202997088432312,2.410654067993164,2.8751332759857178,1.2801631689071655,1.2243188619613647,1.2023106813430786,1.5313974618911743,1.2214723825454712,0.7987505197525024,0.3412238359451294,0.0,0.0,0.0,0.6000000238418579,1.1439369916915894,0.5477616190910339,1.6454814672470093
Q,1.0,1.0,1.0,0.0,0.0,0.5592766404151917,0.38173338770866394,0.48307904601097107,0.4323347806930542,2.353734254837036,2.7698862552642822,1.2935607433319092,1.2227089405059814,1.2020039558410645,1.4660897254943848,1.139126181602478,0.7928904891014099,0.34188565611839294,0.0,0.0,0.0,0.6000000238418579,1.0782132148742676,0.5367056131362915,1.6220399141311646
Q,1.0,1.0,1.0,0.0,0.0,0.5640426874160767,0.611466109752655,0.5064414739608765,0.4595729112625122,2.687152147293091,3.199751615524292,1.479008436203003,1.4360102415084839,1.4459465742111206,1.676664113998413,1.2607144117355347,0.7779026627540588,0.3317844569683075,0.0,0.0,0.0,0.6000000238418579,1.2167161703109741,0.6701492071151733,1.89017915725708
Q,1.0,1.0,1.0,0.0,0.0,0.5570034384727478,0.3897572159767151,0.4800058603286743,0.44677767157554626,2.692352056503296,3.1844117641448975,1.5171847343444824,1.4755091667175293,1.4919285774230957,1.5984474420547485,1.2723480463027954,0.7713889479637146,0.3008720278739929,0.0,0.0,0.0,0.6000000238418579,1.1767981052398682,0.6486631631851196,1.9172585010528564
Q,1.0,1.0,1.0,0.0,0.0,0.5829434394836426,0.5934197306632996,0.5101991891860962,0.460355281829834,2.6645004749298096,3.216474771499634,1.4633584022521973,1.4120057821273804,1.445230484008789,1.6938121318817139,1.2827696800231934,0.7674897313117981,0.3252450227737427,0.0,0.0,0.0,0.6000000238418579,1.2481797933578491,0.7623937726020813,1.8842674493789673
Q,1.0,1.0,1.0,0.0,0.0,0.5727586150169373,0.4023510813713074,0.49596476554870605,0.4410026967525482,2.5059092044830322,3.052342176437378,1.4382766485214233,1.251979112625122,1.2464911937713623,1.5617003440856934,1.1612932682037354,0.7932392954826355,0.30904024839401245,0.0,0.0,0.0,0.6000000238418579,1.2023022174835205,0.6151579022407532,1.747272253036499
Q,1.0,1.0,1.0,0.0,0.0,0.5696141719818115,0.39830949902534485,0.4804878234863281,0.42534029483795166,2.4429924488067627,3.0286073684692383,1.4556891918182373,1.1784000396728516,1.1643574237823486,1.5603293180465698,1.1188195943832397,0.8026003837585449,0.2888874113559723,0.0,0.0,0.0,0.6000000238418579,1.2177681922912598,0.5521115660667419,1.706763505935669
Q,1.0,1.0,1.0,0.0,0.0,0.5723426342010498,0.39957037568092346,0.48853278160095215,0.4291636049747467,2.532745599746704,3.100447654724121,1.4869139194488525,1.228278636932373,1.2110395431518555,1.606086254119873,1.1633293628692627,0.7980072498321533,0.2951792776584625,0.0,0.0,0.0,0.6000000238418579,1.2507210969924927,0.6216848492622375,1.7566699981689453
Q,1.0,1.0,1.0,0.0,0.0,0.5706964135169983,0.3944467604160309,0.488707959651947,0.42685723304748535,2.519613742828369,3.056140422821045,1.4606897830963135,1.2839716672897339,1.2603873014450073,1.609031081199646,1.167966365814209,0.7875385880470276,0.31248167157173157,0.0,0.0,0.0,0.6000000238418579,1.2114410400390625,0.6464709639549255,1.765297293663025
Q,1.0,1.0,1.0,0.0,0.0,0.5699205994606018,0.3863345980644226,0.46924760937690735,0.4154493510723114,2.435462236404419,2.9836411476135254,1.298863172531128,1.203290581703186,1.2080674171447754,1.628312587738037,1.267143726348877,0.8103592991828918,0.3233802616596222,0.0,0.0,0.0,0.6000000238418579,1.2034796476364136,0.5678389072418213,1.673465609550476
Q,1.0,1.0,1.0,0.0,0.0,0.5712860226631165,0.3929772675037384,0.47870904207229614,0.4145907461643219,2.5508949756622314,3.0913002490997314,1.3485139608383179,1.2222020626068115,1.2188323736190796,1.643914818763733,1.3170605897903442,0.7848963141441345,0.3285408914089203,0.0,0.0,0.0,0.6000000238418579,1.2668306827545166,0.6283382773399353,1.7202121019363403
Q,1.0,1.0,1.0,0.0,0.0,0.5702924132347107,0.3891094923019409,0.4841614365577698,0.4232988953590393,2.4654276371002197,3.0139663219451904,1.3105717897415161,1.208432674407959,1.1911017894744873,1.6260640621185303,1.2525287866592407,0.8007912635803223,0.33517593145370483,0.0,0.0,0.0,0.6000000238418579,1.222830057144165,0.5893231630325317,1.6810181140899658
Q,1.0,1.0,1.0,0.0,0.0,0.5721453428268433,0.393179327249527,0.48262304067611694,0.4369693100452423,2.4828810691833496,3.0406248569488525,1.4535728693008423,1.2913216352462769,1.2812988758087158,1.623379111289978,1.1589068174362183,0.7923908829689026,0.3016025125980377,0.0,0.0,0.0,0.6000000238418579,1.1832364797592163,0.5805584192276001,1.7667045593261719
Q,1.0,1.0,1.0,0.0,0.0,0.5695578455924988,0.390811026096344,0.4838368892669678,0.425678014755249,2.4266581535339355,2.9317750930786133,1.2883434295654297,1.2394213676452637,1.2222412824630737,1.5621304512023926,1.2333394289016724,0.790325939655304,0.3417483866214752,0.0,0.0,0.0,0.6000000238418579,1.1625388860702515,0.6249523758888245,1.6704453229904175
Q,1.0,1.0,1.0,0.0,0.0,0.5739742517471313,0.3961373269557953,0.4920760989189148,0.4386768937110901,2.5330936908721924,3.026747226715088,1.3663493394851685,1.295475959777832,1.3172850608825684,1.6047568321228027,1.2606148719787598,0.7888091206550598,0.3285696506500244,0.0,0.0,0.0,0.6000000238418579,1.2026623487472534,0.6999720931053162,1.7514643669128418
Q,1.0,1.0,1.0,0.0,0.0,0.5788219571113586,0.39845743775367737,0.4935784339904785,0.4375101327896118,2.647827625274658,3.1511385440826416,1.5297423601150513,1.421176552772522,1.4245489835739136,1.691544771194458,1.2405129671096802,0.7885996699333191,0.30368340015411377,0.0,0.0,0.0,0.6000000238418579,1.2399609088897705,0.8363171219825745,1.8816516399383545
Q,1.0,1.0,1.0,0.0,0.0,0.5833412408828735,0.40525081753730774,0.4906873404979706,0.4248718023300171,2.6000571250915527,3.110954761505127,1.3884302377700806,1.3421458005905151,1.3511652946472168,1.6515501737594604,1.331072449684143,0.7964783906936646,0.321426659822464,0.0,0.0,0.0,0.6000000238418579,1.273469090461731,0.9193483591079712,1.7981740236282349
Q,1.0,1.0,1.0,0.0,0.0,0.5836088061332703,0.5884676575660706,0.5013229250907898,0.44872617721557617,2.5981945991516113,3.0999791622161865,1.4702049493789673,1.3463306427001953,1.3234786987304688,1.596508264541626,1.2353997230529785,0.7583566904067993,0.31205815076828003,0.0,0.0,0.0,0.6000000238418579,1.2024797201156616,0.6533098220825195,1.8099983930587769
Q,1.0,1.0,1.0,0.0,0.0,0.5765562057495117,0.40213871002197266,0.49244531989097595,0.4322962760925293,2.611180543899536,3.1366209983825684,1.5274823904037476,1.3448675870895386,1.3124117851257324,1.6353248357772827,1.2046908140182495,0.7673773169517517,0.3017917573451996,0.0,0.0,0.0,0.6000000238418579,1.2357819080352783,0.6716192960739136,1.830345630645752
Q,1.0,1.0,1.0,0.0,0.0,0.5801168084144592,0.5972205996513367,0.5013939142227173,0.44348227977752686,2.605534553527832,3.137755870819092,1.5200542211532593,1.3597500324249268,1.3147971630096436,1.660078763961792,1.1913362741470337,0.772856593132019,0.3079086244106293,0.0,0.0,0.0,0.6000000238418579,1.2299656867980957,0.6700223684310913,1.8330893516540527
Q,1.0,1.0,1.0,0.0,0.0,0.5758791565895081,0.3963536322116852,0.49396583437919617,0.42872154712677,2.544065475463867,3.0712168216705322,1.4550646543502808,1.2632867097854614,1.2234240770339966,1.6425807476043701,1.1957072019577026,0.785807192325592,0.31718847155570984,0.0,0.0,0.0,0.6000000238418579,1.2443476915359497,0.6432406902313232,1.7532480955123901
Q,1.0,1.0,1.0,0.0,0.0,0.5755223035812378,0.39737316966056824,0.4856337010860443,0.42347779870033264,2.499810218811035,3.034381866455078,1.3924317359924316,1.2308350801467896,1.2021055221557617,1.6125694513320923,1.2255728244781494,0.7866153120994568,0.31850922107696533,0.0,0.0,0.0,0.6000000238418579,1.2276535034179688,0.6276602149009705,1.7149385213851929
Q,1.0,1.0,1.0,0.0,0.0,0.5776260495185852,0.6016880869865417,0.5097589492797852,0.45455169677734375,2.465373992919922,3.0175538063049316,1.4094582796096802,1.2713781595230103,1.2573039531707764,1.6136810779571533,1.127972960472107,0.7831602692604065,0.3339312672615051,0.0,0.0,0.0,0.6000000238418579,1.1824586391448975,0.624035120010376,1.7389235496520996
Q,1.0,1.0,1.0,0.0,0.0,0.578311026096344,0.6014832854270935,0.5016592144966125,0.45463821291923523,2.5253453254699707,3.081918954849243,1.4823250770568848,1.3169304132461548,1.2859623432159424,1.6515300273895264,1.1418925523757935,0.7879756093025208,0.31162214279174805,0.0,0.0,0.0,0.6000000238418579,1.2019180059432983,0.6134732961654663,1.7917841672897339
Q,1.0,1.0,1.0,0.0,0.0,0.5691689848899841,0.39096003770828247,0.4840821921825409,0.42199698090553284,2.4045188426971436,3.00991153717041,1.3466575145721436,1.1964770555496216,1.1750680208206177,1.6051079034805298,1.1614936590194702,0.8119962215423584,0.3217301666736603,0.0,0.0,0.0,0.6000000238418579,1.2097268104553223,0.6178446412086487,1.6820285320281982
Q,1.0,1.0,1.0,0.0,0.0,0.5707052946090698,0.3907843232154846,0.48278260231018066,0.42075034976005554,2.4252514839172363,2.980865240097046,1.2930375337600708,1.1831127405166626,1.1604095697402954,1.599249243736267,1.2327412366867065,0.8058693408966064,0.3343975245952606,0.0,0.0,0.0,0.6000000238418579,1.215149164199829,0.6074579358100891,1.6543562412261963
Q,1.0,1.0,1.0,0.0,0.0,0.5719529986381531,0.3943963646888733,0.485464483499527,0.4313444495201111,2.451573610305786,2.992004871368408,1.3365741968154907,1.232560396194458,1.2110178470611572,1.5861397981643677,1.2180514335632324,0.7975369095802307,0.32343316078186035,0.0,0.0,0.0,0.6000000238418579,1.1902133226394653,0.5713441967964172,1.6930392980575562
R,1.0,0.0,0.0,0.0,0.0,0.44624078273773193,0.4488060474395752,0.4414474368095398,0.5485033988952637,1.095638632774353,1.6859546899795532,1.739133596420288,0.6902639269828796,0.5981128215789795,0.5904176235198975,0.6438305974006653,-0.46074575185775757,0.08826415240764618,0.5,0.0,1.0,0.20000000298023224,0.6707289218902588,0.5119745135307312,1.1783663034439087
R,1.0,0.0,0.0,0.0,0.0,0.4442841112613678,0.44915682077407837,0.4382888376712799,0.5515152812004089,1.0931684970855713,1.6729670763015747,1.7367817163467407,0.67563396692276,0.5798892378807068,0.5801680684089661,0.6441362500190735,-0.4570998549461365,0.09957699477672577,0.5,0.0,1.0,0.20000000298023224,0.6783180832862854,0.5156306028366089,1.1663180589675903
R,1.0,0.0,0.0,0.0,0.0,0.4407222270965576,0.44306480884552,0.43780645728111267,0.5573075413703918,1.1073168516159058,1.6956607103347778,1.7478028535842896,0.6987737417221069,0.5985930562019348,0.5884302854537964,0.6406127214431763,-0.4544340968132019,0.08222505450248718,0.5,0.0,1.0,0.20000000298023224,0.6724228262901306,0.5101228356361389,1.1852076053619385
R,1.0,0.0,0.0,0.0,0.0,0.4411284625530243,0.44603395462036133,0.43614453077316284,0.5561979413032532,1.111406922340393,1.6904265880584717,1.7549386024475098,0.6959144473075867,0.5947862863540649,0.5794048309326172,0.6439030170440674,-0.4541066288948059,0.09364819526672363,0.5,0.0,1.0,0.20000000298023224,0.6769177317619324,0.5108607411384583,1.184016466140747
R,1.0,0.0,0.0,0.0,0.0,0.44153931736946106,0.4475714862346649,0.4367077946662903,0.5542595982551575,1.1083176136016846,1.6781196594238281,1.7528468370437622,0.6831896305084229,0.5921618938446045,0.5703878402709961,0.6448763608932495,-0.45701760053634644,0.0978933647274971,0.5,0.0,1.0,0.20000000298023224,0.6794705390930176,0.5128405094146729,1.1765795946121216
R,1.0,0.0,0.0,0.0,0.0,0.4397885799407959,0.4444662630558014,0.4353528320789337,0.5553792119026184,1.102476954460144,1.6709480285644531,1.7392158508300781,0.6803647875785828,0.5840494632720947,0.5688208341598511,0.6370311975479126,-0.45516830682754517,0.09491264075040817,0.5,0.0,1.0,0.20000000298023224,0.6744176745414734,0.5089899897575378,1.1686445474624634
R,1.0,0.0,0.0,0.0,0.0,0.4388960301876068,0.441053569316864,0.4356847405433655,0.5561148524284363,1.1050173044204712,1.677507996559143,1.7435108423233032,0.7033024430274963,0.5990123152732849,0.5725650191307068,0.6386471390724182,-0.45324504375457764,0.08520953357219696,0.5,0.0,1.0,0.20000000298023224,0.6663112640380859,0.5151949524879456,1.180833339691162
R,1.0,0.0,0.0,0.0,0.0,0.4506795108318329,0.42169103026390076,0.4373244047164917,0.5479061603546143,1.0792243480682373,1.60981285572052,1.653281807899475,0.6821144819259644,0.6107091903686523,0.5439883470535278,0.5767862796783447,-0.45053067803382874,0.03874405100941658,0.25,0.0,1.0,0.20000000298023224,0.6277787089347839,0.5257977843284607,1.1389795541763306
R,1.0,0.0,0.0,0.0,0.0,0.46088504791259766,0.4386022388935089,0.43769821524620056,0.535439133644104,1.0626648664474487,1.7014950513839722,1.708310604095459,0.6744124889373779,0.6147961616516113,0.6457252502441406,0.6530596017837524,-0.4595818817615509,0.07527019828557968,0.25,0.0,1.0,0.20000000298023224,0.6654484272003174,0.5457714796066284,1.1747535467147827
R,1.0,0.0,0.0,0.0,0.0,0.4605128765106201,0.4343116879463196,0.4466962516307831,0.5357667207717896,1.031867265701294,1.6346089839935303,1.6697180271148682,0.6685698628425598,0.6008380651473999,0.6121432185173035,0.6403898000717163,-0.4610138535499573,0.049229830503463745,0.25,0.0,1.0,0.20000000298023224,0.6469423770904541,0.5542413592338562,1.143433690071106
R,1.0,0.0,0.0,0.0,0.0,0.46087372303009033,0.4359564781188965,0.45002424716949463,0.5367955565452576,1.0209453105926514,1.6374207735061646,1.6848137378692627,0.6590057611465454,0.5785541534423828,0.6247243881225586,0.6653716564178467,-0.4635579586029053,0.044856879860162735,0.25,0.0,1.0,0.20000000298023224,0.6612762212753296,0.5556902289390564,1.1399486064910889
R,1.0,0.0,0.0,0.0,0.0,0.4536662697792053,0.4389660060405731,0.4450208246707916,0.542849063873291,1.051404356956482,1.6835085153579712,1.7173680067062378,0.6847972869873047,0.6108589172363281,0.6350827217102051,0.6669628620147705,-0.4594457447528839,0.05751222372055054,0.25,0.0,1.0,0.20000000298023224,0.6614310145378113,0.5338995456695557,1.1741331815719604
R,1.0,0.0,0.0,0.0,0.0,0.45599398016929626,0.4343522787094116,0.4446491003036499,0.5426348447799683,1.0451377630233765,1.6555426120758057,1.7010067701339722,0.6595107913017273,0.592241644859314,0.6169191598892212,0.6575881838798523,-0.45978111028671265,0.04930545389652252,0.25,0.0,1.0,0.20000000298023224,0.6639166474342346,0.5243465304374695,1.1520754098892212
R,1.0,0.0,0.0,0.0,0.0,0.4515751898288727,0.4280965328216553,0.4438348412513733,0.5444613099098206,1.0338245630264282,1.6480704545974731,1.6921184062957764,0.6627175807952881,0.5874909162521362,0.6217423677444458,0.6590790152549744,-0.4572632312774658,0.036878202110528946,0.25,0.0,1.0,0.20000000298023224,0.6616281270980835,0.520932674407959,1.1475993394851685
R,1.0,0.0,0.0,0.0,0.0,0.44941192865371704,0.4280891418457031,0.4429766833782196,0.5491295456886292,1.0449494123458862,1.6569825410842896,1.6996437311172485,0.663810670375824,0.5973386764526367,0.6183456182479858,0.6552484631538391,-0.45674291253089905,0.037423573434352875,0.25,0.0,1.0,0.20000000298023224,0.6630977392196655,0.524797797203064,1.1544439792633057
R,1.0,0.0,0.0,0.0,0.0,0.44460633397102356,0.42879846692085266,0.4432244598865509,0.548846960067749,1.0573773384094238,1.6650543212890625,1.7093229293823242,0.665205717086792,0.6034161448478699,0.6112385988235474,0.651971697807312,-0.45491522550582886,0.03627591207623482,0.25,0.0,1.0,0.20000000298023224,0.6662696003913879,0.516508162021637,1.1607497930526733
R,1.0,0.0,0.0,0.0,0.0,0.44568824768066406,0.43069297075271606,0.44369205832481384,0.5507492423057556,1.0543849468231201,1.6750555038452148,1.7224087715148926,0.6672284603118896,0.6033971309661865,0.6238194108009338,0.6680772304534912,-0.45518144965171814,0.03969955071806908,0.25,0.0,1.0,0.20000000298023224,0.6705926060676575,0.5216939449310303,1.167022466659546
R,1.0,0.0,0.0,0.0,0.0,0.44657817482948303,0.43564197421073914,0.44592851400375366,0.5475520491600037,1.0587801933288574,1.658079743385315,1.7069085836410522,0.6855528354644775,0.6252567768096924,0.6010258197784424,0.6481341123580933,-0.45528432726860046,0.04661815986037254,0.25,0.0,1.0,0.20000000298023224,0.6476961970329285,0.513209342956543,1.1689494848251343
R,1.0,0.0,0.0,0.0,0.0,0.4458499252796173,0.42963483929634094,0.44291114807128906,0.5442770719528198,1.0342364311218262,1.610933780670166,1.636879801750183,0.6801556944847107,0.675666868686676,0.5804329514503479,0.6027630567550659,-0.45059043169021606,0.04285158962011337,0.25,0.0,1.0,0.20000000298023224,0.596504271030426,0.4778875410556793,1.1509090662002563
R,1.0,0.0,0.0,0.0,0.0,0.4440140724182129,0.4279575049877167,0.4422749876976013,0.5477883219718933,1.0376560688018799,1.6237691640853882,1.6692392826080322,0.6808683276176453,0.6664007902145386,0.5897583961486816,0.6316242218017578,-0.4495448172092438,0.03862091526389122,0.25,0.0,1.0,0.20000000298023224,0.6137345433235168,0.4848880171775818,1.1600693464279175
R,1.0,0.0,0.0,0.0,0.0,0.4401327967643738,0.4259670078754425,0.4410722553730011,0.44519615173339844,1.0512300729751587,1.6458488702774048,1.6911367177963257,0.6937388181686401,0.6730155348777771,0.5974927544593811,0.6399186849594116,-0.4474637806415558,0.0336468406021595,0.25,0.0,1.0,0.20000000298023224,0.619594156742096,0.4836695194244385,1.1759350299835205
R,1.0,0.0,0.0,0.0,0.0,0.43850451707839966,0.4223330616950989,0.4372117221355438,0.4402126371860504,1.0301157236099243,1.6350904703140259,1.675688624382019,0.6764836311340332,0.6547547578811646,0.60855633020401,0.6455949544906616,-0.44512611627578735,0.03491093963384628,0.25,0.0,1.0,0.20000000298023224,0.6216328740119934,0.4835285544395447,1.1605043411254883
R,1.0,0.0,0.0,0.0,0.0,0.43501079082489014,0.4148464500904083,0.4318886697292328,0.4393920302391052,1.0324093103408813,1.6635940074920654,1.691644310951233,0.6794039011001587,0.6538355350494385,0.6366192698478699,0.6593624353408813,-0.44074201583862305,0.03034050017595291,0.25,0.0,1.0,0.20000000298023224,0.6361820101737976,0.4986307621002197,1.1721194982528687
R,1.0,0.0,0.0,0.0,0.0,0.4394242763519287,0.43534061312675476,0.4324728548526764,0.4400498569011688,1.0404226779937744,1.7276744842529297,1.7724082469940186,0.6996498107910156,0.6455596685409546,0.6874670386314392,0.7325860857963562,-0.44894230365753174,0.07280761003494263,0.25,0.0,1.0,0.20000000298023224,0.6695130467414856,0.4985693395137787,1.2113230228424072
R,1.0,0.0,0.0,0.0,0.0,0.4470899999141693,0.45527416467666626,0.4364902079105377,0.5549257397651672,0.9875566959381104,1.7482856512069702,1.7843564748764038,0.6154541373252869,0.5322728157043457,0.7614787220954895,0.7980249524116516,-0.4612254202365875,0.11039813607931137,0.5,0.0,1.0,0.20000000298023224,0.7468501925468445,0.5238820910453796,1.1700923442840576
R,1.0,0.0,0.0,0.0,0.0,0.4455622434616089,0.45777201652526855,0.43997254967689514,0.5564936995506287,0.9508639574050903,1.7524577379226685,1.775895118713379,0.6116220951080322,0.5207659602165222,0.8031213879585266,0.8253466486930847,-0.46250757575035095,0.10792549699544907,0.5,0.0,1.0,0.20000000298023224,0.7500004172325134,0.5272956490516663,1.1651852130889893
R,1.0,0.0,0.0,0.0,0.0,0.44345924258232117,0.45748597383499146,0.4365517497062683,0.5572721362113953,0.9502014517784119,1.742725133895874,1.7754735946655273,0.6127161383628845,0.5161357522010803,0.7945494651794434,0.8257533311843872,-0.46198204159736633,0.11468133330345154,0.5,0.0,1.0,0.20000000298023224,0.7501043081283569,0.5196223855018616,1.1617625951766968
R,1.0,0.0,0.0,0.0,0.0,0.444612056016922,0.4555426836013794,0.4350786507129669,0.5604591369628906,0.9614154100418091,1.735382080078125,1.7692229747772217,0.6100165843963623,0.5177626609802246,0.7752365469932556,0.8087512254714966,-0.46205228567123413,0.1148953065276146,0.5,0.0,1.0,0.20000000298023224,0.7460591793060303,0.5175414085388184,1.1580960750579834
R,1.0,0.0,0.0,0.0,0.0,0.4411846995353699,0.4532095491886139,0.4342256188392639,0.5635324120521545,0.9612086415290833,1.730808138847351,1.7652099132537842,0.6078999042510986,0.518914520740509,0.7711402177810669,0.804505467414856,-0.4606260359287262,0.11213784664869308,0.5,0.0,1.0,0.20000000298023224,0.7434303164482117,0.5166611671447754,1.1557080745697021
R,1.0,0.0,0.0,0.0,0.0,0.44274765253067017,0.4513612389564514,0.43444451689720154,0.5619589686393738,0.973116397857666,1.7314316034317017,1.7644349336624146,0.6105514168739319,0.5146642327308655,0.759128212928772,0.7920563817024231,-0.4601563811302185,0.1080646961927414,0.5,0.0,1.0,0.20000000298023224,0.7419610023498535,0.5205006003379822,1.1552705764770508
R,1.0,0.0,0.0,0.0,0.0,0.4410999119281769,0.4474077820777893,0.43755945563316345,0.5626892447471619,0.9692178964614868,1.7334978580474854,1.7619882822036743,0.608207106590271,0.5197277069091797,0.7647114992141724,0.7929036617279053,-0.45970669388771057,0.0914534479379654,0.25,0.0,1.0,0.20000000298023224,0.7369018793106079,0.5207042694091797,1.1558551788330078
R,1.0,0.0,0.0,0.0,0.0,0.4393145442008972,0.4472673833370209,0.4382419288158417,0.5659447312355042,0.959601879119873,1.7315269708633423,1.7495408058166504,0.601930558681488,0.5124342441558838,0.7725966572761536,0.789950966835022,-0.46064573526382446,0.08941537886857986,0.25,0.0,1.0,0.20000000298023224,0.737126886844635,0.5121007561683655,1.1488581895828247
R,1.0,0.0,0.0,0.0,0.0,0.43830499053001404,0.4473707377910614,0.4382401406764984,0.5657663941383362,0.9628444314002991,1.7427525520324707,1.7561687231063843,0.5950065851211548,0.5143690705299377,0.7807801961898804,0.7933242917060852,-0.4589201807975769,0.08956713229417801,0.25,0.0,1.0,0.20000000298023224,0.7445789575576782,0.5180947780609131,1.1520742177963257
R,1.0,0.0,0.0,0.0,0.0,0.4399493336677551,0.4491024613380432,0.43704482913017273,0.5631277561187744,0.9696743488311768,1.7364100217819214,1.758406400680542,0.5950767993927002,0.5098971724510193,0.7676429152488708,0.7888220548629761,-0.45986124873161316,0.09654159843921661,0.5,0.0,1.0,0.20000000298023224,0.745705246925354,0.518190324306488,1.1499476432800293
R,1.0,0.0,0.0,0.0,0.0,0.43844839930534363,0.44614648818969727,0.4355472922325134,0.5654948353767395,0.9647372364997864,1.7246370315551758,1.7524027824401855,0.5978467464447021,0.5142241716384888,0.7605398297309875,0.7877546548843384,-0.4581810235977173,0.09434034675359726,0.25,0.0,1.0,0.20000000298023224,0.7374759912490845,0.5157465934753418,1.1472777128219604
R,1.0,0.0,0.0,0.0,0.0,0.43931058049201965,0.44670769572257996,0.4342237412929535,0.5649601221084595,0.9714451432228088,1.7228978872299194,1.7506742477416992,0.5964330434799194,0.5131538510322571,0.7520537972450256,0.7795076966285706,-0.4588129222393036,0.0988994613289833,0.25,0.0,1.0,0.20000000298023224,0.7374215722084045,0.513389527797699,1.1457897424697876
R,1.0,0.0,0.0,0.0,0.0,0.43649935722351074,0.4461797773838043,0.4345502257347107,0.5676692724227905,0.9760679602622986,1.732062578201294,1.7565650939941406,0.607652485370636,0.518332839012146,0.7570279836654663,0.7805383205413818,-0.4579405188560486,0.09587755799293518,0.5,0.0,1.0,0.20000000298023224,0.7376121282577515,0.5142077803611755,1.1536532640457153
R,1.0,0.0,0.0,0.0,0.0,0.4400710463523865,0.44812652468681335,0.43629348278045654,0.5626593828201294,0.9758507609367371,1.7404825687408447,1.76899254322052,0.599210798740387,0.5187183618545532,0.7653427124023438,0.7932950258255005,-0.4583984315395355,0.09529378265142441,0.5,0.0,1.0,0.20000000298023224,0.7466315031051636,0.5185651183128357,1.156851053237915
R,1.0,0.0,0.0,0.0,0.0,0.44008544087409973,0.44797948002815247,0.4348391592502594,0.5624914169311523,0.9780523180961609,1.7328029870986938,1.7607934474945068,0.602395236492157,0.5155236124992371,0.7554408311843872,0.7830398678779602,-0.45957374572753906,0.09965863078832626,0.5,0.0,1.0,0.20000000298023224,0.741946280002594,0.5148921012878418,1.152878761291504
R,1.0,0.0,0.0,0.0,0.0,0.44057831168174744,0.45012855529785156,0.4334609806537628,0.56407231092453,0.9828747510910034,1.7357819080352783,1.7703611850738525,0.6128789186477661,0.5397036075592041,0.7539262175559998,0.7880385518074036,-0.4592965245246887,0.10686393827199936,0.5,0.0,1.0,0.20000000298023224,0.738186240196228,0.5113097429275513,1.1646814346313477
R,1.0,0.0,0.0,0.0,0.0,0.44164976477622986,0.44980597496032715,0.43540310859680176,0.5626281499862671,0.9795017242431641,1.7325135469436646,1.760655164718628,0.6041315197944641,0.5328302383422852,0.753751277923584,0.7815784215927124,-0.4584742784500122,0.1025482565164566,0.5,0.0,1.0,0.20000000298023224,0.7374404668807983,0.5170910358428955,1.1575325727462769
R,1.0,0.0,0.0,0.0,0.0,0.4411868155002594,0.4518698751926422,0.4350700080394745,0.56102055311203,0.9860020875930786,1.7374982833862305,1.766904354095459,0.6103445291519165,0.530011773109436,0.7527788877487183,0.7813140749931335,-0.45870229601860046,0.10692191869020462,0.5,0.0,1.0,0.20000000298023224,0.7405517101287842,0.5142674446105957,1.1611897945404053
R,1.0,0.0,0.0,0.0,0.0,0.4422825872898102,0.4559786319732666,0.4401468336582184,0.559820294380188,0.9882813692092896,1.776161789894104,1.7887721061706543,0.6016923189163208,0.5225924253463745,0.7899397015571594,0.8005404472351074,-0.45813122391700745,0.10110017657279968,0.5,0.0,1.0,0.20000000298023224,0.7627848386764526,0.5193865299224854,1.172304630279541
R,1.0,0.0,0.0,0.0,0.0,0.44392871856689453,0.45618149638175964,0.4414703845977783,0.5581050515174866,0.9919524788856506,1.8030030727386475,1.8073095083236694,0.6025071144104004,0.5253250002861023,0.8126824498176575,0.8154225945472717,-0.45793527364730835,0.09625779837369919,0.5,0.0,1.0,0.20000000298023224,0.7752462029457092,0.5242599844932556,1.184536099433899
R,1.0,0.0,0.0,0.0,0.0,0.44504767656326294,0.4597477316856384,0.44173765182495117,0.5574684739112854,0.9947988986968994,1.790331482887268,1.8091555833816528,0.6054083704948425,0.5237720608711243,0.7979159355163574,0.8144761919975281,-0.45863690972328186,0.10448914766311646,0.5,0.0,1.0,0.20000000298023224,0.7734241485595703,0.5240845680236816,1.1821668148040771
R,1.0,0.0,0.0,0.0,0.0,0.44412535429000854,0.4571773409843445,0.4407530725002289,0.5591096878051758,0.9957279562950134,1.7878241539001465,1.7991697788238525,0.6032657027244568,0.521562397480011,0.7939830422401428,0.8035669326782227,-0.45739802718162537,0.10166967660188675,0.5,0.0,1.0,0.20000000298023224,0.7695237994194031,0.5264726281166077,1.1779555082321167
R,1.0,0.0,0.0,0.0,0.0,0.4466099143028259,0.45611321926116943,0.4413764476776123,0.5558149814605713,0.9990600347518921,1.7850221395492554,1.7962305545806885,0.6013755798339844,0.5215113759040833,0.7869726419448853,0.7974746823310852,-0.45877310633659363,0.09823321551084518,0.5,0.0,1.0,0.20000000298023224,0.7669224143028259,0.5228006839752197,1.176034927368164
R,1.0,0.0,0.0,0.0,0.0,0.4432651698589325,0.4550420641899109,0.440023809671402,0.5578177571296692,0.9993006587028503,1.7894693613052368,1.800003170967102,0.6041654944419861,0.5212979912757874,0.7917159199714661,0.8008189797401428,-0.4563363194465637,0.09785962849855423,0.5,0.0,1.0,0.20000000298023224,0.768549919128418,0.5200735926628113,1.1787340641021729
R,1.0,0.0,0.0,0.0,0.0,0.4443696141242981,0.4566633999347687,0.43857377767562866,0.5577571392059326,0.9968384504318237,1.783753752708435,1.8039427995681763,0.6033390760421753,0.5190581679344177,0.7885985374450684,0.8074736595153809,-0.45545274019241333,0.1057983785867691,0.5,0.0,1.0,0.20000000298023224,0.7706523537635803,0.5233027935028076,1.1775234937667847
R,1.0,0.0,0.0,0.0,0.0,0.43866994976997375,0.4542095363140106,0.4338639974594116,0.5614913702011108,1.0014965534210205,1.770071268081665,1.7913713455200195,0.6035111546516418,0.49886301159858704,0.7713178992271423,0.7901336550712585,-0.45741498470306396,0.11084293574094772,0.5,0.0,1.0,0.20000000298023224,0.7711432576179504,0.5130597949028015,1.1659542322158813
R,1.0,0.0,0.0,0.0,0.0,0.42953550815582275,0.4491555094718933,0.42781156301498413,0.4228234887123108,1.0084717273712158,1.759073257446289,1.7795089483261108,0.6040863394737244,0.5222387909889221,0.7550764083862305,0.7710714340209961,-0.4563554525375366,0.11003530770540237,0.5,0.0,1.0,0.20000000298023224,0.7539236545562744,0.47792986035346985,1.166226863861084
R,1.0,0.0,0.0,0.0,0.0,0.43132054805755615,0.45088323950767517,0.43398571014404297,0.42824310064315796,1.024263858795166,1.7489575147628784,1.7738384008407593,0.63695228099823,0.5595616102218628,0.7293455600738525,0.7496594786643982,-0.4582505226135254,0.09917924553155899,0.5,0.0,1.0,0.20000000298023224,0.72536700963974,0.4732055366039276,1.1798274517059326
R,1.0,0.0,0.0,0.0,0.0,0.43515387177467346,0.44852468371391296,0.43349215388298035,0.43369460105895996,1.0275516510009766,1.7535561323165894,1.7732759714126587,0.6221943497657776,0.5475270748138428,0.7281904220581055,0.7457576394081116,-0.4615565538406372,0.09615029394626617,0.5,0.0,1.0,0.20000000298023224,0.7331305146217346,0.4720511734485626,1.1741384267807007
R,1.0,0.0,0.0,0.0,0.0,0.42955636978149414,0.4495754837989807,0.4307141602039337,0.429317831993103,1.0061315298080444,1.7482692003250122,1.785286545753479,0.6071528792381287,0.5170478820800781,0.7468088865280151,0.7791702747344971,-0.4597102701663971,0.10557153075933456,0.5,0.0,1.0,0.20000000298023224,0.7522502541542053,0.4782663583755493,1.164439082145691
R,1.0,0.0,0.0,0.0,0.0,0.42659831047058105,0.4471989870071411,0.43134209513664246,0.42773935198783875,0.9890912771224976,1.7360752820968628,1.77173912525177,0.5952568054199219,0.4926919937133789,0.751781165599823,0.7828964591026306,-0.46199020743370056,0.10206124931573868,0.5,0.0,1.0,0.20000000298023224,0.7557181119918823,0.4802526831626892,1.1489408016204834
R,1.0,0.0,0.0,0.0,0.0,0.43128204345703125,0.4492722153663635,0.429976224899292,0.42653194069862366,1.0099079608917236,1.7462338209152222,1.7664246559143066,0.6060331463813782,0.5126648545265198,0.7401401400566101,0.7565364837646484,-0.4601268172264099,0.10758133977651596,0.5,0.0,1.0,0.20000000298023224,0.7474954724311829,0.4741218686103821,1.157839059829712
R,1.0,0.0,0.0,0.0,0.0,0.44103533029556274,0.4543953835964203,0.43169885873794556,0.5634319186210632,0.9911031126976013,1.734930396080017,1.7716814279556274,0.6180256605148315,0.5013555884361267,0.7458603382110596,0.7815452218055725,-0.45844903588294983,0.11865881085395813,0.5,0.0,1.0,0.20000000298023224,0.7499194741249084,0.4991605281829834,1.1564981937408447
R,1.0,0.0,0.0,0.0,0.0,0.44004303216934204,0.45222482085227966,0.4273890256881714,0.5673744678497314,1.0016429424285889,1.746079683303833,1.779707908630371,0.6028509736061096,0.48269525170326233,0.7461550831794739,0.7798730134963989,-0.45661768317222595,0.12352178990840912,0.5,0.0,1.0,0.20000000298023224,0.7675192356109619,0.5034869909286499,1.1528334617614746
R,1.0,0.0,0.0,0.0,0.0,0.439850777387619,0.4527064263820648,0.4282681941986084,0.5667515993118286,0.9951755404472351,1.740576148033142,1.7647411823272705,0.594746470451355,0.478834867477417,0.7472931742668152,0.7710748314857483,-0.45754918456077576,0.1232900395989418,0.5,0.0,1.0,0.20000000298023224,0.7654978036880493,0.5004956722259521,1.1447246074676514
R,1.0,0.0,0.0,0.0,0.0,0.4392842650413513,0.454742431640625,0.42671290040016174,0.5694578289985657,0.994726300239563,1.7358473539352417,1.7685842514038086,0.5886416435241699,0.4810839593410492,0.7438628077507019,0.7756286263465881,-0.45953842997550964,0.13125164806842804,0.5,0.0,1.0,0.20000000298023224,0.7680717706680298,0.49593162536621094,1.143539309501648
S,1.0,0.0,0.0,0.0,0.0,0.46116897463798523,0.4340114891529083,0.51806640625,0.4677678346633911,0.9780346155166626,0.9859921932220459,0.9157721996307373,0.8748332858085632,0.8608519434928894,0.08413425087928772,0.08767375349998474,-0.5094563364982605,0.0013513952726498246,0.0,0.0,1.0,0.20000000298023224,0.2274354100227356,0.5363580584526062,0.9093624353408813
S,1.0,0.0,0.0,0.0,0.0,0.4652405083179474,0.43781769275665283,0.5137245655059814,0.46273431181907654,0.9636335372924805,0.9911356568336487,0.9224350452423096,0.8811784982681274,0.8649535775184631,0.08854782581329346,0.074683777987957,-0.514252781867981,0.005447054747492075,0.25,0.0,1.0,0.20000000298023224,0.2272922396659851,0.538690447807312,0.9149256944656372
S,1.0,0.0,0.0,0.0,0.0,0.4620353877544403,0.43685856461524963,0.5139840841293335,0.46384721994400024,0.970416247844696,0.9946489930152893,0.9226295948028564,0.884591817855835,0.8622075319290161,0.08137933164834976,0.08580661565065384,-0.5144972205162048,0.013909687288105488,0.25,0.0,1.0,0.20000000298023224,0.23053374886512756,0.5411354899406433,0.9160194993019104
S,1.0,0.0,0.0,0.0,0.0,0.4602404236793518,0.4371764659881592,0.5135416984558105,0.46343156695365906,0.9637797474861145,0.9875099658966064,0.9131278395652771,0.8758218288421631,0.8600690364837646,0.07454982399940491,0.09237244725227356,-0.514375627040863,0.005986019968986511,0.25,0.0,1.0,0.20000000298023224,0.22974994778633118,0.5406897068023682,0.909132182598114
S,1.0,0.0,0.0,0.0,0.0,0.4608490765094757,0.4373175799846649,0.5140034556388855,0.46378403902053833,0.9662500619888306,0.989474356174469,0.907092809677124,0.872784435749054,0.8584331274032593,0.0759083479642868,0.09469562023878098,-0.5145370960235596,0.01792800985276699,0.25,0.0,1.0,0.20000000298023224,0.23061569035053253,0.5432758331298828,0.9069461822509766
S,1.0,0.0,0.0,0.0,0.0,0.45853137969970703,0.435219407081604,0.5162403583526611,0.46482765674591064,0.9677079319953918,1.0064283609390259,0.9235429763793945,0.8778588771820068,0.86042320728302,0.0819799080491066,0.08695772290229797,-0.5144137740135193,0.039859190583229065,0.25,0.0,1.0,0.20000000298023224,0.23528890311717987,0.540985643863678,0.9170633554458618
S,1.0,0.0,0.0,0.0,0.0,0.454310804605484,0.4349765479564667,0.5176956057548523,0.4665104150772095,0.974311888217926,1.021481990814209,0.9279135465621948,0.8774046897888184,0.8590748906135559,0.0767836719751358,0.09560669958591461,-0.5153821110725403,0.07259611785411835,0.25,0.0,1.0,0.20000000298023224,0.2390931099653244,0.54043048620224,0.9214687943458557
S,1.0,0.0,0.0,0.0,0.0,0.4560925364494324,0.43585124611854553,0.5171748995780945,0.4659048020839691,0.9747936725616455,1.0253229141235352,0.9348383545875549,0.8827216029167175,0.8603229522705078,0.0811997652053833,0.0895543172955513,-0.5162249803543091,0.06496277451515198,0.25,0.0,1.0,0.20000000298023224,0.23918525874614716,0.5408129096031189,0.9258014559745789
S,1.0,0.0,0.0,0.0,0.0,0.457666277885437,0.433989942073822,0.5174487829208374,0.466245174407959,0.9741451144218445,1.0238288640975952,0.9392423033714294,0.8864701390266418,0.8627429008483887,0.08935270458459854,0.08250724524259567,-0.5150337219238281,0.05099114030599594,0.25,0.0,1.0,0.20000000298023224,0.23876753449440002,0.5415393710136414,0.9280710220336914
S,1.0,0.0,0.0,0.0,0.0,0.45586639642715454,0.4336841404438019,0.5187290906906128,0.4674127399921417,0.972067654132843,1.0195341110229492,0.9330505728721619,0.8792595267295837,0.8565564751625061,0.08404786139726639,0.08541982620954514,-0.514974057674408,0.04945351183414459,0.25,0.0,1.0,0.20000000298023224,0.23870375752449036,0.544920802116394,0.9221001863479614
S,1.0,0.0,0.0,0.0,0.0,0.4604032635688782,0.4407109022140503,0.5123698711395264,0.4605202078819275,0.9704462885856628,1.0232802629470825,0.9318674206733704,0.8808655142784119,0.8565994501113892,0.08118430525064468,0.0900038331747055,-0.5211525559425354,0.06127447262406349,0.25,0.0,1.0,0.20000000298023224,0.2408413290977478,0.5462843179702759,0.9231531620025635
S,1.0,0.0,0.0,0.0,0.0,0.45948994159698486,0.43996474146842957,0.5130280256271362,0.4613838493824005,0.9697304964065552,1.0206661224365234,0.9311158061027527,0.8789737224578857,0.8510311245918274,0.07948211580514908,0.09065042436122894,-0.5207670331001282,0.055097177624702454,0.25,0.0,1.0,0.20000000298023224,0.23984001576900482,0.5466473698616028,0.9204466938972473
S,1.0,0.0,0.0,0.0,0.0,0.4566619396209717,0.4373345971107483,0.5155597925186157,0.46461623907089233,0.9666104316711426,1.0233211517333984,0.9367392063140869,0.8796359896659851,0.8526967763900757,0.08283565193414688,0.08822491765022278,-0.5190097689628601,0.058475542813539505,0.25,0.0,1.0,0.20000000298023224,0.239107146859169,0.5363097190856934,0.9230983257293701
S,1.0,0.0,0.0,0.0,0.0,0.4534820318222046,0.4371638894081116,0.5162403583526611,0.465823233127594,0.9735140204429626,1.0306814908981323,0.935653805732727,0.8820419907569885,0.8562227487564087,0.07684095203876495,0.09832888841629028,-0.5190277099609375,0.0775877833366394,0.25,0.0,1.0,0.20000000298023224,0.24201776087284088,0.542250394821167,0.9261499643325806
S,1.0,0.0,0.0,0.0,0.0,0.45438671112060547,0.4352337419986725,0.5174232721328735,0.4668565094470978,0.9696221947669983,1.0277725458145142,0.9370995759963989,0.8833162784576416,0.8554757833480835,0.08359682559967041,0.09044108539819717,-0.5175987482070923,0.06426730006933212,0.25,0.0,1.0,0.20000000298023224,0.24022656679153442,0.5374377965927124,0.9259160757064819
S,1.0,0.0,0.0,0.0,0.0,0.45139071345329285,0.43562573194503784,0.5169371962547302,0.46676570177078247,0.9663686156272888,1.0177204608917236,0.9297199249267578,0.8796429634094238,0.8519430160522461,0.07105612009763718,0.10114748030900955,-0.5188946723937988,0.05260906368494034,0.25,0.0,1.0,0.20000000298023224,0.2402874082326889,0.5376117825508118,0.9197565913200378
S,1.0,0.0,0.0,0.0,0.0,0.453287273645401,0.4370909631252289,0.515302836894989,0.46482229232788086,0.976325273513794,1.0314348936080933,0.9379722476005554,0.8845099210739136,0.8570291996002197,0.07512439042329788,0.10188563168048859,-0.5196519494056702,0.0720122680068016,0.25,0.0,1.0,0.20000000298023224,0.24375687539577484,0.5439856052398682,0.9277365803718567
S,1.0,0.0,0.0,0.0,0.0,0.45174503326416016,0.43700674176216125,0.5173014402389526,0.4674944579601288,0.9776698350906372,1.0352613925933838,0.9461241960525513,0.8878185749053955,0.8528518080711365,0.07406938076019287,0.09866746515035629,-0.5185567140579224,0.06346073746681213,0.25,0.0,1.0,0.20000000298023224,0.24214227497577667,0.5412365794181824,0.9305139780044556
S,1.0,0.0,0.0,0.0,0.0,0.45190921425819397,0.4352504312992096,0.5187206864356995,0.46848031878471375,0.9748919010162354,1.0277029275894165,0.9349068403244019,0.8849084377288818,0.8574820756912231,0.07438106834888458,0.09671005606651306,-0.5180407762527466,0.060593586415052414,0.25,0.0,1.0,0.20000000298023224,0.24038143455982208,0.5411625504493713,0.9262501001358032
S,1.0,0.0,0.0,0.0,0.0,0.45198044180870056,0.4353245496749878,0.5184269547462463,0.4679807424545288,0.9774921536445618,1.0256212949752808,0.9357645511627197,0.8822537660598755,0.8547348976135254,0.07113897055387497,0.09819017350673676,-0.5167429447174072,0.06374777853488922,0.25,0.0,1.0,0.20000000298023224,0.23937062919139862,0.5359995365142822,0.9245936274528503
S,1.0,0.0,0.0,0.0,0.0,0.4550272822380066,0.43986284732818604,0.5129839181900024,0.462001234292984,0.9689044952392578,1.0245252847671509,0.9295731782913208,0.8760384321212769,0.853152871131897,0.07311777025461197,0.10312861949205399,-0.5197014808654785,0.07579821348190308,0.25,0.0,1.0,0.20000000298023224,0.24185609817504883,0.5408092737197876,0.9208224415779114
S,1.0,0.0,0.0,0.0,0.0,0.45609334111213684,0.4393698573112488,0.5130473375320435,0.4623120427131653,0.9699796438217163,1.0228164196014404,0.9288651943206787,0.8802862167358398,0.8551120162010193,0.07436127215623856,0.10075662285089493,-0.520064651966095,0.07152700424194336,0.25,0.0,1.0,0.20000000298023224,0.24075408279895782,0.5415151715278625,0.9217699766159058
S,1.0,0.0,0.0,0.0,0.0,0.45687898993492126,0.4393051564693451,0.5129817724227905,0.4622603952884674,0.9662927389144897,1.0140799283981323,0.9253332018852234,0.8764060735702515,0.8520582318305969,0.07259280234575272,0.09842737019062042,-0.5204530954360962,0.051303863525390625,0.25,0.0,1.0,0.20000000298023224,0.23915022611618042,0.5433570742607117,0.916969358921051
S,1.0,0.0,0.0,0.0,0.0,0.4595720171928406,0.4386853873729706,0.5143516659736633,0.4630470871925354,0.9698001146316528,1.0142143964767456,0.9251893758773804,0.8780181407928467,0.8531991839408875,0.07877854257822037,0.0894889160990715,-0.5191365480422974,0.04973190277814865,0.25,0.0,1.0,0.20000000298023224,0.23749789595603943,0.5451608896255493,0.9176552891731262
S,1.0,0.0,0.0,0.0,0.0,0.4588044285774231,0.4390506446361542,0.5142629742622375,0.4634813964366913,0.9707251191139221,1.0153648853302002,0.9315957427024841,0.8811840415000916,0.844251811504364,0.07607504725456238,0.08945032954216003,-0.5189827680587769,0.05205751955509186,0.25,0.0,1.0,0.20000000298023224,0.23750250041484833,0.5455588102340698,0.9180991053581238
S,1.0,0.0,0.0,0.0,0.0,0.4610249996185303,0.44120609760284424,0.510907769203186,0.4602019190788269,0.9610360264778137,0.9962051510810852,0.9153293371200562,0.8715754151344299,0.8504774570465088,0.07033602148294449,0.0944671556353569,-0.5179272890090942,0.030923018231987953,0.25,0.0,1.0,0.20000000298023224,0.23214104771614075,0.5451894998550415,0.90839684009552
S,1.0,0.0,0.0,0.0,0.0,0.4651111364364624,0.44533610343933105,0.5064818859100342,0.4570554494857788,0.9569488763809204,0.9893779754638672,0.9148036241531372,0.8767111301422119,0.8563902378082275,0.0685901790857315,0.09350796788930893,-0.5205468535423279,0.026331452652812004,0.25,0.0,1.0,0.20000000298023224,0.2282019853591919,0.5377985835075378,0.9093207120895386
S,1.0,0.0,0.0,0.0,0.0,0.47215795516967773,0.449037104845047,0.5041493773460388,0.4563658833503723,0.962427020072937,0.9835924506187439,0.916255533695221,0.8793002367019653,0.8530208468437195,0.07375814765691757,0.08375611156225204,-0.5201027393341064,0.0052878218702971935,0.25,0.0,1.0,0.20000000298023224,0.22012503445148468,0.532357394695282,0.9080422520637512
S,1.0,0.0,0.0,0.0,0.0,0.4730224311351776,0.4461987614631653,0.5054747462272644,0.45928409695625305,0.9836248159408569,0.9914571046829224,0.9287681579589844,0.8915646076202393,0.871020495891571,0.0835617408156395,0.08471491932868958,-0.518130362033844,0.0019629853777587414,0.0,0.0,1.0,0.20000000298023224,0.2203775942325592,0.5303710699081421,0.9207025766372681
S,1.0,0.0,0.0,0.0,0.0,0.4732617139816284,0.44795161485671997,0.5027555227279663,0.4560352861881256,0.9814544916152954,1.0177507400512695,0.9449942111968994,0.9039280414581299,0.8816521763801575,0.08734682947397232,0.08119018375873566,-0.5222185850143433,0.07433763891458511,0.25,0.0,1.0,0.20000000298023224,0.22390864789485931,0.5188151597976685,0.9370812773704529
S,1.0,0.0,0.0,0.0,0.0,0.4702529311180115,0.5496972799301147,0.49942806363105774,0.45149070024490356,0.9687503576278687,1.0244653224945068,0.9480677843093872,0.9048455357551575,0.8858811259269714,0.08367468416690826,0.0935632511973381,-0.5248041749000549,0.08675359934568405,0.25,0.0,1.0,0.20000000298023224,0.23027345538139343,0.5188341736793518,0.9408149719238281
S,1.0,0.0,0.0,0.0,0.0,0.46918004751205444,0.4498595595359802,0.5004018545150757,0.4518636465072632,0.9522385001182556,1.018170714378357,0.947613537311554,0.9040209650993347,0.8834967017173767,0.08898245543241501,0.09085919708013535,-0.524537205696106,0.052025504410266876,0.25,0.0,1.0,0.20000000298023224,0.22962772846221924,0.5215791463851929,0.9383254647254944
S,1.0,0.0,0.0,0.0,0.0,0.4708749055862427,0.44982147216796875,0.5002508759498596,0.4511133134365082,0.954902172088623,1.0209673643112183,0.9482679963111877,0.9074949026107788,0.8883500099182129,0.09288716316223145,0.08654381334781647,-0.5251473784446716,0.057896990329027176,0.25,0.0,1.0,0.20000000298023224,0.2299787551164627,0.5253266096115112,0.9412700533866882
S,1.0,0.0,0.0,0.0,0.0,0.4719618856906891,0.44869405031204224,0.5005969405174255,0.45203667879104614,0.9618725180625916,1.0088424682617188,0.9361063241958618,0.8993926644325256,0.8834752440452576,0.0859588235616684,0.08574157953262329,-0.5241157412528992,0.04995639994740486,0.25,0.0,1.0,0.20000000298023224,0.22725564241409302,0.5267250537872314,0.9319541454315186
S,1.0,0.0,0.0,0.0,0.0,0.4733470678329468,0.4495953321456909,0.5007559061050415,0.4532032310962677,0.9773546457290649,1.0312730073928833,0.9571368098258972,0.911129355430603,0.8883355259895325,0.09228527545928955,0.08122366666793823,-0.5231755375862122,0.07015335559844971,0.25,0.0,1.0,0.20000000298023224,0.22856269776821136,0.5264949202537537,0.946968674659729
S,1.0,0.0,0.0,0.0,0.0,0.47616031765937805,0.4517998993396759,0.50075763463974,0.4526698887348175,0.9662717580795288,1.0282049179077148,0.9635939598083496,0.9148812294006348,0.8814767003059387,0.09824395924806595,0.07000730186700821,-0.52455073595047,0.023762604221701622,0.25,0.0,1.0,0.20000000298023224,0.22591044008731842,0.5243602991104126,0.9470391869544983
S,1.0,0.0,0.0,0.0,0.0,0.47425732016563416,0.4519580602645874,0.5009138584136963,0.45253774523735046,0.9635563492774963,1.0204118490219116,0.9549292325973511,0.9098681807518005,0.882423460483551,0.08975501358509064,0.07529905438423157,-0.5243765711784363,0.014429254457354546,0.25,0.0,1.0,0.20000000298023224,0.2249944806098938,0.5255695581436157,0.9419081807136536
S,1.0,0.0,0.0,0.0,0.0,0.47278741002082825,0.4502098262310028,0.5017533302307129,0.45376303791999817,0.9679553508758545,1.0172613859176636,0.9548729658126831,0.9135435223579407,0.88425612449646,0.08592354506254196,0.0779794454574585,-0.523820161819458,0.005420628935098648,0.25,0.0,1.0,0.20000000298023224,0.22453583776950836,0.5260055661201477,0.9424834847450256
S,1.0,0.0,0.0,0.0,0.0,0.46993640065193176,0.44856932759284973,0.5033262968063354,0.4555341303348541,0.9785844087600708,1.027464509010315,0.9622671008110046,0.9178829789161682,0.8850319385528564,0.08317551761865616,0.08310433477163315,-0.5235205292701721,0.01924208365380764,0.25,0.0,1.0,0.20000000298023224,0.22882023453712463,0.5255876183509827,0.9481616616249084
S,1.0,0.0,0.0,0.0,0.0,0.46600088477134705,0.44825056195259094,0.5046780705451965,0.456929087638855,0.9748436808586121,1.0393967628479004,0.9649293422698975,0.9164572954177856,0.8835331797599792,0.08554038405418396,0.08985674381256104,-0.5231408476829529,0.052950967103242874,0.25,0.0,1.0,0.20000000298023224,0.23301467299461365,0.5254144072532654,0.9510791301727295
S,1.0,0.0,0.0,0.0,0.0,0.4653714895248413,0.4454704523086548,0.5074989199638367,0.4590957462787628,0.9749168753623962,1.0369493961334229,0.9639987349510193,0.913044810295105,0.8764476776123047,0.0883084312081337,0.08331918716430664,-0.5210131406784058,0.04658474773168564,0.25,0.0,1.0,0.20000000298023224,0.2317396104335785,0.5228303670883179,0.9476101398468018
S,1.0,0.0,0.0,0.0,0.0,0.4637468457221985,0.4451981484889984,0.5074218511581421,0.458915650844574,0.9767647981643677,1.0331785678863525,0.9558583498001099,0.9092621207237244,0.8786571025848389,0.08129185438156128,0.08995307981967926,-0.520366370677948,0.06165178865194321,0.25,0.0,1.0,0.20000000298023224,0.23222309350967407,0.5216131210327148,0.9442390203475952
S,1.0,0.0,0.0,0.0,0.0,0.4626419246196747,0.44353777170181274,0.5071898698806763,0.45821425318717957,0.9711273908615112,1.0275804996490479,0.9532139301300049,0.9062825441360474,0.8770725727081299,0.0823434442281723,0.09289626032114029,-0.5210468173027039,0.05114128813147545,0.25,0.0,1.0,0.20000000298023224,0.23464040458202362,0.5216182470321655,0.9410373568534851
S,1.0,0.0,0.0,0.0,0.0,0.46402865648269653,0.44487079977989197,0.5061845183372498,0.45758357644081116,0.977695107460022,1.0342236757278442,0.9506697058677673,0.9056406617164612,0.8785445690155029,0.08280792832374573,0.09414689987897873,-0.5211901664733887,0.08416464179754257,0.25,0.0,1.0,0.20000000298023224,0.2353006899356842,0.5255526900291443,0.9422696232795715
S,1.0,0.0,0.0,0.0,0.0,0.4641430377960205,0.44672584533691406,0.5055028200149536,0.4568101763725281,0.9762284755706787,1.0311275720596313,0.9490649700164795,0.90394127368927,0.8773095011711121,0.07763372361660004,0.09569084644317627,-0.5230165123939514,0.07831024378538132,0.25,0.0,1.0,0.20000000298023224,0.2341408133506775,0.522045910358429,0.9403608441352844
S,1.0,0.0,0.0,0.0,0.0,0.46206894516944885,0.44533583521842957,0.5061862468719482,0.4573702812194824,0.9812056422233582,1.0311691761016846,0.9494274258613586,0.9067146182060242,0.8766639232635498,0.07274433970451355,0.10132939368486404,-0.5212152004241943,0.07724926620721817,0.25,0.0,1.0,0.20000000298023224,0.23515698313713074,0.5226845145225525,0.9409937858581543
S,1.0,0.0,0.0,0.0,0.0,0.4603058099746704,0.44160595536231995,0.5098426938056946,0.4616805911064148,0.9687095284461975,1.0278986692428589,0.9454842209815979,0.8959034085273743,0.8667168617248535,0.08330003172159195,0.09267563372850418,-0.5187962055206299,0.07516223192214966,0.25,0.0,1.0,0.20000000298023224,0.2326950877904892,0.5224201083183289,0.9340007901191711
S,1.0,0.0,0.0,0.0,0.0,0.462246298789978,0.4409380257129669,0.5091213583946228,0.46160605549812317,0.961367666721344,1.005842924118042,0.9317926168441772,0.8815808892250061,0.8572702407836914,0.07943366467952728,0.09009911119937897,-0.5200141668319702,0.04839445278048515,0.25,0.0,1.0,0.20000000298023224,0.22871197760105133,0.5191919207572937,0.9191216230392456
S,1.0,0.0,0.0,0.0,0.0,0.4584181606769562,0.43971580266952515,0.5103911757469177,0.4622806906700134,0.9644091725349426,1.0250663757324219,0.940338671207428,0.8930379748344421,0.8681827783584595,0.08420853316783905,0.09633249044418335,-0.5208072662353516,0.08032895624637604,0.25,0.0,1.0,0.20000000298023224,0.23562884330749512,0.5233569741249084,0.9316564798355103
S,1.0,0.0,0.0,0.0,0.0,0.45909151434898376,0.4398540258407593,0.5109622478485107,0.46405029296875,0.9732851982116699,1.0215519666671753,0.9481027722358704,0.891804039478302,0.8619931936264038,0.07720210403203964,0.09378410875797272,-0.5180625319480896,0.055720213800668716,0.25,0.0,1.0,0.20000000298023224,0.23102091252803802,0.5187588930130005,0.9308630228042603
S,1.0,0.0,0.0,0.0,0.0,0.4594600200653076,0.4405530095100403,0.5108600854873657,0.4622223973274231,0.9715337753295898,1.0215857028961182,0.9404714107513428,0.8925186395645142,0.8676943778991699,0.07749750465154648,0.09435521066188812,-0.5191774368286133,0.06300651282072067,0.25,0.0,1.0,0.20000000298023224,0.23238886892795563,0.5218362808227539,0.9305675029754639
S,1.0,0.0,0.0,0.0,0.0,0.4583258032798767,0.4392302930355072,0.5122644901275635,0.46472111344337463,0.9816416501998901,1.038461685180664,0.9578248262405396,0.9041572213172913,0.8692681193351746,0.08304255455732346,0.09267092496156693,-0.5188767910003662,0.07106771320104599,0.25,0.0,1.0,0.20000000298023224,0.23524174094200134,0.5197632312774658,0.942427933216095
S,1.0,0.0,0.0,0.0,0.0,0.4591117203235626,0.44000306725502014,0.5108553171157837,0.462960809469223,0.9840571284294128,1.0327692031860352,0.9551862478256226,0.9032926559448242,0.8740723729133606,0.07768082618713379,0.09589042514562607,-0.5183510780334473,0.06759417802095413,0.25,0.0,1.0,0.20000000298023224,0.23509792983531952,0.5185303688049316,0.9413301348686218
S,1.0,0.0,0.0,0.0,0.0,0.45678356289863586,0.4371981918811798,0.512851893901825,0.4645549952983856,0.9725381135940552,1.024266242980957,0.9471948146820068,0.8941956758499146,0.864461362361908,0.08028597384691238,0.09496597200632095,-0.5184798836708069,0.0546116977930069,0.25,0.0,1.0,0.20000000298023224,0.2357468605041504,0.5206652879714966,0.9325295090675354
S,1.0,0.0,0.0,0.0,0.0,0.4547971189022064,0.4361785054206848,0.5123155117034912,0.4656105041503906,0.9616506695747375,1.0061103105545044,0.9348118305206299,0.8784484267234802,0.8473020195960999,0.07270446419715881,0.1015283390879631,-0.5174164772033691,0.04095621034502983,0.25,0.0,1.0,0.20000000298023224,0.23330631852149963,0.5222060084342957,0.9166681170463562
S,1.0,0.0,0.0,0.0,0.0,0.4515627324581146,0.43643611669540405,0.5126168131828308,0.4656245708465576,0.9636712670326233,1.010095238685608,0.9345936179161072,0.8831233382225037,0.8583350777626038,0.0659772977232933,0.11062988638877869,-0.5178067684173584,0.043446529656648636,0.25,0.0,1.0,0.20000000298023224,0.2353345900774002,0.5270432829856873,0.9215368032455444
S,1.0,0.0,0.0,0.0,0.0,0.45568814873695374,0.4378010928630829,0.5115166902542114,0.4633605182170868,0.9732556939125061,1.0203555822372437,0.9433486461639404,0.8926270604133606,0.8642674684524536,0.07316713035106659,0.10310989618301392,-0.5196467638015747,0.05552070215344429,0.25,0.0,1.0,0.20000000298023224,0.23716017603874207,0.5259126424789429,0.9301496744155884
S,1.0,0.0,0.0,0.0,0.0,0.45424550771713257,0.43783485889434814,0.5122065544128418,0.4635967016220093,0.9771797060966492,1.0226701498031616,0.9439765810966492,0.895982563495636,0.8676259517669678,0.06873857975006104,0.10648597031831741,-0.5195601582527161,0.057478561997413635,0.25,0.0,1.0,0.20000000298023224,0.23711742460727692,0.5218814611434937,0.9325637817382812
S,1.0,0.0,0.0,0.0,0.0,0.45224347710609436,0.4367658495903015,0.5134066939353943,0.46549081802368164,0.967552661895752,1.0117013454437256,0.9358184933662415,0.8901798725128174,0.8630654811859131,0.0652918666601181,0.10742930322885513,-0.5183824896812439,0.048483822494745255,0.25,0.0,1.0,0.20000000298023224,0.23435881733894348,0.5206146240234375,0.9251912832260132
S,1.0,0.0,0.0,0.0,0.0,0.44891974329948425,0.4343515932559967,0.5163395404815674,0.46780991554260254,0.9768686294555664,1.0287922620773315,0.9508271217346191,0.8995326161384583,0.8685246706008911,0.06928777694702148,0.10831093788146973,-0.5205270051956177,0.032580118626356125,0.25,0.0,1.0,0.20000000298023224,0.24066570401191711,0.529188871383667,0.9369191527366638
T,1.0,0.0,0.0,0.0,0.0,0.4269222319126129,0.36267298460006714,0.5773954391479492,0.4920913279056549,1.3891878128051758,0.8608347773551941,0.6914166808128357,0.6545677185058594,0.697606086730957,0.5724620819091797,0.6978977918624878,-0.45218461751937866,0.010602395981550217,0.0,0.0,1.0,0.20000000298023224,0.47288551926612854,0.6657729744911194,0.7261063456535339
T,1.0,0.0,0.0,0.0,0.0,0.4237413704395294,0.3600389361381531,0.5797833204269409,0.4967455565929413,1.395237684249878,0.8582908511161804,0.6993852853775024,0.6545356512069702,0.6969881057739258,0.5797532200813293,0.6959383487701416,-0.4497828185558319,0.012004720978438854,0.0,0.0,1.0,0.20000000298023224,0.4723737835884094,0.6606236100196838,0.7272999882698059
T,1.0,0.0,0.0,0.0,0.0,0.4217938184738159,0.35526546835899353,0.5809462070465088,0.4969518780708313,1.390228033065796,0.8484882116317749,0.6837037205696106,0.6448900103569031,0.6890693306922913,0.5872162580490112,0.7065741419792175,-0.44862428307533264,0.0007640835247002542,0.0,0.0,1.0,0.20000000298023224,0.47535058856010437,0.6585023403167725,0.7165377736091614
T,1.0,0.0,0.0,0.0,0.0,0.42300379276275635,0.3560850918292999,0.41962558031082153,0.5004919767379761,1.3803725242614746,0.840061366558075,0.7068050503730774,0.6639459133148193,0.6969982981681824,0.5856608152389526,0.67364901304245,-0.4507176876068115,0.004950286820530891,0.0,0.0,1.0,0.20000000298023224,0.4649266004562378,0.6453968286514282,0.7269526720046997
T,1.0,0.0,0.0,0.0,0.0,0.4155726432800293,0.34605497121810913,0.4026741683483124,0.5175970196723938,1.3989397287368774,0.8819097280502319,0.7082642316818237,0.6516100764274597,0.6777256727218628,0.570904552936554,0.6918520927429199,-0.44706225395202637,0.056144412606954575,0.0,0.0,1.0,0.20000000298023224,0.472646027803421,0.6170267462730408,0.7298774123191833
T,1.0,0.0,0.0,0.0,0.0,0.41136434674263,0.3406742215156555,0.405481219291687,0.5163819193840027,1.3935003280639648,0.8523003458976746,0.7185121178627014,0.6644566655158997,0.6830695867538452,0.5926489233970642,0.6752415299415588,-0.4433109760284424,0.03445941209793091,0.0,0.0,1.0,0.20000000298023224,0.46479567885398865,0.6143307685852051,0.7295846939086914
T,1.0,0.0,0.0,0.0,0.0,0.4095906913280487,0.34859004616737366,0.4169371426105499,0.508389413356781,1.3733717203140259,0.8527581095695496,0.7347882390022278,0.6811954379081726,0.6887627840042114,0.5602841973304749,0.6390041708946228,-0.4509075880050659,0.04344817250967026,0.0,0.0,1.0,0.20000000298023224,0.451809823513031,0.6041385531425476,0.7393761277198792
T,1.0,0.0,0.0,0.0,0.0,0.41167742013931274,0.33282575011253357,0.5757689476013184,0.49810928106307983,1.370938777923584,0.8297417163848877,0.7442160844802856,0.6818372011184692,0.6856146454811096,0.6019488573074341,0.6279873251914978,-0.4537946283817291,0.07424022257328033,0.0,0.0,1.0,0.20000000298023224,0.4706819951534271,0.6068788766860962,0.7353523969650269
T,1.0,0.0,0.0,0.0,0.0,0.40949341654777527,0.32722827792167664,0.5682715773582458,0.4881352186203003,1.4054265022277832,0.8169867396354675,0.735850989818573,0.6540728211402893,0.6611843705177307,0.6500216722488403,0.6733316779136658,-0.46009358763694763,0.090936079621315,0.0,0.0,1.0,0.20000000298023224,0.5014674067497253,0.6100366115570068,0.7170237302780151
T,1.0,0.0,0.0,0.0,0.0,0.4141109883785248,0.33535632491111755,0.5610772371292114,0.48050275444984436,1.41497802734375,0.8330880403518677,0.7416663765907288,0.6596435904502869,0.6608012914657593,0.6406152844429016,0.6780278086662292,-0.4720236361026764,0.09879299253225327,0.0,0.0,1.0,0.20000000298023224,0.5076720714569092,0.6096353530883789,0.7237998247146606
T,1.0,0.0,0.0,0.0,0.0,0.4178674519062042,0.33732935786247253,0.5626515746116638,0.4830479621887207,1.3921350240707397,0.8283579349517822,0.7412616014480591,0.6530606746673584,0.6628085970878601,0.6255208253860474,0.6538349986076355,-0.46413755416870117,0.08711232244968414,0.0,0.0,1.0,0.20000000298023224,0.49399733543395996,0.6139633655548096,0.7213721871376038
T,1.0,0.0,0.0,0.0,0.0,0.4224535822868347,0.33596259355545044,0.5801564455032349,0.49870428442955017,1.4458160400390625,0.8394618630409241,0.7144649624824524,0.6501628160476685,0.6721997261047363,0.6758145093917847,0.7313986420631409,-0.4521474838256836,0.054446786642074585,0.0,0.0,1.0,0.20000000298023224,0.5059947371482849,0.6491139531135559,0.7190723419189453
T,1.0,0.0,0.0,0.0,0.0,0.4179166257381439,0.3386610150337219,0.4075523018836975,0.5078766345977783,1.4192134141921997,0.9087244868278503,0.7140260338783264,0.6449440717697144,0.6698992848396301,0.5832158327102661,0.7059487104415894,-0.4427378177642822,0.07659370452165604,0.0,0.0,1.0,0.20000000298023224,0.49695420265197754,0.6540023684501648,0.7343984842300415
T,1.0,0.0,0.0,0.0,0.0,0.4211137890815735,0.3360365033149719,0.40360772609710693,0.5096668601036072,1.3997461795806885,0.8453121781349182,0.697786808013916,0.6442826390266418,0.6784841418266296,0.6256369948387146,0.704059898853302,-0.4388088881969452,0.00682039326056838,0.0,0.0,1.0,0.20000000298023224,0.4832964241504669,0.6654364466667175,0.7164664268493652
T,1.0,0.0,0.0,0.0,0.0,0.4213441014289856,0.3374796211719513,0.40713611245155334,0.5055208206176758,1.4119864702224731,0.8220564723014832,0.7032516002655029,0.6481923460960388,0.6846311092376709,0.6543126702308655,0.710128903388977,-0.4404214918613434,0.010179873555898666,0.0,0.0,1.0,0.20000000298023224,0.4872765839099884,0.6674782633781433,0.7145328521728516
T,1.0,0.0,0.0,0.0,0.0,0.42005133628845215,0.3378027379512787,0.4099496603012085,0.5060544610023499,1.4252185821533203,0.8241153359413147,0.7024605870246887,0.6460742950439453,0.6919478178024292,0.662804365158081,0.7234551310539246,-0.44130539894104004,0.00518742436543107,0.0,0.0,1.0,0.20000000298023224,0.48865246772766113,0.6592279672622681,0.7161495089530945
T,1.0,0.0,0.0,0.0,0.0,0.42567524313926697,0.3447069823741913,0.3981894850730896,0.5168986916542053,1.3392109870910645,0.8193048238754272,0.7030325531959534,0.6487222909927368,0.7006260752677917,0.5838790535926819,0.6416686773300171,-0.4386986196041107,0.0189274363219738,0.0,0.0,1.0,0.20000000298023224,0.43981054425239563,0.6092715859413147,0.7179214358329773
T,1.0,0.0,0.0,0.0,0.0,0.4302741587162018,0.3406975269317627,0.40142613649368286,0.5197514891624451,1.3225352764129639,0.7963650822639465,0.7170495390892029,0.674607515335083,0.7454984784126282,0.5997619032859802,0.6118797063827515,-0.4469089210033417,0.003996205050498247,0.0,0.0,1.0,0.20000000298023224,0.4217328429222107,0.568727970123291,0.733380138874054
T,1.0,0.0,0.0,0.0,0.0,0.4177491068840027,0.3244459927082062,0.3928270637989044,0.5182647705078125,1.3360817432403564,0.7759742140769958,0.6870536804199219,0.6527754664421082,0.715401828289032,0.6341631412506104,0.653346598148346,-0.43173131346702576,0.014535400085151196,0.0,0.0,1.0,0.20000000298023224,0.4528846740722656,0.6360335946083069,0.7078012824058533
T,1.0,0.0,0.0,0.0,0.0,0.4065857529640198,0.3177489638328552,0.39254942536354065,0.5155080556869507,1.3852850198745728,0.7979316711425781,0.698395311832428,0.6624531745910645,0.7365280389785767,0.6561432480812073,0.6882574558258057,-0.4225226640701294,0.005836325231939554,0.0,0.0,1.0,0.20000000298023224,0.4799666404724121,0.6619605422019958,0.723827064037323
T,1.0,0.0,0.0,0.0,0.0,0.4081821143627167,0.31982773542404175,0.3947187066078186,0.513732373714447,1.3784033060073853,0.7884751558303833,0.6861915588378906,0.6486461162567139,0.7188218235969543,0.6566708087921143,0.6934328079223633,-0.424970418214798,0.008060101419687271,0.0,0.0,1.0,0.20000000298023224,0.47889745235443115,0.6615577936172485,0.7105336785316467
T,1.0,0.0,0.0,0.0,0.0,0.40817758440971375,0.32112836837768555,0.39362862706184387,0.5201132893562317,1.3810808658599854,0.7883360981941223,0.6987619996070862,0.6645154356956482,0.7368170022964478,0.6574690937995911,0.683794379234314,-0.42057421803474426,0.024089301005005836,0.0,0.0,1.0,0.20000000298023224,0.46625521779060364,0.6615767478942871,0.7221076488494873
T,1.0,0.0,0.0,0.0,0.0,0.4131563603878021,0.32711124420166016,0.3958917260169983,0.5146019458770752,1.3730220794677734,0.7865092754364014,0.6922707557678223,0.6669692397117615,0.7351242303848267,0.6499447822570801,0.6828015446662903,-0.4234428405761719,0.036704402416944504,0.0,0.0,1.0,0.20000000298023224,0.46469807624816895,0.6661010384559631,0.7202183604240417
T,1.0,0.0,0.0,0.0,0.0,0.4338858723640442,0.36187392473220825,0.580680251121521,0.49508705735206604,1.3648357391357422,0.8268633484840393,0.7050532698631287,0.6624777317047119,0.7125422954559326,0.5890057682991028,0.6613075137138367,-0.4431467354297638,0.0573764443397522,0.0,0.0,1.0,0.20000000298023224,0.4541987478733063,0.6527833342552185,0.7267341613769531
T,1.0,0.0,0.0,0.0,0.0,0.441118061542511,0.36833736300468445,0.5710024833679199,0.48442989587783813,1.3857319355010986,0.8221271634101868,0.713495671749115,0.6653431057929993,0.712224543094635,0.6139631271362305,0.6733015179634094,-0.4520670771598816,0.05578642711043358,0.0,0.0,1.0,0.20000000298023224,0.465936541557312,0.6597771644592285,0.7282975912094116
T,1.0,0.0,0.0,0.0,0.0,0.43780314922332764,0.360178142786026,0.5770240426063538,0.4915016293525696,1.3693084716796875,0.8026370406150818,0.7001426815986633,0.6526040434837341,0.6999912261962891,0.6214137077331543,0.6707180142402649,-0.44951316714286804,0.04479265585541725,0.0,0.0,1.0,0.20000000298023224,0.46062734723091125,0.6517520546913147,0.7138437628746033
T,1.0,0.0,0.0,0.0,0.0,0.4318064749240875,0.3534717559814453,0.41360312700271606,0.5018630623817444,1.354544758796692,0.7972668409347534,0.6940844655036926,0.6569084525108337,0.7006843686103821,0.6128894686698914,0.6627833247184753,-0.4405153691768646,0.05484411492943764,0.0,0.0,1.0,0.20000000298023224,0.4500081539154053,0.6484512686729431,0.7122360467910767
T,1.0,0.0,0.0,0.0,0.0,0.43662029504776,0.3600690960884094,0.577067494392395,0.49635881185531616,1.3749345541000366,0.7835172414779663,0.7027353644371033,0.6508995890617371,0.7053017616271973,0.6417019367218018,0.6735266447067261,-0.44746866822242737,0.04232402518391609,0.0,0.0,1.0,0.20000000298023224,0.4534093141555786,0.6325587034225464,0.710613489151001
T,1.0,0.0,0.0,0.0,0.0,0.4310683012008667,0.3533506989479065,0.5807657241821289,0.4940757155418396,1.416443943977356,0.8223202228546143,0.6948212385177612,0.6435189247131348,0.7031192779541016,0.6496720314025879,0.7225644588470459,-0.4473540484905243,0.01522795483469963,0.0,0.0,1.0,0.20000000298023224,0.48465436697006226,0.6559126973152161,0.7159449458122253
T,1.0,0.0,0.0,0.0,0.0,0.42848682403564453,0.3444124460220337,0.584929883480072,0.4962581992149353,1.3753738403320312,0.8127555251121521,0.6956988573074341,0.6501379609107971,0.7075378894805908,0.6277511119842529,0.6809242367744446,-0.44168969988822937,0.014622085727751255,0.0,0.0,1.0,0.20000000298023224,0.47430387139320374,0.6661922931671143,0.7165325880050659
T,1.0,0.0,0.0,0.0,0.0,0.427550345659256,0.34712255001068115,0.5856013894081116,0.494680255651474,1.3862725496292114,0.8378404974937439,0.6995710134506226,0.6561457514762878,0.7118765115737915,0.6119934320449829,0.6879057884216309,-0.440773606300354,0.004919261205941439,0.0,0.0,1.0,0.20000000298023224,0.4793619215488434,0.6651798486709595,0.7263584733009338
T,1.0,0.0,0.0,0.0,0.0,0.4244370758533478,0.34206128120422363,0.4124142527580261,0.5002754926681519,1.392640471458435,0.8074305653572083,0.6897225379943848,0.6527538895606995,0.7104518413543701,0.6460338234901428,0.7038918733596802,-0.4396830201148987,0.009817377664148808,0.0,0.0,1.0,0.20000000298023224,0.47761133313179016,0.6563557982444763,0.715089738368988
T,1.0,0.0,0.0,0.0,0.0,0.42431333661079407,0.3417924642562866,0.4140990972518921,0.500957727432251,1.391173243522644,0.8036049604415894,0.6940345764160156,0.6565839052200317,0.7083035111427307,0.6480379700660706,0.697851300239563,-0.4392513334751129,0.008002924732863903,0.0,0.0,1.0,0.20000000298023224,0.47350791096687317,0.6523709297180176,0.7156317234039307
T,1.0,0.0,0.0,0.0,0.0,0.4249397814273834,0.34556660056114197,0.5878669619560242,0.4993147552013397,1.3899794816970825,0.8202036619186401,0.6846342086791992,0.6458035707473755,0.7019620537757874,0.6286228895187378,0.706436276435852,-0.4402173161506653,0.014136348851025105,0.0,0.0,1.0,0.20000000298023224,0.4769115746021271,0.6606850624084473,0.7131508588790894
T,1.0,0.0,0.0,0.0,0.0,0.42982757091522217,0.3509581387042999,0.5819807648658752,0.4959157705307007,1.391191840171814,0.8092824220657349,0.696415364742279,0.6459243297576904,0.7001757621765137,0.6382677555084229,0.6957352161407471,-0.4449833333492279,0.01855459064245224,0.0,0.0,1.0,0.20000000298023224,0.4730663001537323,0.6469842791557312,0.7129494547843933
T,1.0,0.0,0.0,0.0,0.0,0.43292465806007385,0.35368508100509644,0.5838034749031067,0.4950731098651886,1.3645315170288086,0.803392231464386,0.6894039511680603,0.6484756469726562,0.7038794755935669,0.6184355020523071,0.6770485639572144,-0.4425378143787384,0.038054924458265305,0.0,0.0,1.0,0.20000000298023224,0.46186596155166626,0.6506277918815613,0.7112878561019897
T,1.0,0.0,0.0,0.0,0.0,0.4327317774295807,0.3516751825809479,0.5869636535644531,0.497976154088974,1.3777110576629639,0.806586742401123,0.6901478171348572,0.6429933905601501,0.7002368569374084,0.6307559609413147,0.6902046203613281,-0.44182664155960083,0.03837820142507553,0.0,0.0,1.0,0.20000000298023224,0.4676540493965149,0.6526244282722473,0.7099912166595459
T,1.0,0.0,0.0,0.0,0.0,0.43329116702079773,0.3542114496231079,0.5866732001304626,0.49846604466438293,1.3761028051376343,0.8155818581581116,0.6926668882369995,0.649688184261322,0.7028339505195618,0.6189495921134949,0.6861726641654968,-0.4419507384300232,0.043153755366802216,0.0,0.0,1.0,0.20000000298023224,0.4648358225822449,0.6534727215766907,0.7151927351951599
T,1.0,0.0,0.0,0.0,0.0,0.43512389063835144,0.35295501351356506,0.5814658999443054,0.4932771623134613,1.3824800252914429,0.8099195957183838,0.6990314722061157,0.6458820104598999,0.7024762630462646,0.6340545415878296,0.6853658556938171,-0.4469296634197235,0.026626089587807655,0.0,0.0,1.0,0.20000000298023224,0.47111648321151733,0.6565113663673401,0.714327335357666
T,1.0,0.0,0.0,0.0,0.0,0.4373266398906708,0.3600647449493408,0.5806865692138672,0.4936509132385254,1.3831477165222168,0.8166089653968811,0.6935825943946838,0.6484209895133972,0.7010735273361206,0.6222416758537292,0.6917885541915894,-0.4466625154018402,0.04057009145617485,0.0,0.0,1.0,0.20000000298023224,0.4661951959133148,0.6488330960273743,0.7149215340614319
T,1.0,0.0,0.0,0.0,0.0,0.43818557262420654,0.3573915362358093,0.5767388343811035,0.4883260130882263,1.3950011730194092,0.8194911479949951,0.6993567943572998,0.6405593156814575,0.6952944993972778,0.6359779834747314,0.6971839070320129,-0.45247682929039,0.01647101156413555,0.0,0.0,1.0,0.20000000298023224,0.47895321249961853,0.6553099751472473,0.7136754393577576
T,1.0,0.0,0.0,0.0,0.0,0.4388991594314575,0.3574053943157196,0.5782409906387329,0.4898364245891571,1.3992688655853271,0.8191010355949402,0.6994162797927856,0.6418263912200928,0.6944161057472229,0.641335129737854,0.7018765211105347,-0.45192551612854004,0.024078218266367912,0.0,0.0,1.0,0.20000000298023224,0.4800100326538086,0.6605505347251892,0.713689923286438
T,1.0,0.0,0.0,0.0,0.0,0.4376014769077301,0.35792282223701477,0.5788121223449707,0.49132612347602844,1.3984699249267578,0.8179733753204346,0.7042979598045349,0.6447656154632568,0.7005270719528198,0.6389672160148621,0.6960552930831909,-0.45004117488861084,0.03001108579337597,0.0,0.0,1.0,0.20000000298023224,0.47631174325942993,0.6568291783332825,0.7168909907341003
T,1.0,0.0,0.0,0.0,0.0,0.4375060796737671,0.3597535192966461,0.5785406827926636,0.49137696623802185,1.3997350931167603,0.82478266954422,0.7007207274436951,0.6438820362091064,0.6956039071083069,0.6317529678344727,0.7007946968078613,-0.45112019777297974,0.025319743901491165,0.0,0.0,1.0,0.20000000298023224,0.47605791687965393,0.6499846577644348,0.7162473201751709
T,1.0,0.0,0.0,0.0,0.0,0.43985089659690857,0.3552386164665222,0.5725635886192322,0.48544520139694214,1.406766414642334,0.8268018364906311,0.7127301692962646,0.6598412394523621,0.704220175743103,0.6465760469436646,0.6951339244842529,-0.4571422338485718,0.007460006047040224,0.0,0.0,1.0,0.20000000298023224,0.48435384035110474,0.6565334796905518,0.7258983254432678
T,1.0,0.0,0.0,0.0,0.0,0.4505099654197693,0.3673225939273834,0.5608394145965576,0.4734376072883606,1.3633965253829956,0.8274708390235901,0.7082201838493347,0.6654195189476013,0.7081217169761658,0.603184700012207,0.6561124324798584,-0.47172045707702637,0.015796922147274017,0.0,0.0,1.0,0.20000000298023224,0.46571946144104004,0.6484873294830322,0.7273080348968506
T,1.0,0.0,0.0,0.0,0.0,0.4553065598011017,0.36842426657676697,0.56239914894104,0.47744929790496826,1.3703380823135376,0.8449739813804626,0.7023510336875916,0.6377159357070923,0.6843852400779724,0.6014465689659119,0.6702117919921875,-0.474855899810791,0.03787188231945038,0.0,0.0,1.0,0.20000000298023224,0.4699949622154236,0.6330092549324036,0.7173565626144409
T,1.0,0.0,0.0,0.0,0.0,0.459421843290329,0.37590792775154114,0.5569401383399963,0.4704076945781708,1.3808151483535767,0.8361231088638306,0.7055979371070862,0.6369265913963318,0.6714449524879456,0.6129505038261414,0.6771204471588135,-0.4808593988418579,0.017477434128522873,0.0,0.0,1.0,0.20000000298023224,0.47462522983551025,0.6392127275466919,0.7125231623649597
T,1.0,0.0,0.0,0.0,0.0,0.4500165283679962,0.36649376153945923,0.5645551681518555,0.47314324975013733,1.3834375143051147,0.8533257842063904,0.6911904215812683,0.6216520667076111,0.6667782068252563,0.6015257239341736,0.6936928033828735,-0.47522422671318054,0.05374770984053612,0.0,0.0,1.0,0.20000000298023224,0.4859561622142792,0.6295360326766968,0.7082366347312927
T,1.0,0.0,0.0,0.0,0.0,0.44253629446029663,0.35968586802482605,0.5707082748413086,0.4795241355895996,1.3940986394882202,0.8187185525894165,0.6882660388946533,0.6352881789207458,0.6849198341369629,0.6387104988098145,0.7070081830024719,-0.4653443694114685,0.010501113720238209,0.0,0.0,1.0,0.20000000298023224,0.4856124818325043,0.6518656611442566,0.7067981362342834
T,1.0,0.0,0.0,0.0,0.0,0.445968359708786,0.36533117294311523,0.5670912861824036,0.4789101481437683,1.3902668952941895,0.8166489601135254,0.706320583820343,0.6434508562088013,0.6871903538703918,0.6336491107940674,0.6851534843444824,-0.46778881549835205,0.004909270443022251,0.0,0.0,1.0,0.20000000298023224,0.477266788482666,0.6471750736236572,0.7134026885032654
T,1.0,0.0,0.0,0.0,0.0,0.44926029443740845,0.36655834317207336,0.5631412267684937,0.4769444763660431,1.3953804969787598,0.8401646614074707,0.7077610492706299,0.6339201331138611,0.6710586547851562,0.6220603585243225,0.6887085437774658,-0.46928706765174866,0.01383004616945982,0.0,0.0,1.0,0.20000000298023224,0.48324450850486755,0.6539931297302246,0.7132261395454407
T,1.0,0.0,0.0,0.0,0.0,0.4567551910877228,0.3738836944103241,0.5549283027648926,0.4676610827445984,1.379392385482788,0.8145624399185181,0.7013285756111145,0.6521240472793579,0.689443826675415,0.6283015608787537,0.6790241003036499,-0.4763438105583191,0.0010071435244753957,0.0,0.0,1.0,0.20000000298023224,0.4740487337112427,0.6544520854949951,0.7143647074699402
T,1.0,0.0,0.0,0.0,0.0,0.4574367105960846,0.3735983967781067,0.5524684190750122,0.4652537703514099,1.3572567701339722,0.8349531292915344,0.7018812298774719,0.6486146450042725,0.6822588443756104,0.5924216508865356,0.6560789346694946,-0.48084354400634766,0.03477898985147476,0.0,0.0,1.0,0.20000000298023224,0.46873313188552856,0.6370969414710999,0.7169269323348999
T,1.0,0.0,0.0,0.0,0.0,0.4532060921192169,0.36778372526168823,0.5592736601829529,0.4704914093017578,1.3663294315338135,0.845504879951477,0.7094888091087341,0.6450679898262024,0.680106520652771,0.5949439406394958,0.6579737067222595,-0.47716665267944336,0.04031620919704437,0.0,0.0,1.0,0.20000000298023224,0.472426176071167,0.6303180456161499,0.7200420498847961
T,1.0,0.0,0.0,0.0,0.0,0.45416614413261414,0.37065789103507996,0.5583014488220215,0.46848130226135254,1.3767683506011963,0.8435146808624268,0.7059200406074524,0.6353957653045654,0.6756985783576965,0.60318523645401,0.6719585061073303,-0.4789135456085205,0.035481955856084824,0.0,0.0,1.0,0.20000000298023224,0.4784773290157318,0.6331955790519714,0.7151322960853577
T,1.0,0.0,0.0,0.0,0.0,0.4566829800605774,0.3739342987537384,0.5550353527069092,0.4665621519088745,1.3776013851165771,0.8482880592346191,0.7091999650001526,0.6390801072120667,0.6779935956001282,0.5989187955856323,0.6693911552429199,-0.4820905029773712,0.04173725098371506,0.0,0.0,1.0,0.20000000298023224,0.4765147566795349,0.6284770369529724,0.7186404466629028
T,1.0,0.0,0.0,0.0,0.0,0.45822376012802124,0.3777230381965637,0.5548895001411438,0.46529901027679443,1.3770623207092285,0.8449894785881042,0.6972754001617432,0.635796070098877,0.6779058575630188,0.5976020097732544,0.6809843182563782,-0.48183202743530273,0.027535809203982353,0.0,0.0,1.0,0.20000000298023224,0.47657790780067444,0.638859212398529,0.7139917016029358
T,1.0,0.0,0.0,0.0,0.0,0.4585898816585541,0.37978988885879517,0.5538632273674011,0.46494415402412415,1.3803133964538574,0.8493291139602661,0.7099210619926453,0.6396267414093018,0.6807485222816467,0.5944953560829163,0.6715099215507507,-0.4834633469581604,0.023721955716609955,0.0,0.0,1.0,0.20000000298023224,0.4757083058357239,0.6363006830215454,0.7199063301086426
T,1.0,0.0,0.0,0.0,0.0,0.46078553795814514,0.380779892206192,0.552262544631958,0.46346721053123474,1.3794301748275757,0.8337506651878357,0.7041111588478088,0.6369068622589111,0.679912269115448,0.6083102822303772,0.6765261888504028,-0.48486948013305664,0.014293048530817032,0.0,0.0,1.0,0.20000000298023224,0.4751405417919159,0.6375547051429749,0.7136702537536621
U,1.0,1.0,1.0,0.0,0.0,0.4782707691192627,0.4765690863132477,0.5017029643058777,0.48640406131744385,0.8687976598739624,1.8980714082717896,1.9863064289093018,0.5983545184135437,0.5343822836875916,1.029296636581421,1.120559811592102,-0.4945317506790161,0.016389718279242516,0.5,0.0,1.0,0.6000000238418579,0.8675622940063477,0.5681830048561096,1.2542786598205566
U,1.0,0.0,1.0,0.0,0.0,0.4777299165725708,0.4755895137786865,0.5020173788070679,0.4890727996826172,0.8667012453079224,1.8932820558547974,1.979362964630127,0.59663325548172,0.5306653380393982,1.0266169309616089,1.1157770156860352,-0.4942275285720825,0.014876370318233967,0.5,0.0,1.0,0.4000000059604645,0.865058183670044,0.5672857761383057,1.249985933303833
U,1.0,1.0,1.0,0.0,0.0,0.487899512052536,0.4768052101135254,0.5008975863456726,0.4905030131340027,0.8668881058692932,1.909300446510315,1.9995169639587402,0.6214414238929749,0.5695393085479736,1.0433762073516846,1.1335761547088623,-0.49538588523864746,0.013298328965902328,0.25,0.0,1.0,0.6000000238418579,0.8557644486427307,0.5616798996925354,1.274949550628662
U,1.0,0.0,1.0,0.0,0.0,0.4975728690624237,0.5189545154571533,0.49603354930877686,0.4834253787994385,0.8310251832008362,1.899562120437622,1.9813052415847778,0.591851532459259,0.5396590232849121,1.0705260038375854,1.1505687236785889,-0.5041640996932983,0.013413493521511555,0.25,0.0,1.0,0.4000000059604645,0.8648753762245178,0.5767534971237183,1.2530944347381592
U,1.0,1.0,1.0,0.0,0.0,0.488437682390213,0.5220468044281006,0.49980422854423523,0.48384198546409607,0.886662483215332,1.9154573678970337,1.996897578239441,0.5793800354003906,0.5204555988311768,1.029689908027649,1.1113224029541016,-0.5065810680389404,0.012597949244081974,0.25,0.0,1.0,0.6000000238418579,0.8836237788200378,0.5727989673614502,1.2530475854873657
U,1.0,0.0,1.0,0.0,0.0,0.4900454580783844,0.5201446413993835,0.49995625019073486,0.48196759819984436,0.9030075669288635,1.9005305767059326,1.9865740537643433,0.5824931263923645,0.5335837602615356,0.9984042048454285,1.0843827724456787,-0.5081676840782166,0.016677193343639374,0.5,0.0,1.0,0.4000000059604645,0.8719052672386169,0.5546985864639282,1.2507953643798828
U,1.0,1.0,1.0,0.0,0.0,0.49271976947784424,0.5209432244300842,0.49881625175476074,0.4792128801345825,0.9342668652534485,1.953224778175354,2.039445161819458,0.6219498515129089,0.5724949836730957,1.0206060409545898,1.1057875156402588,-0.5052670836448669,0.01225882489234209,0.25,0.0,1.0,0.6000000238418579,0.8836348056793213,0.5767892003059387,1.296778678894043
U,1.0,1.0,1.0,0.0,0.0,0.4817729592323303,0.4745193421840668,0.49710577726364136,0.5063254833221436,0.9030413031578064,1.9169780015945435,2.0002942085266113,0.6026492714881897,0.5490924715995789,1.014379858970642,1.09916090965271,-0.49702131748199463,0.012699288316071033,0.25,0.0,1.0,0.6000000238418579,0.8667181134223938,0.5744141936302185,1.2672535181045532
U,1.0,0.0,1.0,0.0,0.0,0.4941159188747406,0.5189897418022156,0.49702906608581543,0.4865286350250244,0.9005472660064697,1.8885695934295654,1.970189094543457,0.6045759320259094,0.5526526570320129,0.9894800782203674,1.0702834129333496,-0.5090216994285583,0.010824471712112427,0.5,0.0,1.0,0.4000000059604645,0.8497059941291809,0.537860095500946,1.2539968490600586
U,1.0,1.0,1.0,0.0,0.0,0.4936981499195099,0.4757993817329407,0.5006996393203735,0.4950109124183655,0.8942224979400635,1.8896046876907349,1.9771544933319092,0.5845296382904053,0.5818184614181519,0.9980615973472595,1.083184838294983,-0.5082420110702515,0.0070600262843072414,0.25,0.0,1.0,0.6000000238418579,0.8496403694152832,0.5331406593322754,1.2582768201828003
U,1.0,1.0,1.0,0.0,0.0,0.47071295976638794,0.4699743390083313,0.4912411868572235,0.5127574801445007,0.8623563647270203,1.8923072814941406,1.9767887592315674,0.5591705441474915,0.5366201400756836,1.029955267906189,1.117607831954956,-0.5015551447868347,0.013376681134104729,0.5,0.0,1.0,0.6000000238418579,0.8691815137863159,0.5444560647010803,1.2412216663360596
U,1.0,1.0,1.0,0.0,0.0,0.4675391614437103,0.4703669250011444,0.4926740229129791,0.5155887007713318,0.8563531041145325,1.912674903869629,1.995840311050415,0.5493121147155762,0.514977216720581,1.0563828945159912,1.1441514492034912,-0.5018672943115234,0.010863874107599258,0.5,0.0,1.0,0.6000000238418579,0.8894156217575073,0.5594729781150818,1.2432011365890503
U,1.0,1.0,1.0,0.0,0.0,0.4726731777191162,0.46709850430488586,0.4891240894794464,0.5079609155654907,0.8608731627464294,1.9047991037368774,1.9820548295974731,0.5664670467376709,0.5017200112342834,1.0441668033599854,1.1232118606567383,-0.49614590406417847,0.012409092858433723,0.25,0.0,1.0,0.6000000238418579,0.8832409381866455,0.5528873205184937,1.238760232925415
U,1.0,0.0,1.0,0.0,0.0,0.4756886065006256,0.46842092275619507,0.5102081298828125,0.490664541721344,0.9298976063728333,1.8820438385009766,1.9620122909545898,0.6033310890197754,0.5492557287216187,0.9526252150535583,1.0338480472564697,-0.5003485083580017,0.012581762857735157,0.25,0.0,1.0,0.4000000059604645,0.850805401802063,0.5402690172195435,1.2491607666015625
U,1.0,0.0,1.0,0.0,0.0,0.4833868443965912,0.4730730652809143,0.5050737857818604,0.4855111539363861,0.9157158732414246,1.8815809488296509,1.9638092517852783,0.5996843576431274,0.5394315123558044,0.9668009877204895,1.0492202043533325,-0.5054351687431335,0.012097377330064774,0.25,0.0,1.0,0.4000000059604645,0.8557500243186951,0.5461262464523315,1.2461265325546265
U,1.0,0.0,1.0,0.0,0.0,0.48138225078582764,0.4746176600456238,0.5042942762374878,0.48832347989082336,0.9498366117477417,1.8750817775726318,1.9522602558135986,0.6060085296630859,0.5470535755157471,0.9256796836853027,1.0042943954467773,-0.5057023763656616,0.012340374290943146,0.5,0.0,1.0,0.4000000059604645,0.8444986939430237,0.5383976697921753,1.2451010942459106
U,1.0,0.0,1.0,0.0,0.0,0.4852178394794464,0.476938396692276,0.5021588802337646,0.48513373732566833,0.9478950500488281,1.8743714094161987,1.9540691375732422,0.5965306162834167,0.5441744327545166,0.9271247982978821,1.0076204538345337,-0.5089919567108154,0.012407873757183552,0.5,0.0,1.0,0.4000000059604645,0.8478186726570129,0.5361604690551758,1.2422864437103271
U,1.0,0.0,1.0,0.0,0.0,0.4850853681564331,0.47647228837013245,0.5027302503585815,0.488795667886734,0.9388782978057861,1.8773137331008911,1.9521764516830444,0.6017958521842957,0.5486466288566589,0.9391227960586548,1.0146223306655884,-0.5077074766159058,0.012816733680665493,0.5,0.0,1.0,0.4000000059604645,0.8441230654716492,0.5357087254524231,1.244983196258545
U,1.0,0.0,1.0,0.0,0.0,0.4901144504547119,0.47763487696647644,0.5014998316764832,0.48550310730934143,0.9260006546974182,1.8786630630493164,1.9495842456817627,0.5990514755249023,0.5460830926895142,0.954064667224884,1.0241953134536743,-0.5086677074432373,0.013060853816568851,0.25,0.0,1.0,0.4000000059604645,0.844768762588501,0.5378441214561462,1.2433454990386963
U,1.0,0.0,1.0,0.0,0.0,0.4925554692745209,0.5198930501937866,0.49895212054252625,0.48106828331947327,0.9346888065338135,1.8789318799972534,1.9530696868896484,0.5953498482704163,0.5404205322265625,0.9456641674041748,1.0190186500549316,-0.5122408270835876,0.01285517681390047,0.5,0.0,1.0,0.4000000059604645,0.8502054810523987,0.5419462323188782,1.2419430017471313
U,1.0,0.0,1.0,0.0,0.0,0.4948526620864868,0.5196372866630554,0.4983380436897278,0.47997334599494934,0.9265854358673096,1.8767971992492676,1.9541809558868408,0.594460666179657,0.5467056632041931,0.952105700969696,1.027998685836792,-0.512636125087738,0.011661623604595661,0.25,0.0,1.0,0.4000000059604645,0.8486642241477966,0.5370356440544128,1.243036150932312
U,1.0,0.0,1.0,0.0,0.0,0.4931316077709198,0.5199639201164246,0.4980435073375702,0.47976604104042053,0.9258281588554382,1.8801007270812988,1.9567431211471558,0.5888341665267944,0.5388770699501038,0.955814778804779,1.0315899848937988,-0.5123481154441833,0.011046444065868855,0.5,0.0,1.0,0.4000000059604645,0.85556560754776,0.5446049571037292,1.2411388158798218
U,1.0,0.0,1.0,0.0,0.0,0.4968496859073639,0.5195665955543518,0.49847331643104553,0.4806615710258484,0.9234588742256165,1.8798092603683472,1.955492377281189,0.5994946956634521,0.5464771389961243,0.9587607979774475,1.0322222709655762,-0.512292742729187,0.011866611428558826,0.25,0.0,1.0,0.4000000059604645,0.8479587435722351,0.5383260250091553,1.2453184127807617
U,1.0,0.0,1.0,0.0,0.0,0.4976622760295868,0.5188338756561279,0.4974434971809387,0.47941282391548157,0.9203432202339172,1.8697052001953125,1.9507882595062256,0.5947915315628052,0.5445200800895691,0.951792299747467,1.0306509733200073,-0.5137284398078918,0.011389977298676968,0.25,0.0,1.0,0.4000000059604645,0.8455567359924316,0.5352734327316284,1.239951252937317
U,1.0,0.0,1.0,0.0,0.0,0.5013913512229919,0.5173558592796326,0.4952743351459503,0.47504571080207825,0.8942722678184509,1.8718583583831787,1.9534095525741577,0.5875388979911804,0.5351204872131348,0.9805505275726318,1.0592278242111206,-0.5154946446418762,0.010598749853670597,0.25,0.0,1.0,0.4000000059604645,0.8527896404266357,0.5411043167114258,1.2369818687438965
U,1.0,0.0,1.0,0.0,0.0,0.5005914568901062,0.5176534652709961,0.4955461919307709,0.47742971777915955,0.9093305468559265,1.8850451707839966,1.961820125579834,0.5875933170318604,0.5364605188369751,0.978595495223999,1.0526143312454224,-0.5154175162315369,0.010349823161959648,0.25,0.0,1.0,0.4000000059604645,0.8588573932647705,0.5474013686180115,1.2427297830581665
U,1.0,0.0,1.0,0.0,0.0,0.4991953372955322,0.5177802443504333,0.49598759412765503,0.47881388664245605,0.918499231338501,1.8757907152175903,1.951795220375061,0.5941129326820374,0.5422064065933228,0.9598468542098999,1.0334945917129517,-0.5146799683570862,0.010626602917909622,0.25,0.0,1.0,0.4000000059604645,0.848515510559082,0.5387739539146423,1.240976333618164
U,1.0,0.0,1.0,0.0,0.0,0.4992091655731201,0.5174000859260559,0.495395302772522,0.4768316447734833,0.9096497893333435,1.8738795518875122,1.9535037279129028,0.5831640362739563,0.5388801097869873,0.9666328430175781,1.0440984964370728,-0.5157224535942078,0.01065182127058506,0.25,0.0,1.0,0.4000000059604645,0.8534806966781616,0.5385282635688782,1.2373569011688232
U,1.0,0.0,1.0,0.0,0.0,0.49736806750297546,0.5180766582489014,0.4963662326335907,0.4793991446495056,0.8999693393707275,1.8763238191604614,1.955135464668274,0.5876643061637878,0.5342779755592346,0.9783878922462463,1.055489182472229,-0.5143494009971619,0.011269875802099705,0.5,0.0,1.0,0.4000000059604645,0.8541288375854492,0.5410668253898621,1.2383503913879395
U,1.0,0.0,1.0,0.0,0.0,0.5016162991523743,0.5171041488647461,0.4942469894886017,0.4744333326816559,0.8974539637565613,1.8764756917953491,1.963312029838562,0.5849137902259827,0.5405957698822021,0.9819912314414978,1.06599760055542,-0.5170405507087708,0.009090792387723923,0.25,0.0,1.0,0.4000000059604645,0.8578777313232422,0.5430592894554138,1.2413243055343628
U,1.0,0.0,1.0,0.0,0.0,0.5039970874786377,0.5162509083747864,0.4938714802265167,0.4731349050998688,0.9009038209915161,1.8779834508895874,1.9612561464309692,0.5819444060325623,0.5412261486053467,0.9805755019187927,1.060389757156372,-0.518225908279419,0.010027356445789337,0.25,0.0,1.0,0.4000000059604645,0.8575918078422546,0.5443630814552307,1.2406026124954224
U,1.0,0.0,1.0,0.0,0.0,0.5019397139549255,0.5174182057380676,0.49495020508766174,0.4760016202926636,0.9083763360977173,1.8826725482940674,1.9585036039352417,0.5847867131233215,0.5408396124839783,0.9775357246398926,1.0502082109451294,-0.5165339112281799,0.009302396327257156,0.25,0.0,1.0,0.4000000059604645,0.8570311069488525,0.5428121089935303,1.2417006492614746
U,1.0,0.0,1.0,0.0,0.0,0.5042341947555542,0.5167407393455505,0.49408450722694397,0.47359102964401245,0.8906419277191162,1.8784399032592773,1.9648618698120117,0.5841625332832336,0.5422083139419556,0.9914668798446655,1.0742425918579102,-0.5174511671066284,0.009509343653917313,0.25,0.0,1.0,0.4000000059604645,0.8585981726646423,0.5451827049255371,1.2424181699752808
U,1.0,0.0,1.0,0.0,0.0,0.4981103241443634,0.5195824503898621,0.4964519143104553,0.47731834650039673,0.8997138142585754,1.875260353088379,1.9522582292556763,0.5830172300338745,0.5401688814163208,0.9782138466835022,1.0527878999710083,-0.5145984292030334,0.008579947054386139,0.25,0.0,1.0,0.4000000059604645,0.8538307547569275,0.5424985289573669,1.2376761436462402
U,1.0,0.0,1.0,0.0,0.0,0.5000014901161194,0.5181052088737488,0.4946226477622986,0.47380587458610535,0.9125394821166992,1.8790932893753052,1.9611643552780151,0.5867161750793457,0.5459839105606079,0.969419002532959,1.048868179321289,-0.5170502662658691,0.007730176206678152,0.25,0.0,1.0,0.4000000059604645,0.8564066886901855,0.5432612895965576,1.243239402770996
U,1.0,0.0,1.0,0.0,0.0,0.5005533695220947,0.5189352035522461,0.496232271194458,0.47453537583351135,0.9142182469367981,1.8780494928359985,1.956649661064148,0.5851543545722961,0.5463365316390991,0.9671632647514343,1.0425188541412354,-0.5156726837158203,0.008885517716407776,0.25,0.0,1.0,0.4000000059604645,0.8536785244941711,0.5395634174346924,1.2415474653244019
U,1.0,0.0,1.0,0.0,0.0,0.49375954270362854,0.5202087163925171,0.49749213457107544,0.4805954694747925,0.9244869351387024,1.8833558559417725,1.9602549076080322,0.584809422492981,0.5376030206680298,0.9606154561042786,1.0364285707473755,-0.5137304067611694,0.008842752315104008,0.25,0.0,1.0,0.4000000059604645,0.8586045503616333,0.5399739146232605,1.2415058612823486
U,1.0,0.0,1.0,0.0,0.0,0.49998077750205994,0.5203038454055786,0.49741843342781067,0.47777122259140015,0.8987844586372375,1.8867522478103638,1.9624577760696411,0.5835147500038147,0.5386282801628113,0.991445779800415,1.0637286901474,-0.5142637491226196,0.008657791651785374,0.25,0.0,1.0,0.4000000059604645,0.8604491949081421,0.5431807637214661,1.2428382635116577
U,1.0,0.0,1.0,0.0,0.0,0.4941170811653137,0.5200379490852356,0.49726706743240356,0.4790875315666199,0.9246514439582825,1.8821167945861816,1.958107352256775,0.5862616896629333,0.53936368227005,0.9592605233192444,1.03409743309021,-0.5144554376602173,0.00871075689792633,0.25,0.0,1.0,0.4000000059604645,0.8567575216293335,0.5407333374023438,1.2414623498916626
U,1.0,0.0,1.0,0.0,0.0,0.49530571699142456,0.5205960869789124,0.49819111824035645,0.4799604117870331,0.9100366234779358,1.8754795789718628,1.9552407264709473,0.581899881362915,0.5353574752807617,0.9676460027694702,1.045559287071228,-0.5134755969047546,0.009800205007195473,0.25,0.0,1.0,0.4000000059604645,0.8565118908882141,0.5412619709968567,1.2369943857192993
U,1.0,0.0,1.0,0.0,0.0,0.4968703091144562,0.5197107195854187,0.4969148337841034,0.47806623578071594,0.9137403964996338,1.8845793008804321,1.9652003049850464,0.5844066143035889,0.5366436839103699,0.9732418656349182,1.0517853498458862,-0.5140190720558167,0.008669924922287464,0.25,0.0,1.0,0.4000000059604645,0.8606685996055603,0.5378543138504028,1.2427074909210205
U,1.0,0.0,1.0,0.0,0.0,0.4974225163459778,0.5198338031768799,0.4973068833351135,0.4797289967536926,0.9165180325508118,1.8878798484802246,1.9675403833389282,0.5857897996902466,0.5427471995353699,0.9739753007888794,1.0512574911117554,-0.5142566561698914,0.00963811855763197,0.25,0.0,1.0,0.4000000059604645,0.8599628806114197,0.5445730686187744,1.2459893226623535
U,1.0,0.0,1.0,0.0,0.0,0.5018770694732666,0.5167292952537537,0.4942219853401184,0.4696034789085388,0.9127479791641235,1.8850219249725342,1.9657665491104126,0.5821047425270081,0.5421249270439148,0.9752916097640991,1.053146481513977,-0.519141435623169,0.00944442953914404,0.25,0.0,1.0,0.4000000059604645,0.8615311980247498,0.5447632074356079,1.243754506111145
U,1.0,0.0,1.0,0.0,0.0,0.5026452541351318,0.5171542167663574,0.4950316548347473,0.47167983651161194,0.9040918946266174,1.885087251663208,1.964521884918213,0.5799724459648132,0.5410141348838806,0.9843494296073914,1.0604746341705322,-0.5181568264961243,0.010477649047970772,0.25,0.0,1.0,0.4000000059604645,0.8617249727249146,0.5456886291503906,1.242648959159851
U,1.0,1.0,1.0,0.0,0.0,0.5043976902961731,0.517582893371582,0.49446234107017517,0.46992769837379456,0.8970756530761719,1.8862495422363281,1.9662671089172363,0.5802138447761536,0.5373584032058716,0.9932423830032349,1.0692020654678345,-0.518700897693634,0.00831631664186716,0.25,0.0,1.0,0.6000000238418579,0.864636242389679,0.545900821685791,1.2425222396850586
U,1.0,0.0,1.0,0.0,0.0,0.5005244016647339,0.5190722942352295,0.49546322226524353,0.47384747862815857,0.9021625518798828,1.8792657852172852,1.9621827602386475,0.5821957588195801,0.5395373106002808,0.9803849458694458,1.0601527690887451,-0.5159197449684143,0.007640983909368515,0.25,0.0,1.0,0.4000000059604645,0.859446108341217,0.5453979969024658,1.240795373916626
U,1.0,0.0,1.0,0.0,0.0,0.5038184523582458,0.5183355808258057,0.49511951208114624,0.47353583574295044,0.8968191146850586,1.8798518180847168,1.9590266942977905,0.5836314558982849,0.541707456111908,0.9871760010719299,1.0622167587280273,-0.5172783732414246,0.008087278343737125,0.25,0.0,1.0,0.4000000059604645,0.8569570779800415,0.5445120334625244,1.2410544157028198
U,1.0,0.0,1.0,0.0,0.0,0.5020885467529297,0.5195283889770508,0.4965559244155884,0.47556501626968384,0.8898735046386719,1.8803870677947998,1.9611377716064453,0.5813937187194824,0.5388375520706177,0.9944000840187073,1.0712790489196777,-0.5154780149459839,0.008920122869312763,0.25,0.0,1.0,0.4000000059604645,0.8594591021537781,0.5464602708816528,1.2404390573501587
U,1.0,0.0,1.0,0.0,0.0,0.5031456351280212,0.518150269985199,0.49550819396972656,0.47260528802871704,0.8969314098358154,1.8832732439041138,1.9676122665405273,0.5850992202758789,0.5435619950294495,0.9901657700538635,1.0706956386566162,-0.5174332857131958,0.008698566816747189,0.25,0.0,1.0,0.4000000059604645,0.8600295782089233,0.5425365567207336,1.2448867559432983
U,1.0,1.0,1.0,0.0,0.0,0.4991535544395447,0.5195823311805725,0.4966154396533966,0.47726115584373474,0.9030779004096985,1.890792965888977,1.967226266860962,0.5888870358467102,0.5376004576683044,0.9907044768333435,1.064295768737793,-0.5156769752502441,0.008266866207122803,0.25,0.0,1.0,0.6000000238418579,0.8622611165046692,0.5466775298118591,1.246126651763916
U,1.0,0.0,1.0,0.0,0.0,0.5029639005661011,0.5194099545478821,0.4962393343448639,0.47632259130477905,0.8825454711914062,1.8759686946868896,1.9578055143356323,0.5809012055397034,0.5309857726097107,0.9975299835205078,1.0752650499343872,-0.516426146030426,0.008490564301609993,0.25,0.0,1.0,0.4000000059604645,0.8591552376747131,0.5454629063606262,1.2364152669906616
U,1.0,1.0,1.0,0.0,0.0,0.5005049109458923,0.5196999311447144,0.4966849088668823,0.4782295823097229,0.9035093784332275,1.885185718536377,1.9654303789138794,0.5885918736457825,0.5434550642967224,0.98516446352005,1.0619862079620361,-0.516002893447876,0.008369039744138718,0.25,0.0,1.0,0.6000000238418579,0.8577903509140015,0.5419501662254333,1.2456657886505127
U,1.0,1.0,1.0,0.0,0.0,0.4981745779514313,0.518423318862915,0.496404767036438,0.4785507023334503,0.9471192955970764,1.9083607196807861,1.9850400686264038,0.5907549858093262,0.5526106953620911,0.9637937545776367,1.038183331489563,-0.5155706405639648,0.010072978213429451,0.25,0.0,1.0,0.6000000238418579,0.8661814332008362,0.545242965221405,1.259191632270813
U,1.0,0.0,1.0,0.0,0.0,0.4974546432495117,0.5189757943153381,0.4952457547187805,0.47545501589775085,0.9117254018783569,1.8778740167617798,1.958170771598816,0.5843492746353149,0.5414308905601501,0.9685059785842896,1.0468939542770386,-0.5158369541168213,0.007094312459230423,0.25,0.0,1.0,0.4000000059604645,0.8556628823280334,0.5428857803344727,1.240456223487854
U,1.0,1.0,1.0,0.0,0.0,0.5006689429283142,0.5185295343399048,0.4958651065826416,0.4771668612957001,0.9127631783485413,1.8907042741775513,1.9710098505020142,0.5906544327735901,0.5453463792800903,0.9811446070671082,1.058347463607788,-0.5160226821899414,0.009089934639632702,0.25,0.0,1.0,0.6000000238418579,0.8596488833427429,0.5428555011749268,1.2494287490844727
U,1.0,1.0,1.0,0.0,0.0,0.4991675615310669,0.5198478698730469,0.4966101348400116,0.47798237204551697,0.9157871603965759,1.8871592283248901,1.9670134782791138,0.584681510925293,0.5416584014892578,0.9745405912399292,1.0513770580291748,-0.5151734352111816,0.008243946358561516,0.25,0.0,1.0,0.6000000238418579,0.8607444763183594,0.5422639846801758,1.2451281547546387
U,1.0,1.0,1.0,0.0,0.0,0.4878486394882202,0.5222133994102478,0.49983134865760803,0.4867907762527466,0.9227345585823059,1.8998719453811646,1.9760894775390625,0.5788179636001587,0.5233513712882996,0.9780332446098328,1.0546505451202393,-0.5096333026885986,0.010558104142546654,0.5,0.0,1.0,0.6000000238418579,0.872601330280304,0.5473223924636841,1.2445327043533325
U,1.0,1.0,1.0,0.0,0.0,0.49451449513435364,0.5192899703979492,0.49728986620903015,0.4787222743034363,0.9267335534095764,1.8998152017593384,1.9765926599502563,0.5858963131904602,0.5346670746803284,0.974781334400177,1.0504372119903564,-0.5135390162467957,0.01076444610953331,0.5,0.0,1.0,0.6000000238418579,0.8684484362602234,0.5459548830986023,1.2492427825927734
U,1.0,1.0,1.0,0.0,0.0,0.4914291203022003,0.520009458065033,0.4975338876247406,0.47983041405677795,0.9189439415931702,1.8997471332550049,1.9737129211425781,0.5833761096000671,0.5348636507987976,0.9819517135620117,1.0558019876480103,-0.5132876634597778,0.010366159491240978,0.5,0.0,1.0,0.6000000238418579,0.8682293891906738,0.5494113564491272,1.2479249238967896
U,1.0,0.0,1.0,0.0,0.0,0.4995744228363037,0.5185872912406921,0.49531787633895874,0.4747004210948944,0.9036756157875061,1.884772539138794,1.965233325958252,0.5859153270721436,0.5457901954650879,0.9839178323745728,1.0617730617523193,-0.5156996250152588,0.008066507056355476,0.25,0.0,1.0,0.4000000059604645,0.8580023050308228,0.5426413416862488,1.2454278469085693
V,1.0,1.0,1.0,0.0,0.0,0.546818733215332,0.575676441192627,0.5202139019966125,0.5023823380470276,0.5665894746780396,2.1065826416015625,2.2525813579559326,0.39484092593193054,0.23389235138893127,1.5956718921661377,1.6886323690414429,-0.5028254389762878,0.10645831376314163,0.25,0.0,1.0,0.6000000238418579,1.2253087759017944,0.7412673830986023,1.2469743490219116
V,1.0,1.0,1.0,0.0,0.0,0.51203852891922,0.5723013281822205,0.47720420360565186,0.4941277503967285,0.7485350370407104,2.0365407466888428,2.1630566120147705,0.4543558359146118,0.28083744645118713,1.3286669254302979,1.4151748418807983,-0.4933081269264221,0.11382228136062622,0.25,0.0,1.0,0.6000000238418579,1.1352084875106812,0.6851580739021301,1.2336976528167725
V,1.0,1.0,1.0,0.0,0.0,0.5047470331192017,0.575969934463501,0.5180929899215698,0.5018112063407898,0.7020328044891357,2.021801471710205,2.1439220905303955,0.47110870480537415,0.2784942388534546,1.353724718093872,1.4428062438964844,-0.48569297790527344,0.11158803105354309,0.25,0.0,1.0,0.6000000238418579,1.1198551654815674,0.685302197933197,1.2288315296173096
V,1.0,1.0,1.0,0.0,0.0,0.47887903451919556,0.5834479331970215,0.5140326619148254,0.5173594951629639,0.7601560354232788,2.0261611938476562,2.1464295387268066,0.44601428508758545,0.2813863754272461,1.2890430688858032,1.393425464630127,-0.4808654189109802,0.11707210540771484,0.25,0.0,1.0,0.6000000238418579,1.1298998594284058,0.6757497787475586,1.224997878074646
V,1.0,1.0,1.0,0.0,0.0,0.4718222916126251,0.587245762348175,0.5096571445465088,0.5425025224685669,0.7367046475410461,2.0201549530029297,2.1417236328125,0.4610600769519806,0.2584083676338196,1.3032063245773315,1.4129202365875244,-0.47646665573120117,0.11636346578598022,0.25,0.0,1.0,0.6000000238418579,1.12675940990448,0.674922525882721,1.2203367948532104
V,1.0,1.0,1.0,0.0,0.0,0.4723624289035797,0.5858346223831177,0.5084249973297119,0.5350567698478699,0.7478490471839905,2.0137734413146973,2.132246971130371,0.45791003108024597,0.26220327615737915,1.2855994701385498,1.391762614250183,-0.4792552590370178,0.11165164411067963,0.25,0.0,1.0,0.6000000238418579,1.1198453903198242,0.6613714098930359,1.2165334224700928
V,1.0,1.0,1.0,0.0,0.0,0.4670613408088684,0.4138638973236084,0.4945916533470154,0.5409903526306152,0.7753841280937195,2.029224157333374,2.140866756439209,0.471770703792572,0.25779789686203003,1.2712039947509766,1.3700191974639893,-0.4742829203605652,0.08699923008680344,0.25,0.0,1.0,0.6000000238418579,1.1168229579925537,0.66319739818573,1.2249149084091187
V,1.0,1.0,1.0,0.0,0.0,0.46602824330329895,0.4141809344291687,0.4915889799594879,0.5390481948852539,0.7681940793991089,2.0444819927215576,2.1525826454162598,0.4790063202381134,0.25860902667045593,1.2924734354019165,1.3882324695587158,-0.47243642807006836,0.08125835657119751,0.25,0.0,1.0,0.6000000238418579,1.120408535003662,0.6762377023696899,1.2336699962615967
V,1.0,1.0,1.0,0.0,0.0,0.4606815278530121,0.4116044044494629,0.4894840717315674,0.5444462299346924,0.762091875076294,2.051431894302368,2.161142587661743,0.47024020552635193,0.26036694645881653,1.3036442995071411,1.4038586616516113,-0.46837082505226135,0.08161460608243942,0.25,0.0,1.0,0.6000000238418579,1.1271109580993652,0.682168185710907,1.235795497894287
V,1.0,1.0,1.0,0.0,0.0,0.45308783650398254,0.41082659363746643,0.4889746904373169,0.5515822172164917,0.7935745120048523,2.0349485874176025,2.149404525756836,0.44536155462265015,0.2599199414253235,1.2527703046798706,1.3637936115264893,-0.46774113178253174,0.08147884160280228,0.25,0.0,1.0,0.6000000238418579,1.1234065294265747,0.6667618155479431,1.222408652305603
V,1.0,1.0,1.0,0.0,0.0,0.4667881429195404,0.41474831104278564,0.4923425614833832,0.5374394059181213,0.7701847553253174,2.0536789894104004,2.162027359008789,0.456670343875885,0.2508613169193268,1.2998231649398804,1.3956905603408813,-0.47229063510894775,0.08111388236284256,0.25,0.0,1.0,0.6000000238418579,1.1342934370040894,0.6854047179222107,1.2308095693588257
V,1.0,1.0,1.0,0.0,0.0,0.461535781621933,0.41354498267173767,0.4916161000728607,0.5412377715110779,0.7771780490875244,2.0412769317626953,2.1550300121307373,0.4568949341773987,0.24939875304698944,1.2782561779022217,1.3832648992538452,-0.4688127636909485,0.08197236061096191,0.25,0.0,1.0,0.6000000238418579,1.1277382373809814,0.6722409725189209,1.2256501913070679
V,1.0,1.0,1.0,0.0,0.0,0.4643497169017792,0.41451582312583923,0.49251648783683777,0.533042311668396,0.7814058065414429,2.0513455867767334,2.15592360496521,0.44327491521835327,0.2670768201351166,1.285284161567688,1.3793048858642578,-0.47019779682159424,0.08173377811908722,0.25,0.0,1.0,0.6000000238418579,1.1305159330368042,0.6734760403633118,1.2294052839279175
V,1.0,1.0,1.0,0.0,0.0,0.46313244104385376,0.41563454270362854,0.49296659231185913,0.5227227210998535,0.8145128488540649,2.030073404312134,2.14996337890625,0.45197683572769165,0.28524667024612427,1.2305840253829956,1.3411935567855835,-0.47194457054138184,0.08107241988182068,0.25,0.0,1.0,0.6000000238418579,1.1144219636917114,0.6669126749038696,1.2293150424957275
V,1.0,1.0,1.0,0.0,0.0,0.4625406861305237,0.41567349433898926,0.4920101463794708,0.5202507972717285,0.825875461101532,2.01552152633667,2.1308939456939697,0.4686489701271057,0.28573915362358093,1.2046903371810913,1.3107810020446777,-0.4721485376358032,0.07991684973239899,0.25,0.0,1.0,0.6000000238418579,1.0992021560668945,0.6539390087127686,1.225200891494751
V,1.0,1.0,1.0,0.0,0.0,0.45943668484687805,0.41284817457199097,0.49083176255226135,0.5357770323753357,0.79842209815979,2.0239012241363525,2.1337411403656006,0.4609067142009735,0.2687092125415802,1.2394973039627075,1.3415054082870483,-0.4672563076019287,0.08189897984266281,0.25,0.0,1.0,0.6000000238418579,1.1091443300247192,0.6495133638381958,1.2218146324157715
V,1.0,1.0,1.0,0.0,0.0,0.46407127380371094,0.4143744707107544,0.4919968545436859,0.5281790494918823,0.8062704205513,2.0294694900512695,2.1422972679138184,0.4793188273906708,0.28664296865463257,1.239363193511963,1.3409898281097412,-0.4690841734409332,0.08230572938919067,0.25,0.0,1.0,0.6000000238418579,1.1032510995864868,0.6572572588920593,1.2344322204589844
V,1.0,1.0,1.0,0.0,0.0,0.4541566073894501,0.413774698972702,0.4911192059516907,0.5368221998214722,0.8193284869194031,2.031744956970215,2.140235662460327,0.4831143617630005,0.2731502652168274,1.2234007120132446,1.3298174142837524,-0.47074031829833984,0.08162811398506165,0.25,0.0,1.0,0.6000000238418579,1.1067798137664795,0.656552791595459,1.2320612668991089
V,1.0,1.0,1.0,0.0,0.0,0.4503759741783142,0.40604329109191895,0.48555511236190796,0.4412919878959656,0.7556904554367065,2.0479938983917236,2.1688690185546875,0.47820141911506653,0.25053444504737854,1.3038482666015625,1.4202368259429932,-0.45938974618911743,0.08396480232477188,0.25,0.0,1.0,0.6000000238418579,1.1284722089767456,0.6669453978538513,1.23639976978302
V,1.0,1.0,1.0,0.0,0.0,0.46731331944465637,0.4257245659828186,0.497776597738266,0.5143154859542847,0.8963607549667358,1.9291189908981323,2.059142827987671,0.5662580132484436,0.44651544094085693,1.0469317436218262,1.1700232028961182,-0.48648208379745483,0.08160699158906937,0.25,0.0,1.0,0.6000000238418579,0.9662402868270874,0.6209052801132202,1.2502588033676147
V,1.0,1.0,1.0,0.0,0.0,0.45729121565818787,0.4210343062877655,0.49328452348709106,0.5193255543708801,0.8995316624641418,1.952856183052063,2.0783088207244873,0.5815743207931519,0.4250839948654175,1.0640767812728882,1.1888624429702759,-0.47976791858673096,0.07990869879722595,0.25,0.0,1.0,0.6000000238418579,0.9820308089256287,0.6280947327613831,1.2594558000564575
V,1.0,1.0,1.0,0.0,0.0,0.46791839599609375,0.42166903614997864,0.49418190121650696,0.5197065472602844,0.8645225763320923,1.9403369426727295,2.0717241764068604,0.5697298049926758,0.4083467423915863,1.09212064743042,1.2122383117675781,-0.47958895564079285,0.0811799094080925,0.25,0.0,1.0,0.6000000238418579,0.9841485619544983,0.6212993860244751,1.2475343942642212
V,1.0,1.0,1.0,0.0,0.0,0.4899832606315613,0.4195057153701782,0.49412044882774353,0.5103239417076111,0.797258734703064,1.9398261308670044,2.0716755390167236,0.5515092015266418,0.41618219017982483,1.1751457452774048,1.2745262384414673,-0.4799335300922394,0.08638976514339447,0.25,0.0,1.0,0.6000000238418579,0.9894915819168091,0.6189495325088501,1.2447983026504517
V,1.0,1.0,1.0,0.0,0.0,0.47915738821029663,0.42094072699546814,0.49364036321640015,0.5075815320014954,0.8440916538238525,1.9244822263717651,2.0550036430358887,0.5623221397399902,0.44542890787124634,1.1051831245422363,1.2123935222625732,-0.4839979410171509,0.0836995467543602,0.25,0.0,1.0,0.6000000238418579,0.964788019657135,0.6122549772262573,1.2468092441558838
V,1.0,1.0,1.0,0.0,0.0,0.48217225074768066,0.4202277958393097,0.4922788143157959,0.5112547278404236,0.8285783529281616,1.9287333488464355,2.056084394454956,0.5644049048423767,0.4412137269973755,1.127240777015686,1.2282053232192993,-0.4822574555873871,0.08286809176206589,0.25,0.0,1.0,0.6000000238418579,0.9676271080970764,0.6135492324829102,1.2476091384887695
V,1.0,1.0,1.0,0.0,0.0,0.47996801137924194,0.4205661416053772,0.49269136786460876,0.5086430311203003,0.8377482891082764,1.932074785232544,2.064107656478882,0.5677964091300964,0.44379597902297974,1.1197123527526855,1.227485179901123,-0.48247072100639343,0.08282531052827835,0.25,0.0,1.0,0.6000000238418579,0.9709181785583496,0.6173200607299805,1.2519437074661255
V,1.0,1.0,1.0,0.0,0.0,0.48090124130249023,0.4202699661254883,0.4931899607181549,0.5070372819900513,0.8346262574195862,1.9170074462890625,2.0480570793151855,0.563991129398346,0.44550201296806335,1.1087942123413086,1.2144800424575806,-0.4845805764198303,0.08487311750650406,0.25,0.0,1.0,0.6000000238418579,0.9614266157150269,0.6111658215522766,1.2436394691467285
V,1.0,1.0,1.0,0.0,0.0,0.4787698984146118,0.4187941551208496,0.49109452962875366,0.5125486850738525,0.8415942192077637,1.9316374063491821,2.0644478797912598,0.5628703236579895,0.43722933530807495,1.1161260604858398,1.223918080329895,-0.47891390323638916,0.08274336159229279,0.25,0.0,1.0,0.6000000238418579,0.9737462401390076,0.615062415599823,1.2490462064743042
V,1.0,1.0,1.0,0.0,0.0,0.47853291034698486,0.4183253049850464,0.4904092848300934,0.5142037868499756,0.8286309838294983,1.9232293367385864,2.0564732551574707,0.5690915584564209,0.44741517305374146,1.1202640533447266,1.2288076877593994,-0.4779018461704254,0.08241712301969528,0.25,0.0,1.0,0.6000000238418579,0.9625441431999207,0.6122827529907227,1.2490522861480713
V,1.0,1.0,1.0,0.0,0.0,0.4753383994102478,0.41852253675460815,0.49010780453681946,0.5149611830711365,0.8391715288162231,1.9133765697479248,2.046398639678955,0.560186505317688,0.4417724907398224,1.0976957082748413,1.2087571620941162,-0.4782867133617401,0.08171872049570084,0.25,0.0,1.0,0.6000000238418579,0.959628701210022,0.6087442636489868,1.2404335737228394
V,1.0,1.0,1.0,0.0,0.0,0.4692230820655823,0.4169074594974518,0.488807737827301,0.5245187878608704,0.8451216816902161,1.9003812074661255,2.036115884780884,0.5622583627700806,0.44931989908218384,1.075573444366455,1.1937249898910522,-0.4775213599205017,0.0836944505572319,0.25,0.0,1.0,0.6000000238418579,0.9482343196868896,0.6031816601753235,1.2370188236236572
V,1.0,0.0,1.0,0.0,0.0,0.4546529948711395,0.41716253757476807,0.4837340712547302,0.5355396270751953,0.8788976073265076,1.8770173788070679,2.014788866043091,0.5790866017341614,0.4739646017551422,1.0095056295394897,1.1423742771148682,-0.4739181697368622,0.07459799200296402,0.25,0.0,1.0,0.4000000059604645,0.9161061644554138,0.5683342218399048,1.2362143993377686
V,1.0,0.0,1.0,0.0,0.0,0.46576988697052,0.4220626950263977,0.4868195950984955,0.5284756422042847,0.8814616799354553,1.846433162689209,1.9781849384307861,0.6070244908332825,0.49735018610954285,0.9807181358337402,1.1001930236816406,-0.47793468832969666,0.07502619177103043,0.25,0.0,1.0,0.4000000059604645,0.8789867162704468,0.550187349319458,1.2322481870651245
V,1.0,0.0,1.0,0.0,0.0,0.45635896921157837,0.42219629883766174,0.48830336332321167,0.5362417101860046,0.9196268916130066,1.8590666055679321,1.9895795583724976,0.5979436635971069,0.5068585276603699,0.9498531222343445,1.0785223245620728,-0.47853317856788635,0.0772651731967926,0.25,0.0,1.0,0.4000000059604645,0.8869219422340393,0.5620704293251038,1.2383620738983154
V,1.0,0.0,1.0,0.0,0.0,0.45666173100471497,0.42293429374694824,0.4911716878414154,0.5346882343292236,0.8866385817527771,1.8808518648147583,2.001056432723999,0.5879203677177429,0.49137431383132935,1.0035761594772339,1.12372624874115,-0.4803537428379059,0.07941456139087677,0.25,0.0,1.0,0.4000000059604645,0.9050137996673584,0.5718041658401489,1.2403006553649902
V,1.0,0.0,1.0,0.0,0.0,0.4647728204727173,0.42618489265441895,0.494735985994339,0.5217781662940979,0.8740102648735046,1.8917499780654907,2.0064921379089355,0.5790041089057922,0.4706479012966156,1.0295937061309814,1.1393169164657593,-0.4845260977745056,0.0787057876586914,0.25,0.0,1.0,0.4000000059604645,0.9206994771957397,0.5795151591300964,1.236973524093628
V,1.0,0.0,1.0,0.0,0.0,0.46038416028022766,0.42505815625190735,0.4944496750831604,0.5274850130081177,0.8849029541015625,1.888940691947937,2.005016326904297,0.5802870392799377,0.4733220040798187,1.0142278671264648,1.1291391849517822,-0.480753093957901,0.07975659519433975,0.25,0.0,1.0,0.4000000059604645,0.9184581637382507,0.5786150693893433,1.236891508102417
V,1.0,0.0,1.0,0.0,0.0,0.4600597620010376,0.42340201139450073,0.49293118715286255,0.5333429574966431,0.8626889586448669,1.8912765979766846,2.0052807331085205,0.5777340531349182,0.46757328510284424,1.0390417575836182,1.1506294012069702,-0.4788323938846588,0.07993358373641968,0.25,0.0,1.0,0.4000000059604645,0.9200280904769897,0.5762801170349121,1.2354661226272583
V,1.0,0.0,1.0,0.0,0.0,0.4560920000076294,0.4229637682437897,0.4920288026332855,0.5385256409645081,0.8780988454818726,1.8912136554718018,2.010871648788452,0.581206738948822,0.46611231565475464,1.021945834159851,1.142653465270996,-0.4777025282382965,0.07871340215206146,0.25,0.0,1.0,0.4000000059604645,0.9212369322776794,0.5774601101875305,1.2373510599136353
V,1.0,0.0,1.0,0.0,0.0,0.45524168014526367,0.4237162172794342,0.49343231320381165,0.5322742462158203,0.8942224383354187,1.8883721828460693,2.0087239742279053,0.5838050842285156,0.47060537338256836,1.0024389028549194,1.1260281801223755,-0.48033642768859863,0.08026523888111115,0.25,0.0,1.0,0.4000000059604645,0.9195830225944519,0.5779139995574951,1.2378766536712646
V,1.0,0.0,1.0,0.0,0.0,0.4595007300376892,0.423779159784317,0.49394214153289795,0.5310598611831665,0.8796021938323975,1.8919466733932495,2.0149123668670654,0.5740459561347961,0.4705319404602051,1.0226327180862427,1.1444029808044434,-0.4803975224494934,0.08066298067569733,0.25,0.0,1.0,0.4000000059604645,0.9247438907623291,0.5782749652862549,1.2378592491149902
V,1.0,0.0,1.0,0.0,0.0,0.4615732431411743,0.4238472580909729,0.4932788908481598,0.5348697900772095,0.8643078207969666,1.8923768997192383,2.010288953781128,0.5771406888961792,0.47013598680496216,1.0391700267791748,1.1534717082977295,-0.480046808719635,0.07924381643533707,0.25,0.0,1.0,0.4000000059604645,0.921341598033905,0.5805918574333191,1.237485647201538
V,1.0,1.0,1.0,0.0,0.0,0.46118128299713135,0.4229061007499695,0.493261456489563,0.5360696315765381,0.857501745223999,1.8976203203201294,2.019336700439453,0.5790408253669739,0.46926766633987427,1.0513544082641602,1.1693731546401978,-0.47914919257164,0.0805187001824379,0.25,0.0,1.0,0.6000000238418579,0.926112711429596,0.5809958577156067,1.2413164377212524
V,1.0,1.0,1.0,0.0,0.0,0.45997822284698486,0.4222678542137146,0.49220597743988037,0.5354580879211426,0.8587527871131897,1.8971985578536987,2.014148235321045,0.5844137072563171,0.4692360758781433,1.0493853092193604,1.163036584854126,-0.4790458381175995,0.08015693724155426,0.25,0.0,1.0,0.6000000238418579,0.9224206805229187,0.5799882411956787,1.2412492036819458
V,1.0,0.0,1.0,0.0,0.0,0.46274563670158386,0.42347508668899536,0.4935373067855835,0.5329559445381165,0.8609257340431213,1.897450566291809,2.0173089504241943,0.5755652189254761,0.46973735094070435,1.048435091972351,1.1633834838867188,-0.4804927110671997,0.0799531564116478,0.25,0.0,1.0,0.4000000059604645,0.9263879060745239,0.5813217759132385,1.2400155067443848
V,1.0,1.0,1.0,0.0,0.0,0.46116721630096436,0.4230376183986664,0.49360421299934387,0.5305355191230774,0.864997923374176,1.9044486284255981,2.025036096572876,0.5718693137168884,0.46447470784187317,1.0507460832595825,1.167845368385315,-0.4801691472530365,0.08048959821462631,0.25,0.0,1.0,0.6000000238418579,0.9340177774429321,0.5827614665031433,1.241457223892212
V,1.0,1.0,1.0,0.0,0.0,0.4657149016857147,0.4235014021396637,0.4939025044441223,0.5297706127166748,0.8411858677864075,1.9010728597640991,2.017817258834839,0.5738524794578552,0.4633200168609619,1.0730537176132202,1.1822704076766968,-0.480746865272522,0.08039680868387222,0.25,0.0,1.0,0.6000000238418579,0.9310432076454163,0.586966335773468,1.2390156984329224
V,1.0,1.0,1.0,0.0,0.0,0.46286240220069885,0.42527511715888977,0.4961199462413788,0.5249501466751099,0.8693057298660278,1.903943657875061,2.031946897506714,0.581340491771698,0.47312840819358826,1.0457185506820679,1.1708967685699463,-0.4824184775352478,0.08129605650901794,0.25,0.0,1.0,0.6000000238418579,0.9324916005134583,0.5817054510116577,1.2475898265838623
V,1.0,1.0,1.0,0.0,0.0,0.46549758315086365,0.42527326941490173,0.4958309829235077,0.5253261923789978,0.8601800799369812,1.8986929655075073,2.0197670459747314,0.5745639204978943,0.4708060920238495,1.0509780645370483,1.1663649082183838,-0.48222440481185913,0.08067234605550766,0.25,0.0,1.0,0.6000000238418579,0.9291625618934631,0.5838191509246826,1.240957498550415
V,1.0,1.0,1.0,0.0,0.0,0.46278679370880127,0.4253060817718506,0.49602389335632324,0.522432804107666,0.8715603947639465,1.9035478830337524,2.026482343673706,0.5806357860565186,0.47625669836997986,1.043060064315796,1.1632213592529297,-0.4819338917732239,0.08078604936599731,0.25,0.0,1.0,0.6000000238418579,0.9295307993888855,0.5822356343269348,1.2467306852340698
V,1.0,1.0,1.0,0.0,0.0,0.46372541785240173,0.4250117540359497,0.4954923689365387,0.5246145129203796,0.8632894158363342,1.904772162437439,2.0219831466674805,0.577755868434906,0.47106754779815674,1.0530811548233032,1.1661654710769653,-0.4818771481513977,0.0806538462638855,0.25,0.0,1.0,0.6000000238418579,0.9311457872390747,0.5847399234771729,1.2438946962356567
V,1.0,1.0,1.0,0.0,0.0,0.4624082148075104,0.4244331121444702,0.49535951018333435,0.5274918675422668,0.8663129210472107,1.9016996622085571,2.024945020675659,0.576414942741394,0.46878525614738464,1.0466357469558716,1.166709303855896,-0.4812626540660858,0.08111542463302612,0.25,0.0,1.0,0.6000000238418579,0.9320668578147888,0.5806094408035278,1.2429612874984741
V,1.0,1.0,1.0,0.0,0.0,0.4647934138774872,0.4252069890499115,0.49500665068626404,0.5251070857048035,0.8623435497283936,1.9012099504470825,2.0190589427948,0.5789797306060791,0.47026336193084717,1.050984263420105,1.1634712219238281,-0.4819590151309967,0.0789567157626152,0.25,0.0,1.0,0.6000000238418579,0.9280797243118286,0.5825087428092957,1.2423779964447021
V,1.0,1.0,1.0,0.0,0.0,0.46274614334106445,0.4243329167366028,0.4949617385864258,0.5266895890235901,0.8615463972091675,1.9082396030426025,2.031459331512451,0.5746234655380249,0.4654715657234192,1.0580549240112305,1.1775434017181396,-0.481047660112381,0.07994866371154785,0.25,0.0,1.0,0.6000000238418579,0.9376107454299927,0.5841052532196045,1.2449485063552856
V,1.0,1.0,1.0,0.0,0.0,0.46486589312553406,0.42446258664131165,0.494703084230423,0.5276819467544556,0.8541186451911926,1.90013587474823,2.0217394828796387,0.5742982029914856,0.46851709485054016,1.0584256649017334,1.1740953922271729,-0.48123452067375183,0.07995685935020447,0.25,0.0,1.0,0.6000000238418579,0.9306639432907104,0.5821851491928101,1.2411726713180542
V,1.0,1.0,1.0,0.0,0.0,0.46335330605506897,0.42318981885910034,0.49465394020080566,0.5278370380401611,0.8586201071739197,1.9046614170074463,2.025134563446045,0.5785647034645081,0.4643006920814514,1.0583970546722412,1.1736934185028076,-0.4816761016845703,0.08227245509624481,0.25,0.0,1.0,0.6000000238418579,0.9340319633483887,0.5831320285797119,1.243165373802185
V,1.0,1.0,1.0,0.0,0.0,0.4646095335483551,0.4237772524356842,0.49508902430534363,0.5275642275810242,0.8595870733261108,1.9085304737091064,2.027484178543091,0.5704807043075562,0.4643841087818146,1.061716079711914,1.174713134765625,-0.4816615879535675,0.08180632442235947,0.25,0.0,1.0,0.6000000238418579,0.9384957551956177,0.5870394706726074,1.2427198886871338
V,1.0,1.0,1.0,0.0,0.0,0.465283066034317,0.42403531074523926,0.4955708086490631,0.5254989862442017,0.8610237240791321,1.9070948362350464,2.0315310955047607,0.5725108981132507,0.46523475646972656,1.0591503381729126,1.1772478818893433,-0.48191776871681213,0.08248339593410492,0.25,0.0,1.0,0.6000000238418579,0.9387726783752441,0.5843061208724976,1.2440929412841797
V,1.0,1.0,1.0,0.0,0.0,0.46680161356925964,0.4242383539676666,0.494649738073349,0.5261564254760742,0.8542786240577698,1.910400390625,2.0286014080047607,0.569669783115387,0.46743571758270264,1.0698271989822388,1.1799533367156982,-0.48222002387046814,0.08034389466047287,0.25,0.0,1.0,0.6000000238418579,0.9379750490188599,0.5847596526145935,1.244026780128479
V,1.0,1.0,1.0,0.0,0.0,0.4672848582267761,0.4239065647125244,0.4945448637008667,0.5244617462158203,0.8401508927345276,1.912490963935852,2.034449338912964,0.5695256590843201,0.4623830318450928,1.0861433744430542,1.199532151222229,-0.48189181089401245,0.08024080097675323,0.25,0.0,1.0,0.6000000238418579,0.9420957565307617,0.5853068828582764,1.244712233543396
W,1.0,1.0,1.0,1.0,0.0,0.4747927784919739,0.40773236751556396,0.4617660641670227,0.5168219804763794,0.6899819374084473,1.9044936895370483,2.02237606048584,1.8163294792175293,0.41401010751724243,1.2382034063339233,1.333270788192749,-0.4497939944267273,0.04756396636366844,0.25,0.0,1.0,0.800000011920929,0.9552928805351257,0.5436031222343445,1.5393023490905762
W,1.0,1.0,1.0,1.0,0.0,0.4704951345920563,0.4057922959327698,0.46042925119400024,0.48177939653396606,0.6973087191581726,1.9052176475524902,2.0205562114715576,1.818774700164795,0.4198319613933563,1.2303446531295776,1.323779582977295,-0.4468553066253662,0.048899322748184204,0.25,0.0,1.0,0.800000011920929,0.951556384563446,0.5462855696678162,1.5410951375961304
W,1.0,1.0,1.0,1.0,0.0,0.4783838391304016,0.4095189571380615,0.4629252851009369,0.5148578882217407,0.6928702592849731,1.8930859565734863,2.0077919960021973,1.8126572370529175,0.4256388247013092,1.2254270315170288,1.3161686658859253,-0.4519824683666229,0.046637699007987976,0.25,0.0,1.0,0.800000011920929,0.9429261684417725,0.5454128384590149,1.534793496131897
W,1.0,1.0,1.0,1.0,0.0,0.4775662124156952,0.4117237329483032,0.46367278695106506,0.513680636882782,0.7008225917816162,1.8886879682540894,1.999126672744751,1.8142472505569458,0.4301789104938507,1.2113863229751587,1.299331545829773,-0.4535132050514221,0.04404901713132858,0.25,0.0,1.0,0.800000011920929,0.9349303245544434,0.5413045287132263,1.5330601930618286
W,1.0,1.0,1.0,1.0,0.0,0.48058074712753296,0.4268065094947815,0.4609733819961548,0.5154854655265808,0.6996936798095703,1.891288161277771,1.998995065689087,1.8048490285873413,0.42160505056381226,1.2073006629943848,1.3013414144515991,-0.45512592792510986,0.008865760639309883,0.25,0.0,1.0,0.800000011920929,0.9173213243484497,0.5374087691307068,1.529184341430664
W,1.0,1.0,1.0,1.0,0.0,0.4753572940826416,0.4403817653656006,0.4631308317184448,0.5155577063560486,0.7163295745849609,1.8879915475845337,1.9937657117843628,1.7973700761795044,0.42315277457237244,1.1786024570465088,1.2782604694366455,-0.4543977677822113,0.013405915349721909,0.25,0.0,1.0,0.800000011920929,0.8947145938873291,0.5318079590797424,1.525570034980774
W,1.0,1.0,1.0,1.0,0.0,0.4760766625404358,0.43445152044296265,0.4597982168197632,0.5164597630500793,0.7149667143821716,1.898773193359375,1.99234139919281,1.7970699071884155,0.4212964177131653,1.193557620048523,1.2788317203521729,-0.45473653078079224,0.007198274601250887,0.25,0.0,1.0,0.800000011920929,0.9023501873016357,0.5344144701957703,1.5273702144622803
W,1.0,1.0,1.0,1.0,0.0,0.4680842161178589,0.4076329469680786,0.45768308639526367,0.5162250995635986,0.7037030458450317,1.891392469406128,2.0067813396453857,1.8211771249771118,0.4237271249294281,1.2076698541641235,1.303656816482544,-0.45052921772003174,0.04024663195014,0.25,0.0,1.0,0.800000011920929,0.9419602751731873,0.542927622795105,1.5357695817947388
W,1.0,1.0,1.0,1.0,0.0,0.47119206190109253,0.4026000201702118,0.4584802985191345,0.5164586901664734,0.7055501937866211,1.8851102590560913,2.0002832412719727,1.8136885166168213,0.43222442269325256,1.2053563594818115,1.2956019639968872,-0.44862100481987,0.051270853728055954,0.25,0.0,1.0,0.800000011920929,0.9403124451637268,0.5438631772994995,1.5328266620635986
W,1.0,1.0,1.0,1.0,0.0,0.46322378516197205,0.40126144886016846,0.4596238136291504,0.516814649105072,0.6978729963302612,1.8765145540237427,1.9998773336410522,1.8065026998519897,0.42149779200553894,1.1994426250457764,1.3020728826522827,-0.44772177934646606,0.056080494076013565,0.25,0.0,1.0,0.800000011920929,0.944338858127594,0.539644718170166,1.5260981321334839
W,1.0,1.0,1.0,1.0,0.0,0.4648115634918213,0.4004150927066803,0.4604252278804779,0.5170561075210571,0.6977554559707642,1.8810583353042603,2.0039827823638916,1.8070793151855469,0.42162927985191345,1.2057121992111206,1.3063288927078247,-0.4474829137325287,0.059335071593523026,0.25,0.0,1.0,0.800000011920929,0.9473703503608704,0.5392294526100159,1.5284373760223389
W,1.0,1.0,1.0,1.0,0.0,0.4693073630332947,0.40131035447120667,0.46067121624946594,0.5162644982337952,0.6931919455528259,1.8757520914077759,2.002619504928589,1.813097596168518,0.4320739209651947,1.2072936296463013,1.3098177909851074,-0.4484672248363495,0.05839501693844795,0.25,0.0,1.0,0.800000011920929,0.9432728290557861,0.5414313077926636,1.5308858156204224
W,1.0,1.0,1.0,1.0,0.0,0.4615580141544342,0.42370542883872986,0.45590996742248535,0.48120322823524475,0.7117121815681458,1.8967941999435425,1.9969383478164673,1.803794264793396,0.4116390645503998,1.193099856376648,1.2854002714157104,-0.45000508427619934,0.005114957224577665,0.25,0.0,1.0,0.800000011920929,0.917348325252533,0.5371897220611572,1.5272914171218872
W,1.0,1.0,1.0,1.0,0.0,0.46599656343460083,0.4341903328895569,0.4582226872444153,0.4822154641151428,0.7111539840698242,1.8973628282546997,1.9908217191696167,1.790684700012207,0.42817753553390503,1.1918692588806152,1.279997706413269,-0.4516086280345917,0.010438778437674046,0.25,0.0,1.0,0.800000011920929,0.897046685218811,0.5407330393791199,1.5267616510391235
W,1.0,1.0,1.0,1.0,0.0,0.46450626850128174,0.4343548119068146,0.45744386315345764,0.5190949440002441,0.7119556665420532,1.8899656534194946,1.9840173721313477,1.787469744682312,0.42856287956237793,1.183119535446167,1.2723349332809448,-0.4510757327079773,0.012277565896511078,0.25,0.0,1.0,0.800000011920929,0.8914839625358582,0.5380030274391174,1.5225039720535278
W,1.0,1.0,1.0,1.0,0.0,0.46055611968040466,0.43172094225883484,0.45629245042800903,0.47981831431388855,0.7084038257598877,1.9050476551055908,2.0011863708496094,1.804506778717041,0.421042799949646,1.2012591361999512,1.292880892753601,-0.44826540350914,0.009060828015208244,0.25,0.0,1.0,0.800000011920929,0.906254768371582,0.5395039916038513,1.5329458713531494
W,1.0,1.0,1.0,1.0,0.0,0.46145784854888916,0.4334867596626282,0.45666903257369995,0.518584668636322,0.7153812050819397,1.8977339267730713,1.9916720390319824,1.804470419883728,0.41894128918647766,1.186774730682373,1.2764172554016113,-0.4502722918987274,0.012208319269120693,0.25,0.0,1.0,0.800000011920929,0.9015322327613831,0.5439716577529907,1.5282044410705566
W,1.0,1.0,1.0,1.0,0.0,0.4619016945362091,0.4328170418739319,0.45599499344825745,0.5182373523712158,0.7100933194160461,1.8947480916976929,1.9911192655563354,1.8079041242599487,0.4154818058013916,1.1893830299377441,1.281216025352478,-0.4504960775375366,0.012182637117803097,0.25,0.0,1.0,0.800000011920929,0.904882550239563,0.5410624146461487,1.5273133516311646
W,1.0,1.0,1.0,1.0,0.0,0.4544374346733093,0.43137112259864807,0.4544750154018402,0.5182526111602783,0.7245690226554871,1.8944345712661743,1.9911752939224243,1.8087220191955566,0.40808966755867004,1.1729408502578735,1.2666062116622925,-0.45088595151901245,0.01202014647424221,0.25,0.0,1.0,0.800000011920929,0.9062469601631165,0.5387946963310242,1.525605320930481
W,1.0,1.0,1.0,1.0,0.0,0.45917683839797974,0.43299534916877747,0.4561057388782501,0.5174397230148315,0.7252913117408752,1.8976095914840698,1.9952044486999512,1.8145345449447632,0.41313672065734863,1.1762806177139282,1.2699662446975708,-0.45292404294013977,0.012554031796753407,0.25,0.0,1.0,0.800000011920929,0.9059513211250305,0.5449439883232117,1.5301213264465332
W,1.0,1.0,1.0,1.0,0.0,0.4492773115634918,0.4325030744075775,0.4558731019496918,0.5179062485694885,0.7458425164222717,1.8829528093338013,1.9891235828399658,1.806024432182312,0.39950627088546753,1.1388235092163086,1.243537187576294,-0.4529527723789215,0.01226398441940546,0.25,0.0,1.0,0.800000011920929,0.9022611379623413,0.5420102477073669,1.5194017887115479
W,1.0,1.0,1.0,1.0,0.0,0.45311522483825684,0.4122861623764038,0.4505186378955841,0.4814203083515167,0.714920699596405,1.8870128393173218,1.9848133325576782,1.8156189918518066,0.4043208658695221,1.1815097332000732,1.2699297666549683,-0.4479662775993347,0.016788300126791,0.25,0.0,1.0,0.800000011920929,0.9283992052078247,0.5432221293449402,1.5229414701461792
W,1.0,1.0,1.0,1.0,0.0,0.46504083275794983,0.3963170647621155,0.45120158791542053,0.4812626540660858,0.6980240345001221,1.8810373544692993,1.99836003780365,1.829527497291565,0.4074854254722595,1.2085062265396118,1.3013492822647095,-0.4459037780761719,0.04830654338002205,0.25,0.0,1.0,0.800000011920929,0.9550794363021851,0.5535343885421753,1.5291025638580322
W,1.0,1.0,1.0,1.0,0.0,0.4609386622905731,0.39791491627693176,0.45170778036117554,0.4809417128562927,0.7160924673080444,1.8760080337524414,1.9957196712493896,1.8291358947753906,0.41224947571754456,1.1823265552520752,1.2800967693328857,-0.4458599090576172,0.04670606553554535,0.25,0.0,1.0,0.800000011920929,0.9457652568817139,0.5491820573806763,1.5282782316207886
W,1.0,1.0,1.0,1.0,0.0,0.4547939598560333,0.39603379368782043,0.4527146518230438,0.4785005748271942,0.7132264375686646,1.880504846572876,1.9938040971755981,1.8196182250976562,0.4144107401371002,1.1866400241851807,1.2806013822555542,-0.4417349398136139,0.05216279625892639,0.25,0.0,1.0,0.800000011920929,0.9432855844497681,0.5465766787528992,1.527084469795227
W,1.0,1.0,1.0,1.0,0.0,0.45924410223960876,0.39663296937942505,0.45539405941963196,0.4784044623374939,0.7010919451713562,1.8649625778198242,1.9859861135482788,1.81321382522583,0.41041508316993713,1.185335397720337,1.284973382949829,-0.4433264434337616,0.05658869072794914,0.25,0.0,1.0,0.800000011920929,0.9411259889602661,0.5435823202133179,1.5186443328857422
W,1.0,1.0,1.0,1.0,0.0,0.45876652002334595,0.39633968472480774,0.4557904601097107,0.4783744513988495,0.7056743502616882,1.8744919300079346,1.9951385259628296,1.8224623203277588,0.4093901515007019,1.1903148889541626,1.2895119190216064,-0.4428495168685913,0.05837234854698181,0.25,0.0,1.0,0.800000011920929,0.9464179873466492,0.5469640493392944,1.525370717048645
W,1.0,1.0,1.0,1.0,0.0,0.45394405722618103,0.3964136838912964,0.4556497633457184,0.47869738936424255,0.7123519778251648,1.869596004486084,1.9946353435516357,1.819137454032898,0.40404394268989563,1.175840139389038,1.282299280166626,-0.44351840019226074,0.057555560022592545,0.25,0.0,1.0,0.800000011920929,0.9461336731910706,0.5438295006752014,1.5218532085418701
W,1.0,1.0,1.0,1.0,0.0,0.4516219198703766,0.39303553104400635,0.45464691519737244,0.4793933033943176,0.7132709622383118,1.858080267906189,1.9976283311843872,1.831243872642517,0.4056888818740845,1.1641985177993774,1.2844074964523315,-0.4431043267250061,0.061661384999752045,0.25,0.0,1.0,0.800000011920929,0.9501456022262573,0.5470771789550781,1.5231603384017944
W,1.0,1.0,1.0,1.0,0.0,0.4423806667327881,0.3923458456993103,0.45430999994277954,0.47747236490249634,0.72984379529953,1.8590620756149292,1.9975944757461548,1.835189700126648,0.4031219780445099,1.1439361572265625,1.2685579061508179,-0.44178274273872375,0.06288675218820572,0.25,0.0,1.0,0.800000011920929,0.9476305842399597,0.5467219948768616,1.5237420797348022
W,1.0,1.0,1.0,1.0,0.0,0.44854700565338135,0.3920559585094452,0.453751802444458,0.476944237947464,0.7200809717178345,1.8573592901229858,1.9999253749847412,1.8298430442810059,0.4074223041534424,1.1556020975112915,1.2799948453903198,-0.4422680139541626,0.06229861453175545,0.25,0.0,1.0,0.800000011920929,0.9470348358154297,0.5468987226486206,1.5236375331878662
W,1.0,1.0,1.0,1.0,0.0,0.4473728835582733,0.39218735694885254,0.451958030462265,0.47745388746261597,0.7151257395744324,1.8559889793395996,2.002631425857544,1.837085485458374,0.40638062357902527,1.158172369003296,1.287621021270752,-0.44134384393692017,0.05854838341474533,0.25,0.0,1.0,0.800000011920929,0.9504070281982422,0.5427514314651489,1.5255216360092163
W,1.0,1.0,1.0,1.0,0.0,0.44580575823783875,0.3941548466682434,0.45308780670166016,0.47929978370666504,0.7329947352409363,1.8568699359893799,2.005190849304199,1.838668704032898,0.40903061628341675,1.1396729946136475,1.2724984884262085,-0.444866418838501,0.05603836104273796,0.25,0.0,1.0,0.800000011920929,0.9473922252655029,0.550071656703949,1.527440071105957
W,1.0,1.0,1.0,1.0,0.0,0.44612908363342285,0.39618510007858276,0.45385491847991943,0.4801439940929413,0.7495846748352051,1.876368522644043,2.009762763977051,1.8430564403533936,0.39818117022514343,1.142014503479004,1.2605302333831787,-0.4473533034324646,0.05393930524587631,0.25,0.0,1.0,0.800000011920929,0.9527742266654968,0.5562911033630371,1.5318422317504883
W,1.0,1.0,1.0,1.0,0.0,0.45124343037605286,0.3963990807533264,0.45370715856552124,0.4803588092327118,0.7499151825904846,1.8693660497665405,2.0093064308166504,1.8430829048156738,0.41055288910865784,1.1378419399261475,1.2594269514083862,-0.447428435087204,0.0534524992108345,0.25,0.0,1.0,0.800000011920929,0.9465082883834839,0.554832398891449,1.5330770015716553
W,1.0,1.0,1.0,1.0,0.0,0.4411918818950653,0.3967970013618469,0.453675776720047,0.5194962024688721,0.7700811624526978,1.8733891248703003,2.016693353652954,1.8475291728973389,0.4141477048397064,1.1159327030181885,1.2475699186325073,-0.44784682989120483,0.0533413290977478,0.5,0.0,1.0,0.800000011920929,0.9458208680152893,0.550948977470398,1.5379399061203003
W,1.0,1.0,1.0,1.0,0.0,0.4422051012516022,0.3972366452217102,0.4540053606033325,0.5191792845726013,0.7742618918418884,1.8667244911193848,2.0094094276428223,1.8416017293930054,0.41549408435821533,1.1055642366409302,1.2360128164291382,-0.4480428695678711,0.05310111865401268,0.5,0.0,1.0,0.800000011920929,0.9395497441291809,0.5489171147346497,1.533307433128357
W,1.0,1.0,1.0,1.0,0.0,0.4472489356994629,0.39782479405403137,0.45520898699760437,0.5177364349365234,0.7674591541290283,1.881720781326294,2.010969877243042,1.8502246141433716,0.4093296527862549,1.1297458410263062,1.243898630142212,-0.4501189589500427,0.05305888131260872,0.25,0.0,1.0,0.800000011920929,0.9486008882522583,0.5608598589897156,1.538061261177063
W,1.0,1.0,1.0,1.0,0.0,0.43185165524482727,0.40152373909950256,0.4542039632797241,0.5198323726654053,0.7849283814430237,1.8822321891784668,2.0136044025421143,1.8463361263275146,0.3967971205711365,1.1033935546875,1.231842279434204,-0.4486059546470642,0.044362328946590424,0.5,0.0,1.0,0.800000011920929,0.9441657662391663,0.5574275851249695,1.5347424745559692
W,1.0,1.0,1.0,1.0,0.0,0.4459785223007202,0.4037460684776306,0.4550737142562866,0.5183228850364685,0.7614599466323853,1.8827614784240723,2.003343343734741,1.8459646701812744,0.4004436731338501,1.132482647895813,1.242384672164917,-0.4501923620700836,0.04212635010480881,0.25,0.0,1.0,0.800000011920929,0.9425987601280212,0.5533841848373413,1.533128261566162
W,1.0,1.0,1.0,1.0,0.0,0.4446971118450165,0.4029199182987213,0.4548475444316864,0.5181836485862732,0.7867938280105591,1.8805267810821533,2.006014585494995,1.8491014242172241,0.4022866189479828,1.1053063869476318,1.2198786735534668,-0.45021459460258484,0.043465692549943924,0.5,0.0,1.0,0.800000011920929,0.9388501644134521,0.5546711087226868,1.5344823598861694
W,1.0,1.0,1.0,1.0,0.0,0.4514373242855072,0.40165746212005615,0.45506706833839417,0.5172299742698669,0.7742919325828552,1.8709607124328613,2.002110719680786,1.8460251092910767,0.4138273000717163,1.1126728057861328,1.227900743484497,-0.450547456741333,0.046709440648555756,0.25,0.0,1.0,0.800000011920929,0.9352807402610779,0.5535609722137451,1.5332309007644653
W,1.0,1.0,1.0,1.0,0.0,0.44508451223373413,0.40028926730155945,0.4553782045841217,0.5173028707504272,0.7822620868682861,1.8853728771209717,2.0126795768737793,1.853665828704834,0.41251108050346375,1.116249918937683,1.231086254119873,-0.45115238428115845,0.04946338012814522,0.5,0.0,1.0,0.800000011920929,0.9432533383369446,0.5584732294082642,1.5410573482513428
W,1.0,1.0,1.0,1.0,0.0,0.4490712583065033,0.399596244096756,0.4551963210105896,0.48169568181037903,0.7608023881912231,1.879926085472107,2.0063064098358154,1.8465462923049927,0.4159489870071411,1.1344256401062012,1.2457308769226074,-0.44989439845085144,0.05047336593270302,0.25,0.0,1.0,0.800000011920929,0.9412777423858643,0.5611857175827026,1.5371819734573364
W,1.0,1.0,1.0,1.0,0.0,0.44407835602760315,0.39853665232658386,0.4535578787326813,0.48020854592323303,0.7526336908340454,1.8724517822265625,2.0098490715026855,1.841720700263977,0.40030333399772644,1.132603645324707,1.2577488422393799,-0.44760140776634216,0.04925607517361641,0.25,0.0,1.0,0.800000011920929,0.9467377662658691,0.5541465282440186,1.531081199645996
W,1.0,1.0,1.0,1.0,0.0,0.45310911536216736,0.39911532402038574,0.4538324773311615,0.48108091950416565,0.759954571723938,1.8731908798217773,2.00683856010437,1.8512552976608276,0.4095456004142761,1.1314401626586914,1.2468870878219604,-0.4488980770111084,0.048882368952035904,0.25,0.0,1.0,0.800000011920929,0.9432328343391418,0.5550616979598999,1.5352076292037964
W,1.0,1.0,1.0,1.0,0.0,0.4486088752746582,0.4003962278366089,0.4545757472515106,0.4824833571910858,0.7720661759376526,1.8750821352005005,2.0077133178710938,1.8566256761550903,0.41009628772735596,1.1179413795471191,1.2358673810958862,-0.4505741596221924,0.047799430787563324,0.25,0.0,1.0,0.800000011920929,0.9419487714767456,0.5567477941513062,1.5373793840408325
W,1.0,1.0,1.0,1.0,0.0,0.4479980766773224,0.4011797606945038,0.45392629504203796,0.4824630618095398,0.7639237642288208,1.8741917610168457,2.0029397010803223,1.8492952585220337,0.40390828251838684,1.124105453491211,1.2392300367355347,-0.4497067630290985,0.044925544410943985,0.25,0.0,1.0,0.800000011920929,0.9418689012527466,0.5539944767951965,1.5325837135314941
W,1.0,1.0,1.0,1.0,0.0,0.44339409470558167,0.40140223503112793,0.4546263813972473,0.4832445979118347,0.7715581059455872,1.872951865196228,2.0074892044067383,1.852950930595398,0.39615488052368164,1.1127358675003052,1.236711025238037,-0.4506623446941376,0.045747194439172745,0.5,0.0,1.0,0.800000011920929,0.9463727474212646,0.5565131306648254,1.5323866605758667
W,1.0,1.0,1.0,1.0,0.0,0.44542571902275085,0.40201908349990845,0.45567137002944946,0.5159568786621094,0.771949052810669,1.8745681047439575,2.0132393836975098,1.8612160682678223,0.4018426537513733,1.1147360801696777,1.241938829421997,-0.4519369602203369,0.04660899564623833,0.5,0.0,1.0,0.800000011920929,0.9484717845916748,0.5586527585983276,1.5377166271209717
W,1.0,1.0,1.0,1.0,0.0,0.44230934977531433,0.40293365716934204,0.4575269818305969,0.5141533017158508,0.7817693948745728,1.8850185871124268,2.0201027393341064,1.8607139587402344,0.4019562602043152,1.1134092807769775,1.2397894859313965,-0.4534282386302948,0.048733361065387726,0.5,0.0,1.0,0.800000011920929,0.9514768123626709,0.5588909387588501,1.541947841644287
W,1.0,1.0,1.0,1.0,0.0,0.44487786293029785,0.40281686186790466,0.4569084346294403,0.5145822763442993,0.7888455986976624,1.876397728919983,2.0164906978607178,1.861387014389038,0.4060717225074768,1.0993529558181763,1.2285701036453247,-0.4529477655887604,0.0480663888156414,0.5,0.0,1.0,0.800000011920929,0.9452146291732788,0.5539771318435669,1.5400867462158203
W,1.0,1.0,1.0,1.0,0.0,0.44552555680274963,0.40453094244003296,0.45722484588623047,0.5139327049255371,0.7829403877258301,1.8788247108459473,2.0070159435272217,1.8512153625488281,0.40495187044143677,1.1069451570510864,1.2249422073364258,-0.45328786969184875,0.045075468719005585,0.5,0.0,1.0,0.800000011920929,0.9415528178215027,0.5520501732826233,1.5355019569396973
W,1.0,1.0,1.0,1.0,0.0,0.4448525905609131,0.406026154756546,0.4598112404346466,0.5130890607833862,0.7886872291564941,1.887549638748169,2.0165863037109375,1.8547158241271973,0.4012221693992615,1.1088825464248657,1.2293281555175781,-0.4554201066493988,0.04774297773838043,0.5,0.0,1.0,0.800000011920929,0.9471501111984253,0.5587388873100281,1.5400184392929077
W,1.0,1.0,1.0,1.0,0.0,0.4443851411342621,0.40978357195854187,0.4602823853492737,0.5166822671890259,0.7955397963523865,1.895869255065918,2.0141797065734863,1.8420252799987793,0.3976038098335266,1.1083905696868896,1.220278263092041,-0.45423424243927,0.04084816947579384,0.5,0.0,1.0,0.800000011920929,0.9371607899665833,0.5586392283439636,1.5374195575714111
W,1.0,1.0,1.0,1.0,0.0,0.4467248022556305,0.4097713232040405,0.4603208601474762,0.5162388682365417,0.7880449891090393,1.9037176370620728,2.0210094451904297,1.8466154336929321,0.4011736214160919,1.1246875524520874,1.2341419458389282,-0.45474809408187866,0.04125683382153511,0.5,0.0,1.0,0.800000011920929,0.9424232244491577,0.5619699358940125,1.5431289672851562
W,1.0,1.0,1.0,1.0,0.0,0.44682836532592773,0.4093356132507324,0.46050912141799927,0.5167080163955688,0.7935909032821655,1.8907665014266968,2.0171010494232178,1.8426647186279297,0.39684802293777466,1.106610894203186,1.2247178554534912,-0.4543895721435547,0.04247736930847168,0.5,0.0,1.0,0.800000011920929,0.9384230971336365,0.5599105954170227,1.536845088005066
W,1.0,1.0,1.0,1.0,0.0,0.4507865607738495,0.4109555780887604,0.46232837438583374,0.5151975154876709,0.7815030217170715,1.8983925580978394,2.019599199295044,1.8426063060760498,0.39967650175094604,1.127227783203125,1.2389339208602905,-0.45600882172584534,0.04315382242202759,0.5,0.0,1.0,0.800000011920929,0.9419182538986206,0.5598162412643433,1.5400686264038086
W,1.0,1.0,1.0,1.0,0.0,0.44528910517692566,0.4107528030872345,0.4623141586780548,0.5138746500015259,0.7890622019767761,1.9022585153579712,2.0254077911376953,1.8509608507156372,0.38931870460510254,1.1210969686508179,1.2381926774978638,-0.4577597677707672,0.043076466768980026,0.5,0.0,1.0,0.800000011920929,0.9500329494476318,0.5655059814453125,1.5419864654541016
W,1.0,1.0,1.0,1.0,0.0,0.450611412525177,0.41010117530822754,0.4607587158679962,0.5144503712654114,0.7873490452766418,1.900014042854309,2.021287679672241,1.8515393733978271,0.40213510394096375,1.1234859228134155,1.2345938682556152,-0.4560220241546631,0.041208527982234955,0.5,0.0,1.0,0.800000011920929,0.9430618286132812,0.56348717212677,1.5437440872192383
X,1.0,0.0,0.0,0.0,0.0,0.36598870158195496,0.424347460269928,0.3876460790634155,0.5607266426086426,0.964400589466095,1.561295986175537,0.6929444670677185,0.5268246531486511,0.46459656953811646,0.6377731561660767,0.2770935893058777,-0.5029836893081665,0.6661813259124756,0.25,0.0,0.3511265218257904,0.20000000298023224,0.569875180721283,0.43520620465278625,0.811415433883667
X,1.0,0.0,0.0,0.0,0.0,0.365281879901886,0.4224681854248047,0.3858368694782257,0.5632806420326233,0.9682079553604126,1.5642279386520386,0.6953406929969788,0.5289840698242188,0.4698920249938965,0.6356028318405151,0.2779621481895447,-0.5030043721199036,0.6571028232574463,0.25,0.0,0.34331023693084717,0.20000000298023224,0.568568229675293,0.43362849950790405,0.8146111965179443
X,1.0,0.0,0.0,0.0,0.0,0.3664856553077698,0.4255177974700928,0.389016717672348,0.5611957311630249,0.9603467583656311,1.5586494207382202,0.6857452392578125,0.5239564180374146,0.4654200077056885,0.6397659182548523,0.28054261207580566,-0.5054625272750854,0.6650642156600952,0.25,0.0,0.33954140543937683,0.20000000298023224,0.5670902132987976,0.43054071068763733,0.8084427714347839
X,1.0,0.0,0.0,0.0,0.0,0.36495500802993774,0.42472681403160095,0.3912939727306366,0.565128743648529,0.9526312947273254,1.5565261840820312,0.674596905708313,0.5312963128089905,0.4665684998035431,0.6456161737442017,0.2858334481716156,-0.5054885745048523,0.6699899435043335,0.25,0.0,0.3352223336696625,0.20000000298023224,0.5577106475830078,0.4256938695907593,0.8072469830513
X,1.0,0.0,0.0,0.0,0.0,0.36486172676086426,0.42520871758461,0.3854636549949646,0.5657044053077698,0.9539502263069153,1.5552611351013184,0.687343955039978,0.5300618410110474,0.471238374710083,0.6440041065216064,0.2717069983482361,-0.5025460720062256,0.6677395105361938,0.25,0.0,0.34944939613342285,0.20000000298023224,0.5595506429672241,0.41726818680763245,0.8109763264656067
X,1.0,0.0,0.0,0.0,0.0,0.36769992113113403,0.42434218525886536,0.39273616671562195,0.5608040690422058,0.9600284099578857,1.5490518808364868,0.6795905232429504,0.529900848865509,0.46852418780326843,0.627626359462738,0.287540465593338,-0.5064331889152527,0.6635549068450928,0.25,0.0,0.33889880776405334,0.20000000298023224,0.5575494170188904,0.42686551809310913,0.8067668676376343
X,1.0,0.0,0.0,0.0,0.0,0.3660607933998108,0.42546164989471436,0.39097344875335693,0.5630515217781067,0.9533300399780273,1.5492072105407715,0.6809327602386475,0.5290111899375916,0.4642447233200073,0.6374582648277283,0.2795972526073456,-0.5057310461997986,0.665986180305481,0.25,0.0,0.33748987317085266,0.20000000298023224,0.5579735040664673,0.4197426438331604,0.8058489561080933
X,1.0,0.0,0.0,0.0,0.0,0.36768481135368347,0.4264066219329834,0.3881158232688904,0.5623505711555481,0.9542546272277832,1.552069902420044,0.6814732551574707,0.5268856883049011,0.46641382575035095,0.6384711265563965,0.2776470184326172,-0.5050874948501587,0.6686406135559082,0.25,0.0,0.3501056134700775,0.20000000298023224,0.5612161755561829,0.4227333664894104,0.8067106604576111
X,1.0,0.0,0.0,0.0,0.0,0.36518532037734985,0.4274178445339203,0.3895435333251953,0.5614694952964783,0.9560385942459106,1.5725793838500977,0.6800289154052734,0.5246504545211792,0.4667104184627533,0.6613677740097046,0.2828189730644226,-0.5049064755439758,0.676849901676178,0.25,0.0,0.3371741771697998,0.20000000298023224,0.5699959993362427,0.424735426902771,0.8109923005104065
X,1.0,0.0,0.0,0.0,0.0,0.36606359481811523,0.4265742003917694,0.38798049092292786,0.5645363926887512,0.9523417353630066,1.5559879541397095,0.683265209197998,0.5309133529663086,0.46858593821525574,0.6463574171066284,0.274746835231781,-0.5039729475975037,0.6714419722557068,0.25,0.0,0.34795433282852173,0.20000000298023224,0.5598481893539429,0.41396111249923706,0.8096880912780762
X,1.0,0.0,0.0,0.0,0.0,0.36502736806869507,0.42817139625549316,0.38627466559410095,0.5668437480926514,0.9581764936447144,1.5850366353988647,0.6909247040748596,0.5372246503829956,0.47995689511299133,0.672698438167572,0.2727126181125641,-0.5033816695213318,0.6733468770980835,0.25,0.0,0.34037816524505615,0.20000000298023224,0.5662298202514648,0.417331337928772,0.823285698890686
X,1.0,0.0,0.0,0.0,0.0,0.3644368648529053,0.42864981293678284,0.3828875422477722,0.5675536394119263,0.9454920887947083,1.580073356628418,0.683311402797699,0.5304681062698364,0.47719913721084595,0.6806498765945435,0.26628708839416504,-0.5009928941726685,0.684799075126648,0.25,0.0,0.3604269027709961,0.20000000298023224,0.5652565956115723,0.40485459566116333,0.8177630305290222
X,1.0,0.0,0.0,0.0,0.0,0.36630648374557495,0.427927702665329,0.3861939013004303,0.566805362701416,0.9541884660720825,1.5735187530517578,0.6824544668197632,0.5295582413673401,0.47266533970832825,0.6630709767341614,0.27637019753456116,-0.5038006901741028,0.6742002367973328,0.25,0.0,0.3455715775489807,0.20000000298023224,0.5635903477668762,0.41133201122283936,0.8145492076873779
X,1.0,0.0,0.0,0.0,0.0,0.36416885256767273,0.4263668954372406,0.38422513008117676,0.565119743347168,0.9634538292884827,1.5793051719665527,0.6868019700050354,0.5316929221153259,0.4768344759941101,0.6611995100975037,0.28135812282562256,-0.5024803280830383,0.6710558533668518,0.25,0.0,0.3362318277359009,0.20000000298023224,0.568058967590332,0.41657933592796326,0.8186586499214172
X,1.0,0.0,0.0,0.0,0.0,0.36472001671791077,0.42608383297920227,0.38412681221961975,0.5667048692703247,0.9526697397232056,1.5654993057250977,0.6850857734680176,0.5313765406608582,0.4761735498905182,0.6563653945922852,0.2720780074596405,-0.5027053952217102,0.6681860685348511,0.25,0.0,0.3443411886692047,0.20000000298023224,0.5594824552536011,0.41051185131073,0.8145338296890259
X,1.0,0.0,0.0,0.0,0.0,0.36522412300109863,0.42553940415382385,0.3841576874256134,0.5671863555908203,0.9498130083084106,1.5609071254730225,0.6829412579536438,0.5293052792549133,0.4757128953933716,0.6530762314796448,0.27113625407218933,-0.5013192892074585,0.673497200012207,0.25,0.0,0.35859254002571106,0.20000000298023224,0.5577547550201416,0.40588754415512085,0.8122166395187378
X,1.0,0.0,0.0,0.0,0.0,0.3650627136230469,0.4238005578517914,0.38602080941200256,0.5667353868484497,0.9463589787483215,1.5413835048675537,0.6845972537994385,0.5283928513526917,0.4751189947128296,0.6352828741073608,0.26707080006599426,-0.5016464591026306,0.6662106513977051,0.25,0.0,0.35857123136520386,0.20000000298023224,0.5484551191329956,0.4080623984336853,0.8073731660842896
X,1.0,0.0,0.0,0.0,0.0,0.36159205436706543,0.4228043556213379,0.3844468891620636,0.5668177604675293,0.9462509751319885,1.5591436624526978,0.6847785115242004,0.5300305485725403,0.48046204447746277,0.655765950679779,0.26778149604797363,-0.4985564649105072,0.6774951815605164,0.25,0.0,0.36233165860176086,0.20000000298023224,0.5555024147033691,0.40896841883659363,0.8136036992073059
X,1.0,0.0,0.0,0.0,0.0,0.3638167083263397,0.42305439710617065,0.3821437954902649,0.5683736205101013,0.9449463486671448,1.5612576007843018,0.6925867199897766,0.5293432474136353,0.4730992019176483,0.6563438773155212,0.25662094354629517,-0.4978686273097992,0.6759026050567627,0.25,0.0,0.38341858983039856,0.20000000298023224,0.5581178069114685,0.4173755943775177,0.8140717148780823
X,1.0,0.0,0.0,0.0,0.0,0.36137887835502625,0.42283400893211365,0.3848135769367218,0.5684536099433899,0.9392387866973877,1.5587244033813477,0.6784340739250183,0.5324122309684753,0.47681230306625366,0.6619396209716797,0.267341285943985,-0.4993973970413208,0.6789915561676025,0.25,0.0,0.3635939359664917,0.20000000298023224,0.552654504776001,0.41484129428863525,0.8115957379341125
X,1.0,0.0,0.0,0.0,0.0,0.3673252463340759,0.4237162172794342,0.38464316725730896,0.5681384801864624,0.9409003853797913,1.5562732219696045,0.6818188428878784,0.5296100378036499,0.4708309471607208,0.6515522003173828,0.2627198100090027,-0.5030469298362732,0.6653240919113159,0.25,0.0,0.37125906348228455,0.20000000298023224,0.5525063872337341,0.4211231768131256,0.8096332550048828
X,1.0,0.0,0.0,0.0,0.0,0.36517444252967834,0.4225101172924042,0.3848854899406433,0.5668409466743469,0.9450051188468933,1.5549395084381104,0.6804224848747253,0.5333389043807983,0.4792625308036804,0.6477398872375488,0.26920032501220703,-0.5016245245933533,0.6681205034255981,0.25,0.0,0.36500027775764465,0.20000000298023224,0.5513954758644104,0.41572147607803345,0.8119908571243286
X,1.0,0.0,0.0,0.0,0.0,0.3657768666744232,0.42404481768608093,0.385145902633667,0.5661320686340332,0.9520447850227356,1.5685663223266602,0.6866620182991028,0.5342356562614441,0.48095741868019104,0.655743420124054,0.26990336179733276,-0.5006669163703918,0.6742314100265503,0.25,0.0,0.3692806363105774,0.20000000298023224,0.558391809463501,0.41832736134529114,0.8176053166389465
X,1.0,0.0,0.0,0.0,0.0,0.36597612500190735,0.4225066900253296,0.3852161169052124,0.5653499364852905,0.9488438367843628,1.5593276023864746,0.6877840161323547,0.53377366065979,0.47981902956962585,0.6474825739860535,0.2655857503414154,-0.5015146732330322,0.6658753156661987,0.25,0.0,0.36918336153030396,0.20000000298023224,0.5549285411834717,0.4220128357410431,0.8151760697364807
X,1.0,0.0,0.0,0.0,0.0,0.3671133518218994,0.42248597741127014,0.38867220282554626,0.5635188221931458,0.950930655002594,1.55190908908844,0.6828041076660156,0.5385646820068359,0.4797084629535675,0.6369624733924866,0.2736223340034485,-0.5032661557197571,0.6634426712989807,0.25,0.0,0.360190749168396,0.20000000298023224,0.5505656003952026,0.415815532207489,0.8132465481758118
X,1.0,0.0,0.0,0.0,0.0,0.3662777841091156,0.42286035418510437,0.3826253414154053,0.5670291781425476,0.9488961100578308,1.559941053390503,0.6917540431022644,0.5287551283836365,0.4732753038406372,0.6480937600135803,0.26048603653907776,-0.5002680420875549,0.6677614450454712,0.25,0.0,0.37931808829307556,0.20000000298023224,0.5579158663749695,0.4207344651222229,0.8134313821792603
X,1.0,0.0,0.0,0.0,0.0,0.3664816617965698,0.42030104994773865,0.3884347975254059,0.5636114478111267,0.9440255165100098,1.5497804880142212,0.6857813000679016,0.5389475226402283,0.47583770751953125,0.6392683982849121,0.26413679122924805,-0.5016246438026428,0.6616705060005188,0.25,0.0,0.3745463490486145,0.20000000298023224,0.5499229431152344,0.4206019639968872,0.8125867247581482
X,1.0,0.0,0.0,0.0,0.0,0.3645517826080322,0.42036953568458557,0.38664355874061584,0.5657657980918884,0.9452246427536011,1.5480947494506836,0.6811914443969727,0.5346301198005676,0.4745634198188782,0.6390097141265869,0.26984018087387085,-0.5006544589996338,0.6668148040771484,0.25,0.0,0.36960896849632263,0.20000000298023224,0.5508760809898376,0.42149052023887634,0.8096199035644531
X,1.0,0.0,0.0,0.0,0.0,0.3663860857486725,0.4219685196876526,0.3842233121395111,0.5662853717803955,0.947401225566864,1.551011323928833,0.6913237571716309,0.5342702865600586,0.48154139518737793,0.639559268951416,0.2600611746311188,-0.5012744665145874,0.6608177423477173,0.25,0.0,0.3727980852127075,0.20000000298023224,0.5507908463478088,0.41772517561912537,0.8145366907119751
X,1.0,0.0,0.0,0.0,0.0,0.36442533135414124,0.4216707944869995,0.3840245306491852,0.5658103227615356,0.9470569491386414,1.5474687814712524,0.6798045635223389,0.5317428708076477,0.48126915097236633,0.6385663747787476,0.2717791199684143,-0.5010251402854919,0.667556643486023,0.25,0.0,0.36287957429885864,0.20000000298023224,0.5505332350730896,0.4175373613834381,0.8100713491439819
X,1.0,0.0,0.0,0.0,0.0,0.36248135566711426,0.4209800958633423,0.3805362284183502,0.5679512023925781,0.9549633860588074,1.5535885095596313,0.6863279938697815,0.5316082239151001,0.47998476028442383,0.6389994025230408,0.2725308835506439,-0.49730902910232544,0.6731418371200562,0.25,0.0,0.37009069323539734,0.20000000298023224,0.555949330329895,0.4157593250274658,0.812877357006073
X,1.0,0.0,0.0,0.0,0.0,0.36380845308303833,0.42196959257125854,0.38318634033203125,0.5669253468513489,0.9526473879814148,1.5485109090805054,0.68131023645401,0.5355771780014038,0.48407578468322754,0.6357414126396179,0.27573272585868835,-0.49794071912765503,0.6771079301834106,0.25,0.0,0.37181246280670166,0.20000000298023224,0.549211323261261,0.41227200627326965,0.8123685121536255
X,1.0,0.0,0.0,0.0,0.0,0.3633245527744293,0.42263463139533997,0.3839882016181946,0.5659293532371521,0.9470464587211609,1.5521999597549438,0.6795389652252197,0.5322567820549011,0.48315122723579407,0.6458321809768677,0.2725277245044708,-0.49831148982048035,0.6792999505996704,0.25,0.0,0.37089353799819946,0.20000000298023224,0.5506972074508667,0.4137703478336334,0.8117867708206177
X,1.0,0.0,0.0,0.0,0.0,0.3629831373691559,0.42156341671943665,0.37783336639404297,0.4249441921710968,0.9494975805282593,1.5520317554473877,0.6883394122123718,0.5348340272903442,0.47960466146469116,0.6425091028213501,0.2638671398162842,-0.49536341428756714,0.6756548881530762,0.25,0.0,0.38391751050949097,0.20000000298023224,0.5482907295227051,0.4052142798900604,0.8137024641036987
X,1.0,0.0,0.0,0.0,0.0,0.3652380704879761,0.4210919737815857,0.3824181854724884,0.5682567954063416,0.948893129825592,1.548388957977295,0.6826633810997009,0.5309245586395264,0.476022332906723,0.6360167860984802,0.26974958181381226,-0.49723494052886963,0.6751937866210938,0.25,0.0,0.3864756226539612,0.20000000298023224,0.5506499409675598,0.40951618552207947,0.8094998002052307
X,1.0,0.0,0.0,0.0,0.0,0.3662776052951813,0.41986677050590515,0.38143113255500793,0.567425012588501,0.9670332074165344,1.5583014488220215,0.697877049446106,0.5413658618927002,0.4838619530200958,0.6262660026550293,0.2719820737838745,-0.49746257066726685,0.6622057557106018,0.25,0.0,0.3773491084575653,0.20000000298023224,0.555008590221405,0.4133816957473755,0.8203516006469727
X,1.0,0.0,0.0,0.0,0.0,0.36262914538383484,0.41935232281684875,0.3798435926437378,0.5713711977005005,0.9606480002403259,1.5647190809249878,0.6962130665779114,0.5440146923065186,0.4870305061340332,0.6422686576843262,0.26810720562934875,-0.494108110666275,0.6724318265914917,0.25,0.0,0.38083842396736145,0.20000000298023224,0.5529915690422058,0.4039645195007324,0.8229943513870239
X,1.0,0.0,0.0,0.0,0.0,0.35993942618370056,0.41917991638183594,0.3782314956188202,0.4257805049419403,0.9659502506256104,1.5762455463409424,0.7068795561790466,0.5506995320320129,0.4932992458343506,0.6519550085067749,0.26338547468185425,-0.49438825249671936,0.6633597612380981,0.25,0.0,0.3590143024921417,0.20000000298023224,0.5549998879432678,0.400129497051239,0.8317809700965881
X,1.0,0.0,0.0,0.0,0.0,0.357432097196579,0.4156098961830139,0.37667277455329895,0.4269419014453888,0.9613242149353027,1.5469461679458618,0.6816317439079285,0.5326805710792542,0.489506334066391,0.6264921426773071,0.28393903374671936,-0.49246615171432495,0.6721028685569763,0.25,0.0,0.36209654808044434,0.20000000298023224,0.5482732653617859,0.4051610827445984,0.8126912117004395
X,1.0,0.0,0.0,0.0,0.0,0.3574729263782501,0.4157024025917053,0.3761862814426422,0.4258762300014496,0.9588464498519897,1.5546138286590576,0.6840260624885559,0.5381056666374207,0.4827916920185089,0.6361472010612488,0.2789129912853241,-0.49233168363571167,0.6728350520133972,0.25,0.0,0.36610084772109985,0.20000000298023224,0.5523822903633118,0.40157023072242737,0.8148843050003052
X,1.0,0.0,0.0,0.0,0.0,0.3583732545375824,0.4157527685165405,0.3768967092037201,0.42688676714897156,0.9591840505599976,1.5517939329147339,0.686205267906189,0.5395458340644836,0.4870433509349823,0.6319989562034607,0.27703022956848145,-0.4926142990589142,0.6695098876953125,0.25,0.0,0.3667505979537964,0.20000000298023224,0.5488802194595337,0.3974232077598572,0.8161470890045166
X,1.0,0.0,0.0,0.0,0.0,0.3568585216999054,0.4156888723373413,0.37696826457977295,0.42722705006599426,0.9584985971450806,1.5500593185424805,0.6797531843185425,0.5386796593666077,0.48580512404441833,0.6328906416893005,0.28337013721466064,-0.4925881624221802,0.6732243299484253,0.25,0.0,0.3593299090862274,0.20000000298023224,0.5493788123130798,0.3986324369907379,0.8135743141174316
X,1.0,0.0,0.0,0.0,0.0,0.3593790829181671,0.4165092408657074,0.38103920221328735,0.4304342567920685,0.9485787749290466,1.538418173789978,0.6781193614006042,0.5383703112602234,0.4856889843940735,0.6283257007598877,0.27590882778167725,-0.4951358735561371,0.6695841550827026,0.25,0.0,0.36483344435691833,0.20000000298023224,0.5417899489402771,0.3983771800994873,0.8101491928100586
X,1.0,0.0,0.0,0.0,0.0,0.3581368625164032,0.41479089856147766,0.37927675247192383,0.5721202492713928,0.9515959620475769,1.5423814058303833,0.683721125125885,0.5431961417198181,0.49012166261672974,0.628808319568634,0.27317681908607483,-0.49236321449279785,0.6714340448379517,0.25,0.0,0.3750288188457489,0.20000000298023224,0.5425029993057251,0.399086058139801,0.8148550987243652
X,1.0,0.0,0.0,0.0,0.0,0.35754677653312683,0.414998859167099,0.3770361840724945,0.42515134811401367,0.9510283470153809,1.5320534706115723,0.6811463832855225,0.5387898683547974,0.48285913467407227,0.6204248666763306,0.2743428349494934,-0.49372464418411255,0.663370668888092,0.25,0.0,0.3610060513019562,0.20000000298023224,0.5394590497016907,0.3968537449836731,0.8087121844291687
X,1.0,0.0,0.0,0.0,0.0,0.3584831953048706,0.4148500859737396,0.3757866322994232,0.426085501909256,0.954949140548706,1.53909432888031,0.6823552846908569,0.540435791015625,0.4868861734867096,0.6222490072250366,0.27610230445861816,-0.49363434314727783,0.6632381677627563,0.25,0.0,0.36493271589279175,0.20000000298023224,0.5428840517997742,0.4021609127521515,0.8121928572654724
X,1.0,0.0,0.0,0.0,0.0,0.35907766222953796,0.413586288690567,0.3733811378479004,0.42287302017211914,0.9494415521621704,1.5257612466812134,0.6791248321533203,0.5336500406265259,0.48075780272483826,0.6119809746742249,0.27271389961242676,-0.49250441789627075,0.6631465554237366,0.25,0.0,0.380967378616333,0.20000000298023224,0.5389389395713806,0.4043484330177307,0.8048234581947327
X,1.0,0.0,0.0,0.0,0.0,0.3607341945171356,0.41501668095588684,0.3794988989830017,0.4276294410228729,0.9552311301231384,1.5298166275024414,0.6883805394172668,0.5430911183357239,0.48860856890678406,0.6103633642196655,0.2710972726345062,-0.4942918121814728,0.6596774458885193,0.25,0.0,0.3726635277271271,0.20000000298023224,0.5365930199623108,0.4002912938594818,0.8124741911888123
X,1.0,0.0,0.0,0.0,0.0,0.35801398754119873,0.4139939546585083,0.3770282566547394,0.5730574131011963,0.952364444732666,1.5382516384124756,0.685013473033905,0.5391901731491089,0.48504915833473206,0.6232634782791138,0.2716684341430664,-0.4915262758731842,0.6693803668022156,0.25,0.0,0.3791489005088806,0.20000000298023224,0.5439363718032837,0.39774709939956665,0.811876118183136
X,1.0,0.0,0.0,0.0,0.0,0.35710644721984863,0.4140256643295288,0.3771626949310303,0.4236331582069397,0.9570472836494446,1.5414800643920898,0.6888940930366516,0.5428342223167419,0.48511624336242676,0.6233847737312317,0.27298861742019653,-0.4923887252807617,0.6635587215423584,0.25,0.0,0.3647998571395874,0.20000000298023224,0.5430701375007629,0.40120571851730347,0.8145811557769775
X,1.0,0.0,0.0,0.0,0.0,0.35928875207901,0.4148419201374054,0.37711387872695923,0.42571648955345154,0.9572357535362244,1.5429672002792358,0.6928872466087341,0.5412685871124268,0.4867512285709381,0.6228602528572083,0.2682526707649231,-0.4926251471042633,0.6635167002677917,0.25,0.0,0.3754003643989563,0.20000000298023224,0.5440427660942078,0.4012579023838043,0.8159685730934143
X,1.0,0.0,0.0,0.0,0.0,0.3602520227432251,0.41523027420043945,0.38091593980789185,0.4293006658554077,0.9600716233253479,1.5513103008270264,0.6944976449012756,0.552105724811554,0.49379438161849976,0.6276015043258667,0.2708108425140381,-0.4947477877140045,0.6602003574371338,0.25,0.0,0.36508384346961975,0.20000000298023224,0.543035089969635,0.3998534679412842,0.8229270577430725
X,1.0,0.0,0.0,0.0,0.0,0.3594503104686737,0.41363078355789185,0.38019949197769165,0.43020325899124146,0.9585275650024414,1.5437811613082886,0.6941582560539246,0.5478194952011108,0.49286743998527527,0.6207177639007568,0.269661545753479,-0.4946884512901306,0.6533816456794739,0.25,0.0,0.36146584153175354,0.20000000298023224,0.5410093069076538,0.39853987097740173,0.8196566104888916
X,1.0,0.0,0.0,0.0,0.0,0.3576045036315918,0.4142836034297943,0.3788847029209137,0.4279763698577881,0.9484944343566895,1.5319631099700928,0.6784135103225708,0.54055255651474,0.4856775403022766,0.6215988993644714,0.27535173296928406,-0.49461057782173157,0.6629174947738647,0.25,0.0,0.3598499298095703,0.20000000298023224,0.5393256545066833,0.3981514275074005,0.8091516494750977
X,1.0,0.0,0.0,0.0,0.0,0.3568282723426819,0.4130091369152069,0.3774276077747345,0.42851927876472473,0.9563877582550049,1.5397330522537231,0.6821950078010559,0.5404161214828491,0.492186963558197,0.621325671672821,0.2791292667388916,-0.4928327202796936,0.6633515954017639,0.25,0.0,0.36109763383865356,0.20000000298023224,0.542389452457428,0.4002697765827179,0.8136327862739563
X,1.0,0.0,0.0,0.0,0.0,0.35879412293434143,0.4130716323852539,0.3779655396938324,0.42743054032325745,0.9510770440101624,1.5272306203842163,0.6808581948280334,0.5366728901863098,0.4868605434894562,0.6116244196891785,0.2745296061038971,-0.49399396777153015,0.6575543284416199,0.25,0.0,0.3669077157974243,0.20000000298023224,0.5365163087844849,0.4008936285972595,0.8079055547714233
X,1.0,0.0,0.0,0.0,0.0,0.3553752899169922,0.4124498665332794,0.3777064383029938,0.4257957637310028,0.9533580541610718,1.5349727869033813,0.6781339645385742,0.5396129488945007,0.4882344603538513,0.6206430792808533,0.28094297647476196,-0.49311769008636475,0.6608800888061523,0.25,0.0,0.351283997297287,0.20000000298023224,0.5386841893196106,0.3966935873031616,0.8102385401725769
X,1.0,0.0,0.0,0.0,0.0,0.3562457859516144,0.41273748874664307,0.376909077167511,0.427237331867218,0.9518049359321594,1.530165433883667,0.6781334280967712,0.5388415455818176,0.4908254146575928,0.616646945476532,0.27859488129615784,-0.49329057335853577,0.6591922044754028,0.25,0.0,0.3546813428401947,0.20000000298023224,0.537192165851593,0.39077064394950867,0.8094914555549622
X,1.0,0.0,0.0,0.0,0.0,0.3569634258747101,0.41198500990867615,0.37789109349250793,0.4264374077320099,0.955175518989563,1.5295703411102295,0.6798118948936462,0.5395632386207581,0.4895600974559784,0.6111254692077637,0.28041204810142517,-0.4932800829410553,0.6574974060058594,0.25,0.0,0.35688796639442444,0.20000000298023224,0.5368795990943909,0.3919047713279724,0.8096264004707336
X,1.0,0.0,0.0,0.0,0.0,0.35504603385925293,0.41215386986732483,0.3776963949203491,0.42776787281036377,0.9563178420066833,1.540447473526001,0.6833011507987976,0.5413880348205566,0.4915910065174103,0.6232961416244507,0.27900803089141846,-0.493085652589798,0.6583804488182068,0.25,0.0,0.3479312062263489,0.20000000298023224,0.5414336919784546,0.39456236362457275,0.814181923866272
Y,1.0,0.0,0.0,0.0,0.0,0.29934701323509216,0.34250345826148987,0.5910038352012634,0.4859367907047272,1.3759198188781738,0.5129873752593994,0.3909660577774048,0.4307728111743927,1.6780133247375488,0.8704063296318054,1.016532301902771,-0.4934765696525574,0.051650408655405045,0.0,0.0,0.0,0.20000000298023224,0.9085904955863953,0.6320104598999023,0.7531848549842834
Y,1.0,0.0,0.0,0.0,0.0,0.2984050512313843,0.33903083205223083,0.5872241258621216,0.4833959937095642,1.365646243095398,0.5037271976470947,0.38363519310951233,0.41763705015182495,1.6492396593093872,0.8683863878250122,1.015509009361267,-0.4924236834049225,0.04780852422118187,0.0,0.0,0.0,0.20000000298023224,0.8997362852096558,0.6282163858413696,0.7385597825050354
Y,1.0,0.0,0.0,0.0,0.0,0.30159762501716614,0.34514909982681274,0.5787394642829895,0.4742398262023926,1.409341812133789,0.5183075666427612,0.40101298689842224,0.44670790433883667,1.7134637832641602,0.8986630439758301,1.046739101409912,-0.49380505084991455,0.05125506967306137,0.0,0.0,0.0,0.20000000298023224,0.928961455821991,0.6424353122711182,0.7698730826377869
Y,1.0,0.0,0.0,0.0,0.0,0.304159551858902,0.34971854090690613,0.5743311643600464,0.46732303500175476,1.4257431030273438,0.5186640620231628,0.4015020728111267,0.4525715112686157,1.734468936920166,0.915377140045166,1.0637092590332031,-0.4939987063407898,0.0536593496799469,0.0,0.0,0.0,0.20000000298023224,0.9403695464134216,0.6507043242454529,0.7768016457557678
Y,1.0,0.0,0.0,0.0,0.0,0.30273404717445374,0.3487106263637543,0.5764055252075195,0.46906495094299316,1.42094886302948,0.5209815502166748,0.3997035622596741,0.4480865001678467,1.7257349491119385,0.9084925651550293,1.060115098953247,-0.49413126707077026,0.05205358937382698,0.0,0.0,0.0,0.20000000298023224,0.9370602369308472,0.6453976631164551,0.7736266255378723
Y,1.0,0.0,0.0,0.0,1.0,0.3025529384613037,0.35050109028816223,0.5703322291374207,0.4630856215953827,1.419324517250061,0.5169928669929504,0.40026646852493286,0.4466496407985687,1.7396972179412842,0.911493718624115,1.0620173215866089,-0.4940200448036194,0.0518801286816597,0.0,0.0,0.0,0.4000000059604645,0.9426506757736206,0.6495354771614075,0.7759015560150146
Y,1.0,0.0,0.0,0.0,0.0,0.30366790294647217,0.35388168692588806,0.5715863704681396,0.4633312225341797,1.408119797706604,0.5168315172195435,0.39716556668281555,0.45410048961639404,1.737821340560913,0.9013700485229492,1.052059292793274,-0.49494901299476624,0.05351044982671738,0.0,0.0,0.0,0.20000000298023224,0.9361695647239685,0.6426869630813599,0.7764797210693359
Y,1.0,0.0,0.0,0.0,0.0,0.3041398525238037,0.35471728444099426,0.5701162815093994,0.4605007767677307,1.4161351919174194,0.5167409777641296,0.39748895168304443,0.45764589309692383,1.7453081607818604,0.9095858931541443,1.060351848602295,-0.4969513714313507,0.05365138128399849,0.0,0.0,0.0,0.20000000298023224,0.9414978623390198,0.6428667902946472,0.7792959809303284
Y,1.0,0.0,0.0,0.0,0.0,0.30351513624191284,0.35371074080467224,0.5694013833999634,0.46110373735427856,1.4238225221633911,0.5229679942131042,0.40331152081489563,0.45974311232566833,1.7572133541107178,0.9110527634620667,1.0638446807861328,-0.49563831090927124,0.05230286344885826,0.0,0.0,0.0,0.20000000298023224,0.9466134309768677,0.6470621824264526,0.7858089804649353
Y,1.0,0.0,0.0,0.0,0.0,0.30246591567993164,0.35368773341178894,0.5706038475036621,0.4636976718902588,1.417620301246643,0.5207480192184448,0.4053100347518921,0.4575141668319702,1.7476952075958252,0.9074440598487854,1.0559035539627075,-0.49483993649482727,0.05367487296462059,0.0,0.0,0.0,0.20000000298023224,0.9402981400489807,0.6447319388389587,0.7828168869018555
Y,1.0,0.0,0.0,0.0,1.0,0.30376288294792175,0.3505217730998993,0.5729299187660217,0.4653148651123047,1.4311769008636475,0.5256417393684387,0.4061848521232605,0.45801541209220886,1.7565628290176392,0.9144387245178223,1.066188931465149,-0.4932594299316406,0.05287366360425949,0.0,0.0,0.0,0.4000000059604645,0.9473400115966797,0.6500574350357056,0.7866012454032898
Y,1.0,0.0,0.0,0.0,1.0,0.3021203577518463,0.3486512005329132,0.576964795589447,0.4673345983028412,1.4355494976043701,0.5286599397659302,0.4058997333049774,0.4517586827278137,1.7596014738082886,0.9157713055610657,1.0692301988601685,-0.4927303194999695,0.053832363337278366,0.0,0.0,0.0,0.4000000059604645,0.9524462819099426,0.6540501713752747,0.7864799499511719
Y,1.0,0.0,0.0,0.0,1.0,0.304166704416275,0.35923221707344055,0.5642967224121094,0.4561083912849426,1.4308072328567505,0.5323082804679871,0.4068048298358917,0.4748919904232025,1.771231770515442,0.9110634326934814,1.0707793235778809,-0.4962410628795624,0.0527072437107563,0.0,0.0,0.0,0.4000000059604645,0.951481282711029,0.6453873515129089,0.796309232711792
Y,1.0,0.0,0.0,0.0,0.0,0.3051539361476898,0.3690444827079773,0.5575649738311768,0.44912636280059814,1.4194597005844116,0.5316510200500488,0.40666815638542175,0.47525864839553833,1.7664326429367065,0.904712975025177,1.0637024641036987,-0.497906357049942,0.05599704384803772,0.0,0.0,0.0,0.20000000298023224,0.9442166686058044,0.6397591829299927,0.7950026392936707
Y,1.0,0.0,0.0,0.0,0.0,0.3034438192844391,0.3632412552833557,0.5600388646125793,0.45170193910598755,1.424148678779602,0.5258992314338684,0.40115803480148315,0.47029802203178406,1.767417311668396,0.912801206111908,1.0723782777786255,-0.49681636691093445,0.05404749512672424,0.0,0.0,0.0,0.20000000298023224,0.950895369052887,0.6437811255455017,0.7911931276321411
Y,1.0,0.0,0.0,0.0,0.0,0.30264660716056824,0.3590562343597412,0.5669545531272888,0.45684224367141724,1.4183621406555176,0.5256646871566772,0.39625442028045654,0.4648306965827942,1.7550866603851318,0.905683696269989,1.066636562347412,-0.49525022506713867,0.05402811989188194,0.0,0.0,0.0,0.20000000298023224,0.9454444646835327,0.6444832682609558,0.7854591012001038
Y,1.0,0.0,0.0,0.0,1.0,0.300852507352829,0.35904350876808167,0.5654588937759399,0.45663967728614807,1.4239305257797241,0.5244097113609314,0.40113717317581177,0.46489712595939636,1.7733060121536255,0.913249135017395,1.0702288150787354,-0.4949652850627899,0.05530603229999542,0.0,0.0,0.0,0.4000000059604645,0.9544937610626221,0.6503469944000244,0.7909374833106995
Y,1.0,0.0,0.0,0.0,0.0,0.2912767827510834,0.35461485385894775,0.5681149959564209,0.45518264174461365,1.4081212282180786,0.5211412310600281,0.38748833537101746,0.4641615152359009,1.7578201293945312,0.9031572937965393,1.0707192420959473,-0.4965950548648834,0.05066659674048424,0.0,0.0,0.0,0.20000000298023224,0.9553016424179077,0.6480703949928284,0.7826527953147888
Y,1.0,0.0,0.0,0.0,0.0,0.290970116853714,0.3596542477607727,0.5659102201461792,0.4530647099018097,1.3996617794036865,0.5183882713317871,0.38079023361206055,0.45316535234451294,1.758246898651123,0.9001635909080505,1.0695997476577759,-0.495893269777298,0.052791111171245575,0.0,0.0,0.0,0.20000000298023224,0.9543775916099548,0.6451539993286133,0.7776476740837097
Y,1.0,0.0,0.0,0.0,0.0,0.2897072732448578,0.35675039887428284,0.5678570866584778,0.4570630192756653,1.404203176498413,0.5242005586624146,0.3909641206264496,0.46164941787719727,1.766374111175537,0.8982973694801331,1.0652503967285156,-0.4948103725910187,0.051988452672958374,0.0,0.0,0.0,0.20000000298023224,0.954934298992157,0.6454588770866394,0.7857970595359802
Y,1.0,0.0,0.0,0.0,0.0,0.2849869430065155,0.34948626160621643,0.5718076825141907,0.4554191529750824,1.3975744247436523,0.5198763012886047,0.3853408992290497,0.45503392815589905,1.7613810300827026,0.8944743275642395,1.063857913017273,-0.49390557408332825,0.048018693923950195,0.0,0.0,0.0,0.20000000298023224,0.9579380750656128,0.6453160047531128,0.7804080247879028
Y,1.0,0.0,0.0,0.0,0.0,0.28102463483810425,0.35336536169052124,0.5677826404571533,0.457866907119751,1.3692125082015991,0.5121511220932007,0.3831317126750946,0.44912004470825195,1.7402091026306152,0.8778481483459473,1.0433120727539062,-0.49200740456581116,0.04977848380804062,0.0,0.0,0.0,0.20000000298023224,0.9418323636054993,0.6347282528877258,0.7711529731750488
Y,1.0,0.0,0.0,0.0,0.0,0.27835991978645325,0.3453053832054138,0.5761571526527405,0.4603217542171478,1.3766871690750122,0.5092700719833374,0.3751354515552521,0.4441060721874237,1.747402310371399,0.8850479125976562,1.0531487464904785,-0.4928895831108093,0.04926871508359909,0.0,0.0,0.0,0.20000000298023224,0.9578405618667603,0.6474270224571228,0.768978476524353
Y,1.0,0.0,0.0,0.0,0.0,0.2777692675590515,0.34318816661834717,0.579328715801239,0.4696803689002991,1.3839129209518433,0.5070105195045471,0.37754231691360474,0.44700977206230164,1.7391080856323242,0.8935829401016235,1.0565654039382935,-0.49419456720352173,0.05079285427927971,0.0,0.0,0.0,0.20000000298023224,0.9577313661575317,0.6508983969688416,0.7676676511764526
Y,1.0,0.0,0.0,0.0,0.0,0.2793670892715454,0.3428015112876892,0.5798979997634888,0.4695408344268799,1.3843895196914673,0.5057991743087769,0.37879234552383423,0.45072853565216064,1.7325129508972168,0.8942249417304993,1.0545501708984375,-0.4952261745929718,0.05108227580785751,0.0,0.0,0.0,0.20000000298023224,0.9564722180366516,0.6480679512023926,0.7669582366943359
Y,1.0,0.0,0.0,0.0,0.0,0.28069284558296204,0.3471320867538452,0.5795475840568542,0.4652799367904663,1.3986849784851074,0.5116730332374573,0.3783343732357025,0.4636085629463196,1.728658676147461,0.9043540358543396,1.0684103965759277,-0.49852144718170166,0.05335371941328049,0.0,0.0,0.0,0.20000000298023224,0.9626755118370056,0.6550406217575073,0.7705686688423157
Y,1.0,0.0,0.0,0.0,0.0,0.28272560238838196,0.3472084403038025,0.5768706202507019,0.4666539430618286,1.4111007452011108,0.5109761357307434,0.38416725397109985,0.46738773584365845,1.7481539249420166,0.9163588285446167,1.0762736797332764,-0.4984573721885681,0.055109843611717224,0.0,0.0,0.0,0.20000000298023224,0.9713423252105713,0.6617027521133423,0.7776712775230408
Y,1.0,0.0,0.0,0.0,0.0,0.2839558720588684,0.3462805449962616,0.5795695185661316,0.4654778838157654,1.4152706861495972,0.5107129216194153,0.38059842586517334,0.4664452075958252,1.7399131059646606,0.9196990132331848,1.0807664394378662,-0.49856165051460266,0.0543210506439209,0.0,0.0,0.0,0.20000000298023224,0.9704442620277405,0.6573296189308167,0.7744174003601074
Y,1.0,0.0,0.0,0.0,0.0,0.2866014242172241,0.35168230533599854,0.5738044381141663,0.46501144766807556,1.4002386331558228,0.5108616352081299,0.3827424645423889,0.464843213558197,1.7284826040267944,0.9059746861457825,1.066175103187561,-0.4982905089855194,0.05331159383058548,0.0,0.0,0.0,0.20000000298023224,0.9519543647766113,0.6449931263923645,0.7717325091362
Y,1.0,0.0,0.0,0.0,0.0,0.2856147885322571,0.3479976952075958,0.5769574642181396,0.4645386040210724,1.3963546752929688,0.5101768374443054,0.38538774847984314,0.4659062623977661,1.7331492900848389,0.9014352560043335,1.058685541152954,-0.4980439841747284,0.052835091948509216,0.0,0.0,0.0,0.20000000298023224,0.9535770416259766,0.6471103429794312,0.7736549973487854
Y,1.0,0.0,0.0,0.0,0.0,0.2853836119174957,0.3478415310382843,0.5760475993156433,0.46366211771965027,1.4065797328948975,0.5148571729660034,0.3860304355621338,0.46255573630332947,1.7567825317382812,0.9071725010871887,1.069021224975586,-0.4981154501438141,0.05170503631234169,0.0,0.0,0.0,0.20000000298023224,0.9643646478652954,0.6514211297035217,0.7800564765930176
Y,1.0,0.0,0.0,0.0,0.0,0.2853192687034607,0.3476904332637787,0.5771406888961792,0.46493780612945557,1.4016326665878296,0.516735315322876,0.3882780373096466,0.46177080273628235,1.7548619508743286,0.9004234671592712,1.061567783355713,-0.4973985254764557,0.05080123245716095,0.0,0.0,0.0,0.20000000298023224,0.9601331949234009,0.6475822329521179,0.7804115414619446
Y,1.0,0.0,0.0,0.0,0.0,0.2863718867301941,0.35085824131965637,0.5729357600212097,0.46352338790893555,1.4052118062973022,0.5192438364028931,0.38676998019218445,0.4614834189414978,1.7591475248336792,0.9026536345481873,1.0684963464736938,-0.4967985153198242,0.05137985572218895,0.0,0.0,0.0,0.20000000298023224,0.9607021808624268,0.6497617363929749,0.7816612124443054
Y,1.0,0.0,0.0,0.0,0.0,0.286336213350296,0.35097309947013855,0.5726940631866455,0.46233931183815,1.3998055458068848,0.516413688659668,0.3876446783542633,0.4589250683784485,1.7514744997024536,0.900048017501831,1.0626236200332642,-0.49695640802383423,0.0523001067340374,0.0,0.0,0.0,0.20000000298023224,0.9560556411743164,0.6522636413574219,0.7786145210266113
Y,1.0,0.0,0.0,0.0,0.0,0.2872729003429413,0.3525528609752655,0.5723869800567627,0.46063968539237976,1.3955626487731934,0.5195451378822327,0.38645297288894653,0.4595722258090973,1.7571706771850586,0.8931937217712402,1.058985710144043,-0.4969659447669983,0.050850510597229004,0.0,0.0,0.0,0.20000000298023224,0.9547034502029419,0.646769106388092,0.7806852459907532
Y,1.0,0.0,0.0,0.0,0.0,0.28727245330810547,0.3525763154029846,0.5747560262680054,0.46051034331321716,1.3983666896820068,0.5222628116607666,0.38716137409210205,0.46500763297080994,1.7524033784866333,0.8934143781661987,1.0595613718032837,-0.49631211161613464,0.05204549431800842,0.0,0.0,0.0,0.20000000298023224,0.9533335566520691,0.6458295583724976,0.7817087769508362
Y,1.0,0.0,0.0,0.0,0.0,0.28827500343322754,0.3561883866786957,0.5699177384376526,0.459162175655365,1.4070552587509155,0.5280741453170776,0.3971840739250183,0.4760301113128662,1.7677240371704102,0.8979437947273254,1.0625134706497192,-0.4955523908138275,0.053215835243463516,0.0,0.0,0.0,0.20000000298023224,0.9553415179252625,0.6464486122131348,0.7922531366348267
Y,1.0,0.0,0.0,0.0,0.0,0.28569984436035156,0.3548111915588379,0.5732011198997498,0.4606003761291504,1.4066942930221558,0.526388943195343,0.38649988174438477,0.46387621760368347,1.7688127756118774,0.8998372554779053,1.0704624652862549,-0.4948136806488037,0.0517609603703022,0.0,0.0,0.0,0.20000000298023224,0.9592097401618958,0.6433185338973999,0.786394476890564
Y,1.0,0.0,0.0,0.0,0.0,0.2854631245136261,0.35377809405326843,0.5776065587997437,0.46427515149116516,1.4065585136413574,0.5252099633216858,0.3893248736858368,0.4611761271953583,1.7621500492095947,0.900373101234436,1.0651518106460571,-0.49430224299430847,0.05494106933474541,0.0,0.0,0.0,0.20000000298023224,0.9561203718185425,0.6455802321434021,0.7844652533531189
Y,1.0,0.0,0.0,0.0,0.0,0.2852964401245117,0.35448768734931946,0.5743844509124756,0.46138864755630493,1.4047845602035522,0.5227718949317932,0.3867012560367584,0.4614531397819519,1.7506020069122314,0.9013930559158325,1.0678763389587402,-0.4956095516681671,0.053949128836393356,0.0,0.0,0.0,0.20000000298023224,0.9567226767539978,0.6474741697311401,0.7803820967674255
Y,1.0,0.0,0.0,0.0,0.0,0.28498315811157227,0.35109710693359375,0.5784525871276855,0.46902307868003845,1.4028863906860352,0.5184899568557739,0.38842159509658813,0.4647964537143707,1.734602451324463,0.9019002914428711,1.0620307922363281,-0.49639952182769775,0.05412803217768669,0.0,0.0,0.0,0.20000000298023224,0.9521246552467346,0.6481484770774841,0.7765776515007019
Y,1.0,0.0,0.0,0.0,0.0,0.28586673736572266,0.3524973392486572,0.5768194794654846,0.46492505073547363,1.4061214923858643,0.5203477144241333,0.39173686504364014,0.4723506271839142,1.7463066577911377,0.9036250710487366,1.0629682540893555,-0.49682581424713135,0.055326689034700394,0.0,0.0,0.0,0.20000000298023224,0.9562116861343384,0.6508469581604004,0.7826854586601257
Y,1.0,0.0,0.0,0.0,0.0,0.2873765528202057,0.35690999031066895,0.5732453465461731,0.4635736346244812,1.3985719680786133,0.523348867893219,0.39076101779937744,0.4721783697605133,1.738241195678711,0.8948765397071838,1.0577338933944702,-0.49777570366859436,0.05615316703915596,0.0,0.0,0.0,0.20000000298023224,0.9495379328727722,0.6489755511283875,0.7811323404312134
Y,1.0,0.0,0.0,0.0,0.0,0.2873006761074066,0.35968711972236633,0.571064829826355,0.45829203724861145,1.4052921533584595,0.5211617946624756,0.38563066720962524,0.4786373972892761,1.7536505460739136,0.9052064418792725,1.07016122341156,-0.4991401433944702,0.05774902179837227,0.0,0.0,0.0,0.20000000298023224,0.9602477550506592,0.6533867120742798,0.784770131111145
Y,1.0,0.0,0.0,0.0,0.0,0.28862327337265015,0.3604227602481842,0.5750184059143066,0.4611240029335022,1.395287036895752,0.5251070857048035,0.3907510042190552,0.4829542636871338,1.7409075498580933,0.8912538886070251,1.0524373054504395,-0.5000684261322021,0.05866760388016701,0.0,0.0,0.0,0.20000000298023224,0.9481660723686218,0.6440884470939636,0.7849299907684326
Y,1.0,0.0,0.0,0.0,0.0,0.28694432973861694,0.3548423647880554,0.5732108354568481,0.4583977460861206,1.4040117263793945,0.5199616551399231,0.3872746527194977,0.47169363498687744,1.7486932277679443,0.9025716185569763,1.066314697265625,-0.49915358424186707,0.055185455828905106,0.0,0.0,0.0,0.20000000298023224,0.9582195281982422,0.652191698551178,0.7819058299064636
Y,1.0,0.0,0.0,0.0,0.0,0.28676384687423706,0.35253795981407166,0.5749316811561584,0.4607958197593689,1.412606954574585,0.5216721296310425,0.39274710416793823,0.4730440080165863,1.7538182735443115,0.9083601236343384,1.0692124366760254,-0.49896082282066345,0.05564345046877861,0.0,0.0,0.0,0.20000000298023224,0.9621854424476624,0.6567718982696533,0.7853204011917114
Y,1.0,0.0,0.0,0.0,0.0,0.2885894775390625,0.3577825725078583,0.5764136910438538,0.46281692385673523,1.410706639289856,0.5315631628036499,0.3976554870605469,0.48030203580856323,1.754071593284607,0.8989925384521484,1.0609755516052246,-0.4991806149482727,0.05779585614800453,0.0,0.0,0.0,0.20000000298023224,0.95503169298172,0.6505767703056335,0.7908980846405029
Y,1.0,0.0,0.0,0.0,0.0,0.28797245025634766,0.3542678952217102,0.576282799243927,0.4625154435634613,1.4064064025878906,0.5252718329429626,0.39470696449279785,0.4704098403453827,1.754399299621582,0.8990703821182251,1.0597031116485596,-0.4993772804737091,0.05605355277657509,0.0,0.0,0.0,0.20000000298023224,0.9560608863830566,0.6531978249549866,0.7861969470977783
Y,1.0,0.0,0.0,0.0,0.0,0.28792354464530945,0.3531334102153778,0.575910210609436,0.4621962904930115,1.4093409776687622,0.5243252515792847,0.3963344097137451,0.47505271434783936,1.7556343078613281,0.9023067355155945,1.0615311861038208,-0.49858716130256653,0.05616042762994766,0.0,0.0,0.0,0.20000000298023224,0.956954300403595,0.6545600891113281,0.7878366708755493
Y,1.0,0.0,0.0,0.0,0.0,0.2881089746952057,0.3529750406742096,0.5789467096328735,0.4668152928352356,1.4108517169952393,0.5330106019973755,0.3950706422328949,0.4701761305332184,1.7507702112197876,0.8953913450241089,1.061901569366455,-0.49830126762390137,0.053974710404872894,0.0,0.0,0.0,0.20000000298023224,0.9535317420959473,0.6491792798042297,0.7872568964958191
Y,1.0,0.0,0.0,0.0,0.0,0.2877418100833893,0.3506186902523041,0.5774526596069336,0.463625967502594,1.4102147817611694,0.5227718949317932,0.3899288773536682,0.467434287071228,1.7523469924926758,0.90345299243927,1.0668376684188843,-0.4976380169391632,0.05351976677775383,0.0,0.0,0.0,0.20000000298023224,0.9578433036804199,0.6530328989028931,0.7831205129623413
Y,1.0,0.0,0.0,0.0,0.0,0.28763434290885925,0.3529210388660431,0.5767568349838257,0.46687909960746765,1.4104899168014526,0.5251360535621643,0.39345085620880127,0.4632115364074707,1.7577046155929565,0.9027191996574402,1.0646966695785522,-0.49504950642585754,0.05358997359871864,0.0,0.0,0.0,0.20000000298023224,0.9532095193862915,0.645394504070282,0.784875750541687
Y,1.0,0.0,0.0,0.0,0.0,0.2866460084915161,0.35089144110679626,0.5758257508277893,0.4639609456062317,1.4068000316619873,0.5155372023582458,0.3846372663974762,0.46318379044532776,1.7438920736312866,0.9076308608055115,1.0697035789489746,-0.4958130419254303,0.053783074021339417,0.0,0.0,0.0,0.20000000298023224,0.9572244882583618,0.6523551344871521,0.7768126130104065
Y,1.0,0.0,0.0,0.0,0.0,0.2843685746192932,0.34423646330833435,0.5865759253501892,0.46683716773986816,1.406875729560852,0.5157012939453125,0.3807113766670227,0.47334250807762146,1.7336665391921997,0.9054176807403564,1.0676416158676147,-0.49796828627586365,0.05421970784664154,0.0,0.0,0.0,0.20000000298023224,0.9622184038162231,0.6515507102012634,0.7758554220199585
Y,1.0,0.0,0.0,0.0,0.0,0.28445374965667725,0.3451657295227051,0.5828460454940796,0.4670153558254242,1.4083664417266846,0.5115959644317627,0.38228338956832886,0.4689086973667145,1.730616569519043,0.9112241268157959,1.0700796842575073,-0.4977029860019684,0.05549889802932739,0.0,0.0,0.0,0.20000000298023224,0.9611316919326782,0.6560899615287781,0.7733511328697205
Y,1.0,0.0,0.0,0.0,0.0,0.28358641266822815,0.3399063050746918,0.589704692363739,0.47267040610313416,1.4224767684936523,0.5118296146392822,0.38005882501602173,0.46180686354637146,1.7340956926345825,0.9230445623397827,1.0822088718414307,-0.49692296981811523,0.0552416555583477,0.0,0.0,0.0,0.20000000298023224,0.9706164598464966,0.6596989035606384,0.7719477415084839
Y,1.0,0.0,0.0,0.0,0.0,0.28332772850990295,0.3424769341945648,0.586141049861908,0.47245797514915466,1.4241994619369507,0.5142747163772583,0.3821759819984436,0.4638161361217499,1.7349750995635986,0.9236781001091003,1.0844663381576538,-0.49716150760650635,0.054599128663539886,0.0,0.0,0.0,0.20000000298023224,0.9698708653450012,0.6580959558486938,0.7738105058670044
Y,1.0,0.0,0.0,0.0,0.0,0.28286537528038025,0.34452125430107117,0.5869154334068298,0.47358420491218567,1.4218581914901733,0.5171889066696167,0.3809504508972168,0.4636206030845642,1.7461726665496826,0.9197447896003723,1.08299720287323,-0.4963851869106293,0.05674593523144722,0.0,0.0,0.0,0.20000000298023224,0.9717772006988525,0.6636162400245667,0.7769831418991089
Y,1.0,0.0,0.0,0.0,0.0,0.2853487730026245,0.34426748752593994,0.5858128070831299,0.47023382782936096,1.4192739725112915,0.51480633020401,0.38300904631614685,0.46610379219055176,1.7358986139297485,0.9181631207466125,1.0778182744979858,-0.49867674708366394,0.05530247092247009,0.0,0.0,0.0,0.20000000298023224,0.966754674911499,0.6571438908576965,0.7749544382095337
Z,1.0,1.0,0.0,0.0,0.0,0.40659070014953613,0.4572399854660034,0.41978612542152405,0.518016517162323,0.9828881025314331,1.9406486749649048,0.7026623487472534,0.600412130355835,0.6654675602912903,0.9825975894927979,0.28233516216278076,-0.4715099334716797,0.9147213697433472,0.25,0.0,1.0,0.4000000059604645,0.6637057662010193,0.5506384372711182,0.9772976636886597
Z,1.0,0.0,0.0,0.0,0.0,0.41026991605758667,0.4564615786075592,0.4196237325668335,0.5212236046791077,0.9859578013420105,1.9228259325027466,0.7147820591926575,0.6077433228492737,0.6663538217544556,0.9579014182090759,0.27229544520378113,-0.470254510641098,0.9110443592071533,0.25,0.0,1.0,0.20000000298023224,0.6507972478866577,0.5405048727989197,0.9779263138771057
Z,1.0,0.0,0.0,0.0,0.0,0.40905311703681946,0.4529215395450592,0.41783082485198975,0.5246222615242004,1.0018185377120972,1.9099276065826416,0.7358834743499756,0.6249628663063049,0.6799405813217163,0.9278721809387207,0.2669869661331177,-0.4641013443470001,0.9156684875488281,0.25,0.0,1.0,0.20000000298023224,0.6379165649414062,0.5426096320152283,0.9876786470413208
Z,1.0,0.0,0.0,0.0,0.0,0.46863967180252075,0.48010027408599854,0.5428646802902222,0.47730615735054016,0.9545217752456665,1.8719996213912964,0.681476354598999,0.5863304138183594,0.6503747701644897,0.9187391996383667,0.27459678053855896,-0.48562881350517273,0.9959766268730164,0.25,0.0,1.0,0.20000000298023224,0.6353207230567932,0.5799280405044556,0.9475452899932861
Z,1.0,0.0,0.0,0.0,0.0,0.4983935058116913,0.4953785240650177,0.4980567693710327,0.439266562461853,0.9699774980545044,1.9060715436935425,0.7497672438621521,0.6077675223350525,0.6361193060874939,0.9361826181411743,0.22021213173866272,-0.5089265704154968,0.959705650806427,0.25,0.0,1.0,0.20000000298023224,0.6414799690246582,0.6145437359809875,0.9749314188957214
Z,1.0,0.0,0.0,0.0,0.0,0.47757261991500854,0.493971049785614,0.5259594917297363,0.4564512372016907,0.9398413896560669,1.8883718252182007,0.690174400806427,0.5729655623435974,0.6261039972305298,0.9510095119476318,0.24982690811157227,-0.5017216205596924,0.9909222722053528,0.25,0.0,1.0,0.20000000298023224,0.6500184535980225,0.5980762839317322,0.9444039463996887
Z,1.0,0.0,0.0,0.0,0.0,0.4027261435985565,0.45895475149154663,0.4094747304916382,0.5002368688583374,0.830474317073822,1.91232168674469,0.669264554977417,0.5550397038459778,0.5561608672142029,1.1044553518295288,0.16198277473449707,-0.4845171272754669,0.8769195675849915,0.25,0.0,1.0,0.20000000298023224,0.6773971915245056,0.6224796175956726,0.9231967329978943
Z,1.0,0.0,0.0,0.0,0.0,0.42121171951293945,0.46049192547798157,0.5593463182449341,0.4809951186180115,0.828179657459259,1.796014666557312,0.7007188200950623,0.6117493510246277,0.6010105609893799,0.9794521331787109,0.13568545877933502,-0.48972460627555847,0.9040826559066772,0.25,0.0,1.0,0.20000000298023224,0.6012436151504517,0.6298761963844299,0.9273733496665955
Z,1.0,0.0,0.0,0.0,0.0,0.4722769260406494,0.4742130637168884,0.47657179832458496,0.39051374793052673,0.7868618965148926,1.8344484567642212,0.7286210060119629,0.6411409974098206,0.6458502411842346,1.0476120710372925,0.05913015827536583,-0.534021258354187,0.9586919546127319,0.25,0.0,1.0,0.20000000298023224,0.604731023311615,0.6870527863502502,0.9625151753425598
Z,1.0,0.0,0.0,0.0,0.0,0.47152140736579895,0.4669686555862427,0.4679943323135376,0.38269609212875366,0.7871599197387695,1.8197673559188843,0.6903977394104004,0.5795277953147888,0.6047563552856445,1.0327492952346802,0.09710635244846344,-0.5427059531211853,0.9586430191993713,0.25,0.0,1.0,0.20000000298023224,0.6171380281448364,0.6836671233177185,0.9236122965812683
Z,1.0,0.0,0.0,0.0,0.0,0.45880457758903503,0.48603084683418274,0.5330272316932678,0.45695558190345764,0.8682271838188171,1.8437095880508423,0.7074220776557922,0.6181231737136841,0.6253843307495117,0.9814631342887878,0.16205772757530212,-0.4940459132194519,0.9892777800559998,0.25,0.0,1.0,0.20000000298023224,0.617279589176178,0.6113003492355347,0.9486597776412964
Z,1.0,0.0,0.0,0.0,0.0,0.43306469917297363,0.46709126234054565,0.5556507706642151,0.4974675476551056,0.9827814698219299,1.9096845388412476,0.732394278049469,0.6078417301177979,0.6641929149627686,0.938389778137207,0.25218701362609863,-0.4819411039352417,0.9302159547805786,0.25,0.0,1.0,0.20000000298023224,0.6432209610939026,0.5557432174682617,0.9785283803939819
Z,1.0,1.0,0.0,0.0,0.0,0.4334542751312256,0.46840399503707886,0.5561975836753845,0.4947987496852875,0.990333616733551,1.928304672241211,0.7360323667526245,0.6118792295455933,0.6700961589813232,0.9501519203186035,0.25581130385398865,-0.4823763370513916,0.9284302592277527,0.25,0.0,1.0,0.4000000059604645,0.652050793170929,0.5605154037475586,0.986578106880188
Z,1.0,1.0,0.0,0.0,0.0,0.43262308835983276,0.4705870449542999,0.5587809681892395,0.4957919120788574,0.9845761656761169,1.9543453454971313,0.7241527438163757,0.6113737225532532,0.6730453372001648,0.9837636947631836,0.26141974329948425,-0.48253190517425537,0.9305099248886108,0.25,0.0,1.0,0.4000000059604645,0.6626620888710022,0.5573975443840027,0.9907292723655701
Z,1.0,1.0,0.0,0.0,0.0,0.4394869804382324,0.4706433415412903,0.5511180758476257,0.48829197883605957,0.9142763018608093,1.9723408222198486,0.6779712438583374,0.6160078644752502,0.6931120753288269,1.0661909580230713,0.23744477331638336,-0.4780764877796173,0.9802297949790955,0.25,0.0,1.0,0.4000000059604645,0.6539537906646729,0.5323814749717712,0.9898580312728882
Z,1.0,1.0,0.0,0.0,0.0,0.43772247433662415,0.46593600511550903,0.554097592830658,0.49277979135513306,0.902193546295166,1.9606685638427734,0.6750008463859558,0.6315237283706665,0.6911819577217102,1.065015196800232,0.22807598114013672,-0.4732753038406372,0.9844284057617188,0.25,0.0,1.0,0.4000000059604645,0.6411116123199463,0.5263611674308777,0.9895938038825989
Z,1.0,0.0,0.0,0.0,0.0,0.4522782862186432,0.47396332025527954,0.5517970323562622,0.49162837862968445,0.8482648730278015,1.8796356916427612,0.7294344902038574,0.6511235237121582,0.6801970601081848,1.034950613975525,0.11925636976957321,-0.48051485419273376,0.9628605246543884,0.25,0.0,1.0,0.20000000298023224,0.5861967206001282,0.5358955264091492,0.9850977063179016
Z,1.0,0.0,0.0,0.0,0.0,0.4883587658405304,0.4860202968120575,0.4989086985588074,0.422109991312027,0.8616428971290588,1.8983246088027954,0.6625257730484009,0.5831223130226135,0.6098648309707642,1.036724328994751,0.20068544149398804,-0.5156580805778503,0.9609727263450623,0.25,0.0,1.0,0.20000000298023224,0.646843433380127,0.613443911075592,0.9384593963623047
Z,1.0,0.0,0.0,0.0,0.0,0.47412556409835815,0.47422584891319275,0.4889790713787079,0.41415372490882874,0.8443506956100464,1.9475138187408447,0.703852653503418,0.6031579375267029,0.6400395631790161,1.1031631231307983,0.1450294554233551,-0.5334054827690125,0.9995031356811523,0.25,0.0,1.0,0.20000000298023224,0.6535053849220276,0.6564507484436035,0.9736409783363342
Z,1.0,0.0,0.0,0.0,0.0,0.4071957767009735,0.4689810872077942,0.5656089186668396,0.4794272780418396,0.7630849480628967,1.9066522121429443,0.6536691188812256,0.5894926190376282,0.5750311017036438,1.16721510887146,0.12494231760501862,-0.4915856122970581,0.920621931552887,0.25,0.0,1.0,0.20000000298023224,0.6639655232429504,0.6327369809150696,0.9312112927436829
Z,1.0,0.0,0.0,0.0,0.0,0.47611406445503235,0.4991009533405304,0.5105785131454468,0.4194762408733368,0.7607300877571106,1.9299720525741577,0.7107619643211365,0.6458620429039001,0.6254740357398987,1.1725101470947266,0.058666009455919266,-0.5152907371520996,0.9817108511924744,0.25,0.0,1.0,0.20000000298023224,0.6617947816848755,0.6765359044075012,0.9780175089836121
Z,1.0,0.0,0.0,0.0,0.0,0.445576548576355,0.45262953639030457,0.4535385072231293,0.3664286434650421,0.728843092918396,1.84764564037323,0.7096717357635498,0.626569390296936,0.6399961113929749,1.1190979480743408,0.02628958597779274,-0.5538346171379089,0.9472172260284424,0.25,0.0,1.0,0.20000000298023224,0.6084204316139221,0.6774646043777466,0.9559707045555115
Z,1.0,0.0,0.0,0.0,0.0,0.4608529210090637,0.459406316280365,0.46482834219932556,0.38534852862358093,0.7660914659500122,1.8655134439468384,0.6837605834007263,0.6267141103744507,0.6560602784156799,1.0994354486465454,0.08282556384801865,-0.5455105304718018,0.9526881575584412,0.25,0.0,1.0,0.20000000298023224,0.6165315508842468,0.6577105522155762,0.9580121040344238
Z,1.0,0.0,0.0,0.0,0.0,0.4458954632282257,0.47543811798095703,0.553516149520874,0.47866708040237427,0.8812609910964966,1.9058237075805664,0.6820696592330933,0.6097695827484131,0.6272045969963074,1.0315937995910645,0.199196457862854,-0.4813017249107361,0.979040265083313,0.25,0.0,1.0,0.20000000298023224,0.6422370076179504,0.580114483833313,0.9562168717384338
Z,1.0,1.0,0.0,0.0,0.0,0.4232994318008423,0.4630163609981537,0.43344646692276,0.5044753551483154,0.9458374977111816,1.9255813360214233,0.7051846385002136,0.6133304238319397,0.7039096355438232,0.9940906763076782,0.24205687642097473,-0.4697626829147339,0.9607330560684204,0.25,0.0,1.0,0.4000000059604645,0.6405139565467834,0.5357816219329834,0.9870015382766724
Z,1.0,1.0,0.0,0.0,0.0,0.42154771089553833,0.46246203780174255,0.43276989459991455,0.5039923191070557,0.9502575993537903,1.926436424255371,0.6920353174209595,0.6099739670753479,0.6922492384910583,0.9915281534194946,0.2598000466823578,-0.46922385692596436,0.9641303420066833,0.25,0.0,1.0,0.4000000059604645,0.6466425061225891,0.530863881111145,0.9801737070083618
Z,1.0,1.0,0.0,0.0,0.0,0.41957929730415344,0.46288853883743286,0.4301318824291229,0.5075450539588928,0.9583407640457153,1.932857871055603,0.7141504287719727,0.6201832294464111,0.7003396153450012,0.9919282793998718,0.24572549760341644,-0.46978840231895447,0.9477365612983704,0.25,0.0,1.0,0.4000000059604645,0.643951952457428,0.5276140570640564,0.9918828010559082
Z,1.0,1.0,0.0,0.0,0.0,0.4194813370704651,0.46330204606056213,0.4250565767288208,0.5072953104972839,0.9471248388290405,1.9361035823822021,0.6906269788742065,0.609448254108429,0.6987302899360657,1.0063683986663818,0.2568887174129486,-0.4700280725955963,0.949476957321167,0.25,0.0,1.0,0.4000000059604645,0.6540150046348572,0.5382510423660278,0.9837272763252258
Z,1.0,0.0,0.0,0.0,0.0,0.4878045916557312,0.48780766129493713,0.5392990708351135,0.4713091254234314,0.8675235509872437,1.8578300476074219,0.7350364327430725,0.649721622467041,0.62706059217453,0.9903064966201782,0.14890693128108978,-0.490876168012619,0.9819871783256531,0.25,0.0,1.0,0.20000000298023224,0.5972497463226318,0.5678030252456665,0.9674121737480164
Z,1.0,0.0,0.0,0.0,0.0,0.47151681780815125,0.4711166024208069,0.47450563311576843,0.40159204602241516,0.8646734952926636,1.882860541343689,0.7038295269012451,0.5986277461051941,0.617990255355835,1.0181883573532104,0.16101069748401642,-0.538548469543457,0.9723333716392517,0.25,0.0,1.0,0.20000000298023224,0.6386626362800598,0.6518037915229797,0.9508270621299744
Z,1.0,0.0,0.0,0.0,0.0,0.45608749985694885,0.49500811100006104,0.5323706269264221,0.4472987949848175,0.8701633214950562,1.890990972518921,0.7005015015602112,0.6514540314674377,0.6406681537628174,1.0327919721603394,0.17200720310211182,-0.5085236430168152,0.950381338596344,0.25,0.0,1.0,0.20000000298023224,0.6388909816741943,0.6105371117591858,0.9709036350250244
Z,1.0,0.0,0.0,0.0,0.0,0.36668339371681213,0.4421344995498657,0.39400601387023926,0.527989387512207,0.7641785740852356,1.8131500482559204,0.6609139442443848,0.5748289823532104,0.5473836064338684,1.0852775573730469,0.1199270710349083,-0.4584210515022278,0.927049994468689,0.25,0.0,1.0,0.20000000298023224,0.6243093609809875,0.616744875907898,0.8990691304206848
Z,1.0,0.0,0.0,0.0,0.0,0.4331912696361542,0.44529056549072266,0.44263920187950134,0.3587576746940613,0.7617806196212769,1.7989715337753296,0.7369454503059387,0.6710321307182312,0.6825233697891235,1.038144826889038,0.033336639404296875,-0.5571574568748474,0.912976086139679,0.25,0.0,1.0,0.20000000298023224,0.5769054889678955,0.6809307932853699,0.9723681211471558
Z,1.0,0.0,0.0,0.0,0.0,0.42587345838546753,0.4365285336971283,0.43722668290138245,0.35920947790145874,0.763207197189331,1.8001739978790283,0.7130522131919861,0.6698155999183655,0.6694382429122925,1.0377087593078613,0.056637104600667953,-0.5659282207489014,0.9189453721046448,0.25,0.0,1.0,0.20000000298023224,0.579274594783783,0.6926405429840088,0.9631200432777405
Z,1.0,0.0,0.0,0.0,0.0,0.5029805898666382,0.5106871724128723,0.5051525235176086,0.42490509152412415,0.83501136302948,1.8379027843475342,0.7149528861045837,0.6339048743247986,0.652080237865448,1.004300832748413,0.12017418444156647,-0.5206994414329529,0.9923347234725952,0.25,0.0,1.0,0.20000000298023224,0.6072860360145569,0.6202646493911743,0.9597101807594299
Z,1.0,0.0,0.0,0.0,0.0,0.42510896921157837,0.4779248535633087,0.43812254071235657,0.5051864981651306,0.947697639465332,1.9057073593139648,0.7218241095542908,0.6040195822715759,0.6802979707717896,0.9835605621337891,0.2283901423215866,-0.48795464634895325,0.9178658723831177,0.25,0.0,1.0,0.20000000298023224,0.6370139718055725,0.5408326983451843,0.9779622554779053
Z,1.0,0.0,0.0,0.0,0.0,0.42566901445388794,0.47637122869491577,0.43660059571266174,0.5030925273895264,0.9592640995979309,1.9100263118743896,0.7219069004058838,0.618880033493042,0.6829322576522827,0.9748525619506836,0.2390713393688202,-0.4840398132801056,0.927181601524353,0.25,0.0,1.0,0.20000000298023224,0.6366247534751892,0.5327229499816895,0.9834364056587219
Z,1.0,0.0,0.0,0.0,0.0,0.4377569258213043,0.48021164536476135,0.5551127791404724,0.49227651953697205,0.9627590775489807,1.9104602336883545,0.7166593074798584,0.6217770576477051,0.7077786922454834,0.9647841453552246,0.24680213630199432,-0.4901036024093628,0.931588888168335,0.25,0.0,1.0,0.20000000298023224,0.6357529759407043,0.549870491027832,0.9891688227653503
Z,1.0,0.0,0.0,0.0,0.0,0.5023790597915649,0.5052932500839233,0.523090124130249,0.44419538974761963,0.8615118861198425,1.8511449098587036,0.7011017799377441,0.6015867590904236,0.6056411266326904,0.9901009798049927,0.1681891828775406,-0.5077622532844543,0.9952646493911743,0.25,0.0,1.0,0.20000000298023224,0.6192930936813354,0.5844483971595764,0.9398686289787292
Z,1.0,0.0,0.0,0.0,0.0,0.4342096149921417,0.4424476623535156,0.4457164406776428,0.3736439347267151,0.8426769971847534,1.8665260076522827,0.6889037489891052,0.5751600861549377,0.5941320657730103,1.024363398551941,0.1562202274799347,-0.5641328692436218,0.9526216983795166,0.25,0.0,1.0,0.20000000298023224,0.6349889636039734,0.6755475401878357,0.931180477142334
Z,1.0,0.0,0.0,0.0,0.0,0.5103396773338318,0.5237011313438416,0.5023528933525085,0.4160121977329254,0.7904093861579895,1.7839674949645996,0.7157487869262695,0.6182019710540771,0.6114307641983032,1.0016330480575562,0.07700879126787186,-0.531129777431488,0.9878191351890564,0.25,0.0,1.0,0.20000000298023224,0.597469687461853,0.6457321643829346,0.93233722448349
Z,1.0,0.0,0.0,0.0,0.0,0.47195619344711304,0.49970415234565735,0.5177257657051086,0.41862374544143677,0.7014243006706238,1.6798702478408813,0.674780011177063,0.5714698433876038,0.554111123085022,0.983008086681366,0.03474472835659981,-0.5290433168411255,0.9399957656860352,0.25,0.0,1.0,0.20000000298023224,0.5828328728675842,0.6849589943885803,0.8700578212738037
Z,1.0,0.0,0.0,0.0,0.0,0.3803112804889679,0.3957572281360626,0.3966951072216034,0.3075563907623291,0.7779070734977722,1.6796294450759888,0.6525601148605347,0.5608874559402466,0.5957238674163818,0.9034263491630554,0.1306002289056778,-0.6013028025627136,0.8707849979400635,0.25,0.0,1.0,0.20000000298023224,0.5689200162887573,0.7427273392677307,0.8722001910209656
Z,1.0,0.0,0.0,0.0,0.0,0.4312570095062256,0.4435822069644928,0.4529791474342346,0.37710821628570557,0.757335901260376,1.6575655937194824,0.7446714639663696,0.6589144468307495,0.6709198355674744,0.9012743234634399,0.052780210971832275,-0.558501660823822,0.9425297975540161,0.25,0.0,1.0,0.20000000298023224,0.5067728757858276,0.6044923663139343,0.9330178499221802
Z,1.0,0.0,0.0,0.0,0.0,0.4206824004650116,0.46643173694610596,0.4323444366455078,0.5081063508987427,0.9407750964164734,1.8658159971237183,0.7425016164779663,0.6279603838920593,0.6768780946731567,0.9444034695625305,0.2006237655878067,-0.4785648286342621,0.9138447046279907,0.25,0.0,1.0,0.20000000298023224,0.6117474436759949,0.5554599165916443,0.978289008140564
Z,1.0,0.0,0.0,0.0,0.0,0.4100439250469208,0.45762085914611816,0.4221577048301697,0.5191503167152405,0.9522046446800232,1.8610721826553345,0.7298662066459656,0.6249388456344604,0.6893906593322754,0.9303529262542725,0.22459030151367188,-0.46928831934928894,0.9179379940032959,0.25,0.0,1.0,0.20000000298023224,0.6112210750579834,0.5236402750015259,0.9763169884681702
Z,1.0,0.0,0.0,0.0,0.0,0.41985318064689636,0.46170946955680847,0.42907023429870605,0.5124478936195374,0.9597123861312866,1.8647725582122803,0.7331227660179138,0.6266657114028931,0.7005285620689392,0.9219730496406555,0.2278875708580017,-0.4739155173301697,0.9202038049697876,0.25,0.0,1.0,0.20000000298023224,0.6113159656524658,0.5296760201454163,0.9812723994255066
Z,1.0,0.0,0.0,0.0,0.0,0.44431543350219727,0.4719652533531189,0.5591050982475281,0.49370500445365906,0.9692208766937256,1.8688945770263672,0.7273020148277283,0.6408511400222778,0.6951045393943787,0.9072329998016357,0.24208702147006989,-0.48134833574295044,0.9420437216758728,0.25,0.0,1.0,0.20000000298023224,0.6108548045158386,0.5590095520019531,0.983038067817688
Z,1.0,0.0,0.0,0.0,0.0,0.4915766417980194,0.482653945684433,0.4995446801185608,0.4283188581466675,0.9546088576316833,1.888643741607666,0.6916252374649048,0.595453679561615,0.6661767959594727,0.9347929358482361,0.2637689709663391,-0.5206071734428406,0.9804823398590088,0.25,0.0,1.0,0.20000000298023224,0.6435622572898865,0.6209022402763367,0.9604748487472534
Z,1.0,0.0,0.0,0.0,0.0,0.48673146963119507,0.4747311770915985,0.4886804223060608,0.42398300766944885,0.9624578356742859,1.8931409120559692,0.7354508638381958,0.6170812845230103,0.6556075811386108,0.932073175907135,0.22706541419029236,-0.5269992351531982,0.9743947982788086,0.25,0.0,1.0,0.20000000298023224,0.6359811425209045,0.6321586966514587,0.9753201603889465
Z,1.0,0.0,0.0,0.0,0.0,0.4867081940174103,0.47442057728767395,0.49022209644317627,0.4243343770503998,0.9526352286338806,1.9002554416656494,0.7372666001319885,0.6047022342681885,0.6462705135345459,0.9490423798561096,0.2155672311782837,-0.5283913612365723,0.9847384095191956,0.25,0.0,1.0,0.20000000298023224,0.6428097486495972,0.6449800729751587,0.9721236824989319
Z,1.0,0.0,0.0,0.0,0.0,0.4437187612056732,0.497793048620224,0.5246403217315674,0.4369714558124542,0.8221891522407532,1.8040976524353027,0.6851539015769958,0.5924667716026306,0.5497713685035706,1.0034183263778687,0.156013622879982,-0.5197349190711975,0.9404018521308899,0.25,0.0,1.0,0.20000000298023224,0.6400226950645447,0.667898416519165,0.9078724384307861
Z,1.0,0.0,0.0,0.0,0.0,0.43839719891548157,0.4853453040122986,0.5278550386428833,0.43855926394462585,0.7723385691642761,1.7533847093582153,0.6949928998947144,0.601329505443573,0.5812918543815613,0.9959204196929932,0.10959164053201675,-0.5150505304336548,0.9284481406211853,0.25,0.0,1.0,0.20000000298023224,0.6051121354103088,0.6817514300346375,0.9077497720718384
Z,1.0,0.0,0.0,0.0,0.0,0.4688062369823456,0.47299066185951233,0.4829336702823639,0.39613693952560425,0.813201367855072,1.7353317737579346,0.7159739136695862,0.6114491820335388,0.601721465587616,0.9222625494003296,0.10295572131872177,-0.537247359752655,0.9749245047569275,0.25,0.0,1.0,0.20000000298023224,0.5816683173179626,0.6880077123641968,0.9161190986633301
Z,1.0,0.0,0.0,0.0,0.0,0.43700575828552246,0.4534325897693634,0.45036619901657104,0.3771474361419678,0.8610345125198364,1.8118338584899902,0.6682865619659424,0.5940561890602112,0.6130161881446838,0.9529812335968018,0.19535960257053375,-0.5462609529495239,0.8976016640663147,0.25,0.0,1.0,0.20000000298023224,0.6150410771369934,0.6769112348556519,0.9217981696128845
Z,1.0,0.0,0.0,0.0,0.0,0.4551454484462738,0.46117356419563293,0.4576639235019684,0.37855350971221924,0.8174464702606201,1.7967498302459717,0.7432734966278076,0.6982151865959167,0.6850992441177368,0.9795722365379333,0.07442887872457504,-0.5402575731277466,0.9111658334732056,0.25,0.0,1.0,0.20000000298023224,0.5710598230361938,0.6240196228027344,0.980834424495697
Z,1.0,0.0,0.0,0.0,0.0,0.45369601249694824,0.4780525863170624,0.553785502910614,0.4846631586551666,0.9328178763389587,1.8710395097732544,0.7105722427368164,0.6179975867271423,0.6673071980476379,0.9436492323875427,0.22306784987449646,-0.487262487411499,0.9494211673736572,0.25,0.0,1.0,0.20000000298023224,0.6207972168922424,0.5711179971694946,0.9667291641235352
Z,1.0,0.0,0.0,0.0,0.0,0.4246257245540619,0.4646757245063782,0.4356924593448639,0.5084779858589172,0.9609333872795105,1.8697596788406372,0.7357783913612366,0.6274413466453552,0.7013078331947327,0.9243221282958984,0.2270447015762329,-0.47504690289497375,0.9355905652046204,0.25,0.0,1.0,0.20000000298023224,0.6123380661010742,0.5352599620819092,0.9835718274116516
Z,1.0,0.0,0.0,0.0,0.0,0.42575350403785706,0.46642860770225525,0.4366300702095032,0.5039774179458618,0.9576506018638611,1.8648062944412231,0.7242878675460815,0.6219010949134827,0.7044848203659058,0.9230669140815735,0.23509134352207184,-0.47766029834747314,0.9368928074836731,0.25,0.0,1.0,0.20000000298023224,0.6162523627281189,0.5406726598739624,0.9788700342178345
Z,1.0,0.0,0.0,0.0,0.0,0.42471444606781006,0.46608462929725647,0.4342480003833771,0.5038440227508545,0.9612094163894653,1.874245047569275,0.7217161059379578,0.6134332418441772,0.7058707475662231,0.9295280575752258,0.24078889191150665,-0.4785654842853546,0.9288488030433655,0.25,0.0,1.0,0.20000000298023224,0.6267219185829163,0.5489598512649536,0.9788162708282471
